PC1,PC2,PC3,PC4,PC5,PC6,Price
-1.7408861236868973,-0.10141657010727918,-0.10302951217814409,-1.1271516295396131,0.394525995324274,2.0769007155603316,103375.7614
0.7134709024759934,1.3516792034337064,0.9690965499323676,-1.4599139810544488,-1.1913936615046592,-0.364647767666594,316030.1699
2.775271476254436,-1.2124523027106902,-0.23743081758867993,-1.1971475738505193,-0.8627703450167581,-1.0657185720544073,333690.06
-0.3477406333028248,-0.18635678444865048,2.3460034722305605,-0.4025938708602856,0.01500556886650663,-0.8918727762692948,122305.3568
-0.5982254355463643,0.5592552402594934,1.3132990720585578,0.45951347898851924,0.1275032632311862,-0.32205230786180206,351798.8598
0.7553156974418805,-2.062998891529052,-0.5587500700020113,0.995620841122565,0.9472706586431534,1.2349225875488419,676922.4903
1.8803019362274696,0.7323476638297246,0.305302833169748,0.28451316989153796,-0.2851254228553811,-0.7660454680598151,277316.3525
-0.30784313339848485,1.6127961217797757,-0.2505629253001772,0.24551859809795495,0.810542877622653,0.2578786253925492,188922.9338
-2.1248158040336405,-1.3012467454310026,0.7959503323997233,-1.7700234815279743,0.5244421183892278,0.21629619133168598,191607.2181
-2.8067403011153305,0.5412687326671674,-1.2889780702603046,0.726598387648419,-0.07875914634655547,0.6720547248167031,180729.6457
-2.685932431500952,1.1196472407826934,0.21332920658831575,-0.6704878664178772,0.6238053636891673,0.9724694806330504,111788.6598
2.092082045564023,1.388809132936968,0.6545543822675761,-0.3506470194516693,-0.2161377243499411,-0.6799541896948732,198941.9264
-3.2191999737362846,-1.504247314138067,-2.7599961286949775,0.027477691831887533,0.13194819858237353,-0.2791447538318532,239464.1044
-1.1484785174644991,0.6560970012708838,-0.6731812658461376,-0.016104955359074975,-0.27377952891288515,-1.0580105974901477,222228.9304
-1.1112857758052805,0.5412127725923885,-0.7935996551272259,-1.8604756258211679,1.713774700660011,-1.0754495320498128,252241.3202
-0.25930122111414,0.3435128424224505,0.2754834987357563,-0.17760980338876522,-0.4323114260401283,-0.5613878427456751,155707.1319
-0.8288743693082989,0.43372554766486315,-0.4778711721564116,0.261591084934487,-1.2861468994816752,1.4413437623621006,160019.0332
1.1638306980457669,-0.05667364440756153,1.261751322398295,-1.4202142034836727,-0.8964171843646799,0.5202850600399906,421588.8578
-0.7745062097842107,0.5657513949343115,0.7728046438775668,-0.013166323340922746,0.414119481206618,-0.6900955535448003,152376.5716
-0.34688180519278766,-0.9779508116310798,0.27118091244360326,-1.220309467575116,0.5728231960092377,-0.9280091555758501,210733.5129
-0.5357266914411551,1.5145277744618881,-0.8145502433383907,0.16931959638302227,0.5171565737130951,0.37968804576163495,105041.6445
-0.2804947518900631,0.2851796352482762,-0.5709912125005527,1.6815383058128919,-1.1356031311410466,2.0024459968136643,216972.8449
0.961996422684974,-0.3379857675039804,1.5424692896972996,-1.3749390481142534,-0.3884951690436768,-0.6459688064765013,385041.5546
1.4372544133756555,-0.5069819542899939,0.27323189849769586,-1.2813028914188698,0.552069793087078,2.70305172238955,424385.0666
-0.18722646532840392,-1.5205036985615217,0.7739003690517969,-0.5773530738960876,-0.037752655307094665,-0.14566079704665455,335869.6815
0.3960831381719777,-1.376104603946781,-1.2464755856583327,-0.2394697246422575,-1.807862283545368,-1.2573214755437985,430556.8472
-0.2540518154301431,2.03237002399385,-0.45522274556260445,-0.1823837989061585,1.3231072809599722,-1.275616709726209,153297.265
0.3263672121172758,-0.09446685932306868,0.3790786441825871,-0.6798727954370106,0.7044889092333351,-0.13950945092245678,312456.8833
1.2895836797916427,-0.1653657911088478,-1.197242982131402,0.9841414926538574,0.6866004163647342,-0.9617983302629993,506890.4558
-0.7141822149125309,-1.4217320745901758,0.7334666854352526,-0.1793297336862305,-1.3220402953268902,-0.23980292445193782,390605.9215
-0.39544924489770633,-0.5579306294708509,-1.3748981751818004,1.0413509849325582,-0.6525984540492927,0.9658945225591733,430310.8257
3.1447121458721625,1.0667162423710828,-0.05749728167564554,0.9803513441022262,-0.7485450727052746,0.6135121164411398,769797.5161
-1.2886474360743285,0.4153036926029044,-0.5189557967408268,-1.0286920790576026,-1.4591070300679982,-0.5882101374879163,256978.3221
0.207718061307665,-0.3566321984761085,0.15994227054558888,-1.1372645829247863,0.9659309082068454,-0.5363018311659359,205562.6791
-0.25763575748545975,1.5159979954446876,0.1461422994132522,-0.7587971972883693,-0.1676693233571909,0.26373636188171207,318949.998
-0.8622427701022121,-1.607383014027966,-0.5336599517485062,-2.1017503636913597,0.4045020516795421,0.3757746797616839,167546.7668
0.3031063747274392,-1.7672297271747162,-0.5315692565166386,-0.14074065106589673,0.44159863184957976,0.08688309373484705,274558.259
-0.06162617755019429,1.2766278600422596,0.7099749473907999,0.33798906859634514,-0.7316981670770176,-0.5157904048486607,122660.0682
3.1091459302398023,0.8136496925737151,-0.46400151268088474,1.19419193516371,-1.7894305773403898,-0.6008693018625928,654180.6485
0.34633243371171146,-0.5621564354081122,1.038949950041997,-1.224767952264408,-0.6381913500152068,-0.654512430379452,121486.5873
0.25401668063355576,-0.3335206274342539,0.6530500684496142,0.3601387347768841,0.9125959113947618,0.14238054731432712,279893.0825
-0.1420789386213766,-2.1080593389076525,-1.452304121693595,-0.13451113978523527,-0.7421689151475637,1.635866133535204,410816.4987
-0.052605857028632935,0.030611377019634668,-0.7341545396207898,1.5327753816814806,0.5472925003596953,2.7630053253886793,490495.3436
1.3194717116258143,-0.23948118796943493,0.5011458601644039,0.23629741820704375,-0.4433108569517066,0.22448765365955656,399436.5842
0.06035314314111468,-1.0500008257187947,-0.3882194410354943,-1.9575120434036906,-0.3521287651185672,-0.5435962675848336,206029.5987
-2.139308807362949,-1.3428047686446605,0.5399066475203746,-0.21109828070430597,1.2928698155804643,1.0837550438205186,222198.5451
-0.6926986394131792,-1.4056941966062384,-0.8386334544647333,-0.4046008660247309,0.749538288692737,-1.316151030985132,273015.0238
1.1050492959927236,1.3417989198312035,-0.24944306944344208,1.0863377568553358,-1.132917193595894,0.1299402545929167,248308.2316
0.6520335041309494,1.0485628119727857,0.4373637135101546,-0.15753664368513143,-0.5988258323982243,-0.14910152015859124,353108.2819
-1.1064332921811,0.12079149332287133,0.7655602711406357,0.8420308138181074,-0.6587564786031241,0.06565930990740933,353173.3423
1.5020599912486923,-0.5638347231202302,0.5802980677671082,-1.3631157792657402,-0.11813315914221464,0.030431814918359987,244280.9675
-1.2826156117505785,-0.17969626235541644,-1.361819101448765,-1.2467436365008688,0.3114034369185991,-1.2259178692977883,191113.1065
-1.1482915101042956,0.8550799148285183,0.4555356059887482,0.7790450546562672,0.1045772989055184,-1.8220727885877601,277617.8096
2.249659967235713,1.188646073730405,-1.1118311852671796,-0.5411728185032963,-1.0779035849428111,-0.8394469455474369,521223.2561
-1.841837919767473,1.9835709003768087,0.2266476686574852,-0.45053568634324,-2.065002036545526,-0.26985323572493214,103947.6295
-2.895237502627904,0.3602827300044057,-0.4865172207350464,0.5563004259356578,1.1710070421170684,0.24072822373980904,171418.0448
0.8750133437540155,0.43121827227286397,-0.3809546311059519,-0.1539249237249151,0.060700483697639404,-0.7700446573708257,275311.908
-0.08503519275022886,-0.31650190558023816,1.8986378951827194,-0.36039844435825297,-1.7545881188895336,1.41272081599434,333708.0442
-1.8712757724299316,1.5531634964252303,-0.7427655748715889,-1.577161603292485,0.7250670023593978,0.9471592301337927,306202.9736
-1.3610181671352828,-2.6347184520066618,-0.9459280452104643,-0.05969514654419288,0.9830567769232319,0.7189439972898041,180247.7314
-0.43165766556801277,-0.7866847804918139,-1.0177365159083944,1.4088084388330608,-0.354999040047044,2.4969972279175954,397236.8931
0.4676355198414006,1.484793242116212,0.9296993868751211,0.37891698134232843,1.1085964555725263,1.237267275537849,160304.1753
0.8865425220763663,0.4681912361008265,-2.239565678587957,1.652472505001117,0.635769165550118,0.23583951259992494,682875.7818
0.5596176090411482,0.05451989529607877,0.8968586907807752,-1.448992364962351,-0.7727050189629885,-0.37048239672054806,393215.7564
-0.7605668552322749,0.19035047468725394,-0.008945188404462604,-0.2968323597217848,0.6516178545181618,-0.05092611773675623,166673.7965
0.6336329806393012,0.07351911771070321,-0.39938606592825343,1.3659210747713695,0.461043417554157,-1.0197365854197689,630994.2869
-0.017369177407222654,-1.4094492315893914,2.129262101295998,0.13313050354767975,-0.20959133007558725,0.19307930153348926,360053.6851
0.7832808040559692,0.23709077459375344,-0.07430547677456334,-1.09750613294177,-0.9359099360814847,0.9547367821659878,478799.9918
-0.5447050172169892,-0.3147413140805839,1.0760164387880282,0.013552104960104968,0.25902608591066656,-0.8754065618096926,230289.9546
-1.4850542239094582,1.2745984837662725,-0.22836902276979734,-1.7853475450424672,1.3322735284766627,0.16630147782491528,307315.345
-0.6370775879650384,1.8134385121442027,-0.3122490510466253,0.1840871663099795,0.26482168609321977,-1.761106173554482,528618.8707
-1.589969978313257,-0.22126024392167776,2.0479575953020612,1.2813235817933053,0.5829757187387201,0.495821430015156,98378.32224
-0.5113698649290288,-1.0118323109950973,-1.6023730808062833,0.9125969636661972,-0.8024370650378413,-0.4181402964433593,692732.5812
0.5763919719628358,1.070596924835243,-1.315986719968963,-1.07231481904495,1.1429030799913211,-0.16881991291188103,422653.6677
1.5808933998346348,-0.005720782351537082,-0.589243666017525,0.9834737076013628,3.4175822639422604,-0.904120971398372,606809.1906
-0.38961667630681707,0.032653320311491936,-0.7852892961916647,-1.0150029049055849,0.15256807429311625,-0.338590380083731,257544.0629
0.3329330644356769,0.03304338810629445,-0.4266823180646327,0.6965723462367642,-0.7479497014077101,-0.5835591972783353,334199.9353
-0.559268469885951,2.103386259417349,-0.6409703623646625,-0.1653273246008873,-1.0575920902361056,0.2515786588097146,284255.1623
-2.703580325304686,-0.19324572088570463,0.4623912502598637,-0.7425226787902874,0.24390068689967376,0.49871080144398033,108250.9154
-0.4411194525425304,0.9332112674023714,1.8121125276483943,-0.9742864376182669,1.0122563858114197,-0.12542553849079424,138047.5627
-1.2182482655239748,-1.6246645684091194,-0.28929848016143633,0.11410840759020233,-0.19901207927114012,0.5303719671530204,234564.8609
-1.291500790854983,1.1966284412651622,1.1751794478396367,2.0781430844214186,-0.24775313699197057,-0.8317130464907656,252944.9569
-0.12016593949692289,0.6562972342424903,-1.7207915204391646,2.034828042470068,-1.0077969429459535,0.20702825668605895,170641.265
2.3196052202805864,0.4265300166895609,-1.2853934862271432,0.9087892667128367,-0.7976887608126298,-0.7950689874841804,455997.1118
4.527691618142477,-0.23407515001556292,-0.5717574255443345,-0.3840354314982137,0.6595179273402203,-0.854641943670423,779931.8759
-0.22690465066057397,-3.1688155700855574,-0.5069109932823688,-0.9249952588145625,0.6727725627795729,-1.3858553859001927,211883.045
2.2210389721237673,-1.7532560592183133,0.10723952972519199,-0.49852473204768455,0.12352814475723356,0.03871400557746996,370207.3866
0.11178927092645785,-1.3108237334072839,1.2789871283077014,-2.026124586309122,0.0394120100073483,-0.04993982027563173,235334.2782
-1.1414749062622966,0.6231741196630372,0.22258974784357854,-0.5889059266791485,-1.243589560796389,-0.8618477069114431,207397.7233
0.3331970069908424,-1.085337908287004,-0.6318622461009322,1.2103695954854488,-0.8293691739526402,-0.612969731118002,633005.2522
1.5755980223589856,-0.06910419842463138,-0.6355091453562117,0.6312766200779147,0.40996428298468274,-1.6091152797295782,646806.3598
0.06901065990284895,-0.9389929205427939,0.19461248707799336,-0.5561394121346672,0.8914784076344346,1.025187592784752,220143.6872
-2.3359303631142776,0.7887514400057739,-0.5828072544992463,1.2967291490442436,1.7203349117433457,-1.0583676771263608,224349.0624
-0.5465565789482292,2.1590524817932604,1.162112972073019,-0.19039493878581296,1.5834394232486098,-0.43781131232447096,137212.5389
1.8448402732931988,0.6374318846039502,1.8032559301912823,-0.8523546781904976,1.5805515371612648,0.8101672707440287,254020.7906
0.6184258655914695,0.14396364546640672,-0.7272542499181555,1.105069623892835,0.2203213716048791,0.5438910482584428,216351.837
2.549051303634754,1.3486644772579108,0.29949826790856104,0.053107568269958556,-0.38714264660576597,0.2130618289863109,247083.9187
-0.7184019027009066,-0.9306370332081327,0.7217500159371044,-1.1860204729107313,-1.601924800669529,-0.3121012876123147,109758.7827
0.9531685964223546,1.211502356753566,0.8601894609024754,-1.5622830004486712,0.2165022851213251,-0.017117039700334263,146397.9284
-0.6230514790754712,2.370939299378778,-1.134388232426468,-0.8623447657479238,1.8390840537469564,0.02841138223111043,173722.5743
-0.8711719343377022,-0.8110117646112573,0.3815879147495706,-0.5734056581897373,0.2855781780088375,0.07042062172058587,204115.2013
0.7085262343811395,-1.0622550702126399,-0.14897423636498863,-0.18210358411219657,-0.7230124899193016,-0.03136556727959602,260976.6665
0.8499320715494727,0.8884383360556847,2.0223306033089448,2.419417147851416,-0.42441258732761117,-1.1296748461599964,395125.7018
1.6702070775998794,-1.0991235166350017,-1.8170863767256291,-1.5258085482288835,-0.8015481204269254,1.242921975773116,497692.5176
2.3054241352689897,-1.0848440823950734,1.4316347300805794,0.2688736340473887,-1.439524387437412,0.4282888545544182,535835.6644
-0.4989651821786101,2.0080121751514897,-1.6714103591058045,0.12348918227936792,-0.33596960505885776,0.3243508530061836,226768.2603
-0.3987981395167285,1.1534938795075733,0.1554590569655084,-0.4706470016155944,0.6093695957803661,-0.2523625073633821,310305.5598
-0.34100172786146926,0.5519776327525684,1.039412845002767,1.5378233657918021,1.5488092219488896,0.4161019412023275,276203.9201
0.6367597235913823,-0.32906446390504335,0.41507731164302364,0.27672559449532036,1.3178256133500774,-0.06613402719094479,331247.0143
0.09345171312075783,-0.5855268710514603,-0.5688727209825571,0.4771269437050314,-1.7938088912350074,0.9780390972947394,374402.1233
0.03814787103199195,-0.14431944269311342,-0.27130824546891613,0.03112196136558419,0.701031323331384,-0.448413215046232,259757.602
-1.460431668077884,0.4704607271938662,0.026626089129061465,-0.9043745476228185,0.9287228710070178,4.320092404564088,118735.8676
2.013314724107234,0.2772515035010128,0.6196571642929825,-0.7177625940697087,-0.5538945809156867,-0.2322560914690873,280920.0402
-0.2910737962598048,1.5804175690910722,-0.7339800849956373,1.4046115805749535,0.023570273210945337,-1.078938162365323,202463.8609
0.3057271205968253,-0.2528845514811114,0.6498992903435276,2.136014564616481,2.6169545823502958,-0.7678800405278237,543193.7648
0.47544627260065525,-0.9691919381227173,0.6989158065325967,2.487195150391944,-0.5345574465274298,-0.7478641189769158,410357.2197
-0.636803296591216,0.38230589338581544,-1.6805055661541861,-0.6074555724992726,-0.845978948945758,0.5411572746376234,173809.6441
-0.4933021358492802,-0.38234001794834416,0.3128345779694391,-0.006704270155164671,0.051275359558896505,-0.4318478626720239,217171.6912
1.5242801357322224,-1.779249737686785,0.22738024126684334,0.1330877458690673,-1.5846012026636835,-1.8294033620753305,389877.9007
0.18958033613220712,-0.09136359930014797,2.6027034379596072,-0.2619789713199408,-1.0476860687146587,-0.7462364673542078,208419.3752
1.34374594497646,0.9428734852463535,-0.9724435671185612,0.2569778049632872,-0.8353006025964675,-0.9100132969823245,370495.3218
-2.4503800210462874,-0.7113970186540284,-0.7606778730390263,-0.461519980334371,-0.9027370453127902,-0.4879413541258976,103212.0744
-2.0758234164856613,-1.7600996940149674,0.43894290182600676,-0.5079731346564098,0.2922612303562316,1.8619895546360095,127574.0886
0.33259909801999465,1.6815739319233416,0.48453057733652377,-1.7196708114003896,2.0575438836818813,-1.4853168800192411,166450.4353
0.5722879548994153,0.666892744986693,-1.2891340763450525,2.1480827400805267,0.6047616486962436,0.4247971510954098,309631.4746
0.15848390596961637,-1.448141222426716,1.7912327032112254,-0.6607852437444469,1.7185630712444864,1.3338410613969613,196204.535
0.011868929789482365,-0.34642911326876014,0.7916722140784282,-0.570887146263786,-0.3157498694964112,0.055074001349011144,249538.9243
3.8299522003742155,0.0048604789856921266,0.5563885649621488,-0.3332136240737223,1.1674806973839558,-0.7258341890451153,799996.2481
0.8205158007583065,-0.9971737380918221,0.7896893980379386,0.8707747542473454,-0.3095541911461533,-1.6106809860491342,544763.5776
1.355433949111453,1.1016587161808233,-2.525368366938332,0.9742341618294829,-2.1135554708528748,1.0227555923204517,312296.6703
-1.6995193703560239,-0.8135614632325283,-0.3355721991809992,-2.4017086604042728,-1.451709897369898,0.2001871853867248,164903.4879
-0.9887301954767239,-0.3498623500385164,1.4280956390652326,-0.9492503824227239,-1.03161689711838,-0.5956682566503647,182897.1964
-0.45149363240801,-1.6232920848395653,-1.019551826471925,0.19062793809869394,-0.21684403490714269,1.8291630695395127,375795.8439
-2.079464264035616,0.025273663473755915,1.6912125702619694,-0.07549726893178788,0.5837481228232863,-0.26541550243799333,150830.2384
-1.4450177227303722,1.9306235519188686,1.6627143932778203,0.07515724448637662,0.3568410610253705,0.512333403509039,98879.35132
-0.442776158411503,0.7982741589529914,-1.4860118886789284,-0.2731633291253211,-0.40651761046122303,-1.8312274416973042,304631.685
0.45186511017321307,-0.9979601172810453,-1.8886056772245194,-0.13365208216105434,2.1642918821018866,0.9225174575103824,225726.3565
-2.071891925213243,1.603112768476462,-0.178749427968438,-0.16574803119247664,2.4900990992853758,2.3724130192104904,155684.9643
0.09189291533830073,2.2565053281740215,-3.07913816765335,-0.3166249864145863,-0.3867438675887112,-1.0050701278746519,299223.8467
-1.1672042188644023,-1.3025270956683044,-0.4517802917212954,0.45397420363471025,-0.715553112982236,-0.37669596898336016,415007.0335
-0.7437038049219132,1.8481209690823388,-0.3685896363900845,1.0012951652139959,0.655138859937815,0.24889492323619616,142240.2358
-0.029389852994204033,0.5002140285665919,1.1835786599468399,1.790295233085233,0.33849071386197777,-1.4753437412513208,374959.758
0.8857497340982077,0.4360376344726634,0.6964398828855686,-1.1006590300719943,-1.969749531481842,0.9252981616251349,229519.262
1.4145992021531713,1.774758381106262,0.7597829113263677,0.23135718236625769,-1.3565371793535796,1.2350036045032264,255087.7075
1.6488314805507938,1.4326301818366507,1.3592374729972858,-0.1560562214751788,0.12784862462155192,-0.2619335764289518,379489.2465
-0.13566346750039773,0.4666964324281717,0.39802461261371563,-0.029361024861908554,-0.09739650436208216,0.04383483184596064,216757.3556
-1.1924234328049668,-0.8587819279617345,0.9624354927528546,-0.7164619640061448,0.39107902042519294,0.01568251044970732,160474.9654
0.0536569544425588,0.25432684054950555,0.5403122459279595,-0.427051780964269,-1.3229193552555532,0.05801477445794041,253375.0876
-0.48967838771928224,-0.46901552919223766,0.7344909696114655,-2.2300170818150225,-0.4589881500618955,-0.7627507853556916,254400.6244
-3.271330227398773,2.440092961178453,-1.858237503896068,1.1882477177009536,0.595760322915735,-0.37626813286945393,120748.6048
-0.1668298549192043,0.22746363534539232,-1.283667827275116,-0.23943241644362384,-1.0013876151053471,0.24269375852259972,210881.4665
1.9213597972328704,1.676245376854673,-0.07482529688428774,0.22278922185228808,2.8180877020773805,1.3581648382368694,308427.1324
2.3177567240213173,0.8362545692877439,-0.6906874989558367,-0.15356239815017267,-0.10078544380662101,0.38414915355752954,655324.1759
3.8834382264046083,-0.026270518190492784,-0.5062463326597264,0.623881419284289,-0.5168271609181447,0.8673238992561175,969059.6957
-0.5578829004095661,-1.034565067362008,-0.9294339783612156,-0.44445269172584323,-1.0332367579116768,0.45685460130803646,461748.4582
-0.8197762021839994,1.1070243417500323,-0.7871142922805243,1.1309411705270649,-1.2769756232576015,0.504430007124675,233971.9901
1.8938716096110066,-1.2615867303909094,-0.991315171955575,1.2113156481660636,-0.2669087376367851,-0.24338935218688504,748256.0279
2.500038847493162,1.2181239699455129,0.8354999496738643,-1.9890745303686925,0.2824460430985335,0.02069702365979986,227469.3042
0.38583578760367837,1.016021368841907,1.4137945635618703,1.6570566860668476,-0.13969954932045553,1.4271987805080213,319230.5488
-1.1028956576920215,-0.6247891495259688,0.7031858289034515,0.35185302058841433,0.0026316986398753103,-1.2731051411224628,136281.9799
-0.22295205406271906,-0.8190086735414758,0.7986507486012463,0.9487126335137255,0.2923420524629543,-0.08879576829686815,362981.6337
0.3640245616153207,-3.151377610094115,-0.1668972048820586,0.8319682585224597,-0.13414483494189672,-1.2841468653472856,284596.5952
0.3563001634740823,-0.6374655422578875,0.7076830494772769,0.23610589523023617,0.6734309158494972,-0.18583847540854456,241041.2506
-1.7293466008541156,0.04035808054483921,-0.4893168683288142,-0.602511876275127,-0.9254623329914115,-0.44378956209420783,149161.886
0.8356733537987457,0.7021225680981453,-0.6881292301796381,4.003083330074612,-1.2337516997540134,0.4304098270316482,276656.5065
-0.03630888330003891,-0.6059338499695359,-0.8927517169947436,-1.2169466751510007,-2.0000446825330136,0.017670410682464898,410697.6667
0.754584309172459,-1.0971483497992633,-1.5170887575748777,-0.173268182357416,0.7974484197583419,-1.320424320851301,353477.4283
-0.5305494696777074,-1.181169501988943,0.176682881258473,1.255621486683018,-0.38935751361017723,-1.51401511949484,356183.7097
2.903441812342229,-0.6369142210478412,-0.8965153632958542,0.10281523773143665,-1.918963645006923,-0.12717820823175593,798826.0426
-3.1922550762274096,0.844092195008631,0.004776299926265946,0.5046863778183017,0.14352845500163,0.08492363417232883,222852.3977
0.4550308307164413,1.0105042538856008,-0.9496737401791431,0.6766644223789094,-1.6715556466804868,-0.9135280074748251,249815.1871
0.6506791296614831,1.132640170863276,0.3641169283911067,-0.0533994164392636,-0.5360666561280737,0.6209114260370862,166987.0495
-1.6975969213452538,0.9277725066495379,0.313899776887651,-0.5105793616914737,-0.07473940410155501,0.050164533269248614,145718.0224
0.2550787578117787,-0.2834265775316015,0.06827804762896322,0.1139744451619739,-1.940621993705918,0.9196470285604178,217954.655
1.0647617757347456,0.7612609219156807,0.3628291144636063,0.10513954235370114,-0.5006545471898437,-0.5438967312390798,442071.1893
1.6773965800429131,0.6347743991012862,1.752158763933143,-0.7884301463932722,-1.5869885545109161,0.2635845542370051,319396.2929
0.38297753762782516,-2.5582514022661025,-0.41148045357441837,-0.3796573276106039,0.3494875685918952,-0.25106281841010625,404764.9182
4.909934390166562,-1.8710646786890743,-0.5083606465701433,-0.1448561406167092,-0.013500083088771278,-0.9042709078738466,720948.6752
-0.5600357192062728,0.9595976580862354,1.8069385929530084,0.31077202215432387,1.034212493441838,-0.7819877088457383,151561.3852
-0.5827132309860035,-0.06313510885047352,0.8084314769243678,-2.0473815390014556,0.13662016157783674,0.3798661449657542,129968.5095
0.9747468929693888,-1.6745190650176625,-0.023489754184643892,0.5168168014854605,0.5623165715894203,1.7905228736483016,280525.7092
0.6144640271404923,0.057959595295433194,-0.30549006096174786,0.22783065453441795,-0.7702319096779208,0.3069228409715355,358729.7227
1.8474612621386253,-0.2695551388087797,-0.5600991766148976,0.176294552860303,1.3566091391771595,-0.1346130622488269,704512.7722
3.2816457384510853,-0.5505092406235966,-1.2530719609738177,0.7390245392701211,0.9187994041675603,0.5298681572898226,470238.5325
-0.011346134753784713,0.18253990179716995,1.5410607776011638,0.26031758112085795,2.6727616910927194,-1.469341117876281,284396.0632
2.7286677709007696,1.5042110107339668,-1.226114492006067,0.5831400243340584,-0.6607177418266125,0.48673869066352704,455562.132
1.5191243994595784,-2.238870518703554,1.2412820227070935,-0.23562225213921145,-0.35727012449479256,1.0432980538738346,448231.5409
-0.19113307492296677,-0.03208344748677316,-0.9789605161020816,-0.5017533487708505,-1.3820358820219059,0.26009534639621307,261273.8014
-1.1043027714448643,-1.3780547754660204,0.6888161617713073,-1.4975617504537626,-0.9551674011263467,-0.6883324919484907,274343.871
0.05521800004689216,1.4298042441058005,0.08474602950055853,-1.1554712895226529,-0.29241797611708514,0.29105053662487923,354094.8412
0.032140836711246616,-0.6385891188773607,0.17574679401497273,-1.8059514073682055,1.3990495054260685,1.7057368715011507,110505.7101
-1.401453693877511,0.21252390088059603,-0.39968449840626075,-1.2644448553008791,-0.8881080377296307,0.5937040037599691,171977.7174
-0.7860190468568402,1.8452610392115838,-0.9082513021911202,-0.22009426470067653,-0.041640266165540986,-0.20034476573533147,178009.8491
-1.355538046828135,1.0144145601529555,-0.20149122292266278,-0.45184590432647986,-0.43819512373234776,-0.5238665409201628,130890.354
1.9855871901014503,-0.35222315110734986,0.30595046109446455,-0.7981691858909559,0.3723069133836292,-0.5564140699060801,271626.442
1.7015328381068018,-0.10878771736445028,1.389033776429335,0.8169142896319342,0.5679626133296994,-0.5126919398798347,249751.8563
-1.3064153971810926,2.1983865429183043,-0.6577332892376037,0.1365302312555936,-0.045069485520668855,1.5322559944418295,101762.9942
0.20543359137891523,1.1735911696508359,0.8810231127541165,-0.21247824536006382,-0.6477668817507278,-0.6107754497400251,401584.651
-0.9518263684540147,0.8582283431142044,-0.34785257258730207,0.13739531306822075,-1.1604334824321496,-0.6477347012896965,207601.5597
-0.9629692723022616,-0.11700441108342816,-0.9165793093162633,-1.495951154749232,-1.1176347048018858,0.541717221158618,165832.1784
2.2686187776714632,-0.7846977406518733,-0.6005767477207951,-0.2576975801224117,0.1963736709017671,-0.37756637306989765,370626.9651
-1.608547417531777,2.00277164741228,-0.2029033943577881,0.4570699772066168,-0.9176230496988507,-0.5877127075163354,229867.2818
2.3506773602428757,-0.8125187949519097,1.0780603474922077,-0.13304127034928498,-0.8743199317577143,-0.6233324804584344,261299.0612
-2.0273040947595007,0.30446990272475805,0.5111448563810677,0.542976850149377,0.30682493218359086,-1.0354392567995028,201083.057
0.8923990512037973,0.834235670621077,0.1513405444324304,-0.650521267063182,-0.2143735991176539,1.9171605619028675,289915.2581
2.814564876728433,-0.49286428361091195,0.8336212555740471,-0.5923214735970231,1.5116799586657388,-0.8813952775371129,500787.2489
0.05220889227628259,1.5434102199816893,0.37491552446771487,1.8162573669796414,1.3704173730012046,-0.8732593615455247,453167.7797
0.49615913315089305,-0.15416443635553825,0.17695443489738344,0.7837339583494509,0.17406403555429859,0.8677838998816859,468592.981
3.1916871222694185,-0.5546903037618898,0.20472458618363157,0.8421779493519088,-0.5703103399759396,-0.22087439625812358,643648.7488
1.1538106277090219,1.5123942277422138,-0.25277305541659095,0.00047353782027830167,-1.5720301879742367,0.8263769515552336,284846.2384
-2.9425370053287603,-0.37267491040967793,0.8750231991127535,-0.4744536424025517,1.7488476521629448,-1.8030583714023098,165266.5131
-0.9216846555929165,-1.9058774383619455,0.47125497989153525,0.0740752475052091,-0.07510330380207424,-0.4818519309320241,113423.8569
0.9387898437506337,0.23617339233857126,-1.154609432314572,1.969299584175976,-0.5962190488436355,0.05173609421776835,400906.5969
1.0161885865340772,-1.7314093807800264,-1.830687208244057,-1.0119658951726203,1.6959961239600987,-0.9304308647914252,390164.8623
-2.3570505952175824,-0.6544367695073757,0.26761072749531656,-0.9915493091522882,-0.1485343591410139,0.8542147336195751,187995.7479
0.14802522005250454,-1.2498066132050076,-0.08668299571705633,-0.8279517604661967,0.16738707539272724,1.1134939741800591,334882.4909
-1.5397649804767466,-0.30953924211070355,1.5938196484897136,-0.2744698884449065,0.07525937423614439,-0.5970374977973465,133991.8721
-2.359866138817293,-2.0350473718626527,-0.12162605241274434,-1.2506037372955614,-0.2176387966771286,0.9400718223337414,384299.924
0.06213534277154784,1.8194644422167274,-0.08224540968546219,-1.29895723393053,1.1231427131423606,0.636975183486118,173253.2882
-0.26346930925528117,0.10156644193491315,-1.5006752769826115,-0.021749733843377046,0.5978044955944575,-0.644906258542396,365160.8737
-0.3011384737428335,0.8254300799079024,1.163185384734419,-0.4831787663938299,0.0069873014157799465,0.39150598731016184,315110.2214
1.2118835446354757,-2.101002768892203,-0.5943683525888666,1.985914390323076,0.0761598514197569,0.933914150259167,544722.7857
-0.6691943279034464,-1.446367704773047,-0.2656426377954349,-1.344008989136146,-0.9767975126822589,0.03174418049565731,103024.6398
0.42275660975099827,-0.08596486344384256,0.16743171427358375,-0.9708202906151714,-0.2832558693616839,1.3468590482365355,236584.1873
-0.07405294987548013,-0.47604648483896606,0.4569072269560735,-0.7193519372108198,-0.556793853706914,0.7334189615089293,407629.4936
-0.10663426258661587,0.07400651550949344,0.5541428209264957,0.5502676238593998,-0.9800914111180782,2.5288769314360775,506388.8471
1.409921177047957,-0.5621563647096243,-1.7296589641804783,1.149191747032608,0.775348682229894,-1.1824830184892172,297285.8169
-1.74339380174552,-0.4264406344138132,-1.5509671035893895,-1.3798153977303071,-1.9700804547033353,0.14872378148994622,290957.0203
0.10636439844870534,0.18078719451678327,0.4889456760828001,-0.49053618119931947,-0.6886254393143315,0.09896014595572018,350479.6175
0.015237239758402852,0.06098392742122906,0.34093076148084195,-1.247337960442809,0.4071329295160296,-0.7937294761527245,179465.1961
0.9013512511839673,0.34006273989697827,0.8063846792514738,1.2430121577580522,-0.9221892191042231,-0.9957385564378366,510530.1082
0.5225653182025111,0.8827994465337635,0.3910083083345672,1.126563766939205,0.9812867230046866,-1.1392214833422443,447293.5671
-1.2156954893989067,0.6395572575091633,-0.40029793671542024,0.17057158191422706,-0.5601931184082212,0.14732485081458527,312074.1011
-1.194421612459394,-0.9519127483105417,-0.3031149536738447,0.684077149797165,0.6771267187111418,0.9048161538789911,143197.3936
-2.0503549942676345,2.734464550330171,0.42183345305594755,1.106123726815477,0.5805979499935169,0.9348003132161153,118334.6332
-1.0994948445483113,1.794864191608923,-2.315078660094644,-0.006749826082116918,0.8024645848419473,1.6661644778042297,99325.70034
-4.952462447300392,-0.6983745971713228,1.0391068964896364,1.5170125916118107,1.131415686897298,0.6117121849198586,104773.5017
0.04762239326827881,-0.3391812550910783,0.44149995133277914,-1.5513629051244815,1.4626759011259076,0.11738263472822605,236450.6019
-1.7945037158900334,-1.0770076982583106,0.5299374233184928,0.155374142605372,-0.134037127582384,-1.5516165309031462,163532.6969
1.7678394477883645,-0.8419444315470721,0.7978052433906901,1.2768376961964745,0.5019877666497216,-0.8541492860121832,452987.9875
1.217527439658505,-0.014266743733644604,0.895530953006716,-1.3530019819781907,-0.06128738999598466,1.0881886976716022,313470.0031
-1.060290372895239,-0.18963132092921917,-1.467119393728587,1.4741963821592865,-0.6696102873109108,-0.9433626957074942,380770.1555
1.4677728742233913,0.33581046743037485,-0.33608877172387724,1.308346275200089,1.2769769637052626,2.5199355887657244,411243.601
-3.4356132596108853,0.468017017878737,-1.851812428453073,0.7592591671891602,-1.3528568096242952,0.026292217880861418,256564.7699
0.07262884620362957,-0.03905291745484066,0.199725499794653,0.1147560524351119,-0.9115600784996534,0.5935150090624902,251183.1563
-1.3788685009073314,-0.10709127272286192,-0.42612355681343755,-2.4622410301959916,-0.007375795749007687,0.6073684212028363,155965.7046
-1.5345642562897874,0.775468067039722,-0.3596973403109921,0.6498857485778154,0.5407814342754232,-0.34048334396480123,180707.6909
0.11185285221290334,0.3844893438649894,-0.9551544143617645,0.16461986313465865,-1.4415589535394677,0.20287242224594862,206294.6469
-2.2692483080200767,0.037334180361910184,0.7636481744262642,-1.1067203778403973,-0.07185843948678983,0.0674701677879285,93883.51932
-0.1409384597457799,0.989802321285581,1.6435254438782416,-1.2262412227403938,-1.1617956611222697,-0.27361379540024827,172888.1978
-1.2192045286795932,-0.4380244718586033,-0.38178821292579956,-0.2446682115259654,-0.6129857026762675,0.6587543527770304,232326.4253
0.5226399498323779,0.46956253095870043,-0.3088530786137844,-1.3823728747597517,-0.027376468451222713,-0.23818888839965954,210467.5593
-0.8003440893593039,1.01290042359612,0.28993924212692157,0.057617184968872984,-1.8098586725945263,0.7003974614771371,237388.69
-1.5368819917580496,-0.7412881502910987,-1.466194635050088,2.083593686728479,-0.4374191489607172,0.6955665904232803,497529.3938
-1.3811334487493863,2.006605404382076,-1.418110807528621,-1.0188227570683315,-0.6264215640898507,-0.09208280553873047,137084.6115
-0.7032910743674405,-0.063125923500084,-0.44823707087833325,-0.5704694162772301,0.3402972740624978,0.7978836985728642,312374.5689
1.5340820161008895,-0.9401539992445003,0.21681613983590628,1.4273021359930442,-0.2957982683654897,-0.20860074912675405,530691.8255
-2.3589041536240387,0.8867477639306682,-0.6254823673461944,0.6755476072535129,1.0849260661807498,-0.9782648241044305,238569.6214
0.12938977822712125,-1.6698306222335215,1.3991291064305547,0.9542692159049916,-0.5701027538765068,-0.1328514320305597,272776.072
-1.8719966285165195,-1.168716667690859,0.46130253580374686,2.0700775858725406,-2.050329253775583,-0.5073596188848092,280135.5817
2.140821659092701,-0.25694911356857336,-0.37166508871364873,-0.8492555881301176,0.44028698409441924,-1.2201694832958774,574520.8943
-2.459613360515231,-0.11871997135053747,1.1401918121282053,-1.16526799032955,2.418897856579124,0.7148398836602308,162605.8875
-1.2769638890421773,1.7155409318787065,-0.5970398845003608,2.12929478774587,-1.8374978866108864,2.253279812743232,282254.4151
-0.6424103108453755,0.1511770254196116,-3.020087226926242,1.336435043097061,-1.6584911950109509,0.6605434591897973,523913.4523
1.3845480495899833,-0.8973115938087783,-0.6170136370861233,-0.9962784273490431,-0.11547434753722198,0.14436606613432496,268097.0147
1.360695459670622,-1.5235926077789796,-0.14567380488317125,-0.47476259290844725,0.39127557519177875,0.11067612208845297,330576.3618
-0.6631689260317798,0.28773712525355777,-0.1400783577333336,0.7354672174872128,-0.2830732876366173,-0.3594335489441532,262653.3923
-2.0929014614477106,-0.967328239867774,1.878306791002378,-1.1444844592520864,-0.5319156343701321,0.4011249441046708,162547.0472
1.7704460183496966,-0.6252015646294093,-2.0053677208145144,-0.7148792271116701,1.8771617215406984,-0.6226103440263993,274124.9918
-0.7677472944607724,-1.1336695500714373,-0.45699601199761625,-0.6458857133543406,0.9157421306463837,-0.8200671149846815,175680.1302
-0.21586918119927515,-1.3448593394819477,1.824199651815202,0.9083469712972908,-1.3325538965605477,1.6019778173040773,177882.2157
0.6513170211324172,-0.4414400673906142,-1.0260556643139789,-0.7844896284454117,-0.9984285845480896,1.1915207564318242,340979.9018
-2.749826932310981,-0.27535078469325774,0.07868343125972907,-0.7870602707579779,-1.047233497192437,-1.0146012750436897,111889.5615
-0.9367561914695123,0.65893617471434,-0.038325432164249155,1.0217569315808803,0.1560354537453703,0.9547763120051408,358367.7787
1.2319698777305752,-0.7519231366270646,-0.5207614713719589,-1.3585830120046969,0.8319765465582066,1.1254098949825229,265278.7319
-1.352533511735743,-0.9527539882824855,-1.1660182444844238,0.4635690516349133,-2.339219152934413,1.0209706860949805,323896.9028
1.494172435317112,-1.6413699691502486,0.25404947762339014,1.5031112488474954,1.3034682009824758,-0.8856298854904581,620197.351
0.5564467843225516,1.5160732026461607,0.41057647340206743,0.38879048421977047,-1.692724582362282,0.2644870803516011,134130.7502
0.9843680593235044,1.7615694418050247,1.2970219905445488,0.16427159724659507,0.44119630875770854,-0.2692897938603118,304931.3849
-1.573198765340966,-1.3254189980322388,-2.123594406503163,-0.4722502279970515,0.09752361529601679,0.5933175995388849,335756.0143
-0.7085766285224451,1.3341799672370087,2.147998015003459,0.9536978098336669,0.4842393951058244,-0.42243225109791743,372249.6346
0.6671529981309954,-0.9593073226630521,-2.0446321614024807,-0.46718836813051196,1.0104937349583238,-1.0541904312712571,520589.6866
0.6290672531234861,0.4260237619140275,0.21980342870529415,-0.9166047932684488,0.12816992883161724,0.41350445818359366,411343.6274
1.455593807729165,1.2605525619130313,0.2649095587908259,-1.0634343447948422,-1.3992027869625145,1.6697567132972577,571526.5617
-3.531188420330002,-1.1240434544422913,0.17267653073120873,1.3749629416609501,-0.5421936846597464,0.42261566658804367,245104.5692
-1.6089603508495234,0.8287688601250592,2.645857828790432,-0.09210656795960297,1.4995969246252927,0.17167306184555622,235613.132
-0.4318417095163383,-1.1106955887346859,0.7710778636950164,-0.8435082264271155,2.9171264253465568,-1.1527865365979915,108935.8619
1.8435601598488178,-2.206955253121361,0.15520728220623642,-0.8467031044839094,-1.0537976618493443,-0.6550793002988095,497908.5102
-0.6909306353390471,-1.7220370448264952,1.2382281874259542,-0.861750211604995,-0.17991022303331347,-0.43216209440743425,174200.3734
1.774575690175354,0.5780019815528841,-0.9718405892906435,-0.3712780786515841,0.4737746593216241,-0.9981420787246332,322341.8634
-1.6702036057032934,-1.9100009234395776,1.2579974713484057,-0.9228797221303956,-1.142322620833008,0.34921106575231764,145942.1369
-1.9618810639021391,-0.3923147869831736,-0.32796384079442253,-1.7407549725528322,0.7642301147019297,0.2658096413081175,118104.4673
-1.1495696112732345,1.9600128117626916,-2.1148611897231664,0.7055152488035255,-0.30882598778645987,-0.3791308905371618,412440.005
0.07483899263154782,1.8924908852627242,1.5169441580900833,0.754877069884645,0.6641604782208036,0.2381083228382438,238343.9376
-2.265439947413244,0.8881522463128131,-0.049771522223675514,0.15793599882813836,0.29113532052178903,-0.46255320138948436,122930.8342
0.1171296799369556,-1.6657065770321826,1.8252488516282956,1.216097174960441,-0.3424844341046398,-0.7180501399107709,246206.4743
-1.3002294362599736,2.3564790905526016,-1.3820448684602413,-0.46145836728226836,1.626855401992293,2.052363110792714,147760.8634
-0.8146943234664118,0.7270014304869302,1.4848277047323606,-0.9357629937772396,1.4755909425036573,-0.9580265498646876,165566.0579
-1.061810863064024,1.5471841387128227,-2.2156901286042348,-0.4059579996533862,-0.0454642236765174,0.30126098795119916,109258.2332
-0.43834459557401634,0.38395367471036057,0.6879621639664918,0.19019394876924406,0.7477623432883781,1.162314613227326,527307.9088
3.5338775334661543,-1.1703025401653329,0.02981558288351314,0.7042179710565275,-0.01431410144434782,-0.6476576939607108,780190.8628
-2.664681275512595,2.583810915598021,0.14978340352132216,0.45677572486448303,0.8554127472656771,-0.7188976565767656,157587.7771
-1.1330912883142283,0.46140309839378607,1.573542481671713,0.3715688362066031,1.166863416998034,-0.7021034888367527,235908.2389
-2.8276917179786616,0.5334217707181901,0.18098906700543282,-0.0995391328571193,-0.7950628844635812,0.7418323492723479,161223.6344
-0.12315056731213198,2.058413313273737,0.22673404222331964,0.0605936644549238,-0.5191434572115554,0.9520973768420528,201849.2072
-0.19209071856585008,0.7298607940182269,-0.014400384223426523,-1.8712986866249133,0.6966722889856254,0.31470029515662007,123104.0484
-0.18533169018021392,-0.5442990707331432,-0.3134476431871801,-1.5229156707449607,-0.44067327379697285,-0.10360719494532272,155727.5636
1.3031999560780105,2.010571261408778,-1.2245079559797627,1.1280271311774035,2.3383837651577,-1.3662920746016518,421368.8869
-2.432663106206861,-1.8387009404015762,-0.4190239074529669,0.7633684856243378,0.919610311859335,-1.1941131785281527,111529.805
0.09759232965992284,-0.5779907510015173,1.4145755199201493,-0.45573766048463843,0.27808772800828757,1.9909557387228645,565338.9769
-0.015299711800590877,-0.6420390406614801,-0.24830730653683394,0.3204669709006851,1.3972292493450311,-0.2596661717215618,363985.391
2.976225510063282,0.4668212462408853,-2.0953751683197295,0.4568857291466606,-0.11929264452199258,1.2469518111843807,733103.4288
1.376176841588928,0.6226409796663382,-0.18101312678834236,0.22102459743062838,2.475901868952712,4.46202237055284,316592.6204
0.4834791428190011,1.9810940826014478,0.692469043891563,-1.2949003405703776,-0.9682977319296845,-0.06499953002825001,172521.4329
0.0006019598292214163,1.9598656864433253,1.39942149510855,0.6641153800153459,0.8863300775504248,-0.9146851385005147,258308.4169
-2.3566718414976333,-0.4355675078981557,-0.013578992740285938,0.7142384450982975,-1.146899577352098,-0.45130547742519095,175781.7126
0.38700138688020963,-0.06504312199669837,0.7172784563421011,-1.502715987086624,0.26407281030241103,-0.007772474139519253,192044.4362
-0.860861207013363,1.2922129236657478,1.2529193130942735,-0.26946801946084464,0.184606831498413,-1.2832712398564439,193488.1005
0.296762280324019,0.9377048213777681,1.1007248518138777,1.228738876934005,-0.31058411405456443,-1.232797088016853,305813.1243
1.0892921645583222,0.41491058603774744,0.7709607418344167,-1.2993235311619902,1.156515966831432,2.3684630078360738,103436.2248
-1.4974768904508502,1.053814540997121,-1.3429553252924675,-1.4493889006441678,0.2647769243309787,3.2498083556553627,242450.3356
0.8393005565317158,0.3968665211638113,-1.2783909983550301,-0.8201661222247856,0.6475138445080516,-1.5661376040889694,675749.7362
0.5501764943042553,0.16381937295483462,0.9225316914004571,1.1006286843499034,0.73142013342803,3.2498415184086134,318126.9653
-0.5733480657109398,0.29855296219777055,-0.013176475594586177,-1.6940936905241393,-0.4051262713767276,0.4774882115256578,206316.8392
-0.020539681584161626,-0.1381166213425272,-0.6700672200220785,1.4804643735479308,-0.5079870008264697,-0.3580739816313097,397238.4498
-3.163302102089454,-0.0928129119398392,0.5465474611190034,-0.16259294958334375,1.0993054870175782,-1.2147349941924273,115156.9002
0.15707141766914776,1.6236097660646938,0.4767652371392811,2.4786054443267846,-0.5324192581389614,-1.0443630559676704,233534.837
1.7044849441721273,1.9816210502097624,-1.7598830114811497,-0.5481501936162576,0.13569740048899753,0.6864076337962833,265015.4048
0.3094651542222992,-0.8618992748408745,0.7151998282567138,1.587395823947089,-0.9259838596255919,-1.7129056350393703,542916.9681
2.5622213000036336,0.5483303294719077,-0.14954161782291725,-0.840714351113558,-1.3582882143782755,-0.32836783110647894,314737.1867
-0.7470759330679376,-1.8130458991864145,0.02237690075370965,-1.5209809105520231,-0.07489535182365771,0.10271508258495375,234433.7794
-0.6204436744483246,-0.9230798162986993,0.9108722548111908,1.2063133404829374,2.769418909790003,-1.8469625411471724,204687.7228
2.751942680647129,1.2040625290715585,-1.1070306863798454,0.40346229814110296,-0.31449763572709766,-0.031056288844761443,624004.5467
0.3260343237416503,-0.027233932832062914,2.1102144361950628,-0.981877309069484,-0.08827146248326724,-0.9290751838931526,192100.1045
-2.089935925351821,0.4039233036441892,0.2573365815890945,-1.6949606320117685,1.2613472502663914,-0.7954219816612422,220351.6395
3.862865501451464,0.08287255327338587,-0.02427891625838983,0.40922159925944407,-0.5120887862829232,-0.809401247135681,679097.4556
-3.065031554849431,2.4969377852411165,-0.9299245268568858,1.5739803476759497,0.8885656327895426,1.8469409335165334,205922.9258
-1.7700440770771455,-0.614865471206411,-0.8077241843581244,1.1825380940213894,0.6709307345780628,-1.446542446264395,145164.6243
-0.5542635867708317,-2.1470892100008823,1.0805741718982287,1.0421646732895695,0.5403937723202663,-0.022096561828283668,336955.922
0.829439776227951,0.15430828882531555,0.05460244803161883,-1.1374515695038376,0.015012537244058146,0.37306658233117335,466709.337
0.3243505441769073,-0.8993627015963158,-1.4867402094816082,-0.6680456493294559,0.6604073064866296,-0.8735069967568514,324337.8834
3.1203004093790843,-0.16877650536941977,-0.5909471752630777,0.150476292609079,0.8787796752775886,1.8226525334666015,445058.7417
-0.6860213663008589,-1.3479608655890336,0.784684641902259,1.0324719467897225,-0.6819574354167862,-0.11939212707712196,340097.7088
0.5454573945176402,-1.539648430974415,1.5117516716545907,-1.2169338842960193,-0.9162702433750674,-0.4643466593427893,257093.7751
1.3229946891934639,-0.919415644349894,0.7511660222482314,0.43575695186411845,-0.5449624679737834,0.6738107391485322,352999.1133
-2.315353541935645,2.964109028215822,1.1095562044145786,2.2062819582012594,0.1997898167291302,1.180539536234559,152467.1669
2.250770431256226,0.11639474342052487,2.112610513283571,1.822456807523408,1.6364381977817832,1.0902334538963754,511448.6747
-0.5909030428373587,1.3150320688679584,0.9085802897380838,-1.8046338946894587,0.5796812380349627,0.9891921071060634,248336.565
-1.7490389663831423,-0.16967925333222483,0.7099639869470773,0.45115552612119536,-0.46394437066761157,1.6028500609682228,155146.8993
-0.6327557697367536,0.8356756777369463,-1.2546744503900735,-0.9160532606658452,-1.3222752819305321,0.20248438505347033,177944.3403
1.4801600007750741,0.12711785451616447,1.032790897088996,0.43084277242001456,-1.7281622790182918,-0.0013971765079817736,277389.5276
0.0015623552113709213,0.3450311553477247,-0.27097162243791456,-0.31762901299311297,0.07446456830676243,-0.3618467506983153,126108.4073
0.8004605302384622,-2.143113207947846,0.654412604886357,0.01527229259155429,0.12172057151650055,-1.1519762252075627,405334.8917
-2.0320516067256054,0.6875836239082117,-0.622392889017295,1.3062259442339863,-1.137416098950223,0.45284644520875234,129571.1343
0.23671531469953128,-0.11746052322627819,-0.3651650460155513,0.061266363337862104,-1.19033662684048,-0.3000545105580658,503922.7306
1.3150623903133016,-0.3163725163650293,0.31072641654126104,1.662076718218488,0.21860929695225134,-0.02866952005067574,631038.2748
2.660971078497363,-1.6330459780138544,-1.3939550298351953,0.28344092324531195,-0.38452225431221904,0.06649195428065975,516799.3191
-1.8084130130248277,-0.5081891849212803,0.5206386872797677,0.8132095525718089,-1.1920293242725895,0.9736797133799022,142639.1425
-2.0167018941187735,-0.15885090150943065,-1.6284076281786186,0.8587662554777414,-1.8976638246989208,1.0454816297887775,202084.3426
1.960773207100131,1.472980304928588,-0.018311240268791946,0.33403268141636266,-1.9138671453206184,-0.10218635588769767,348991.4784
-1.4551458234859578,-1.0550626136137633,-0.08771479818494121,-0.14545663027619957,0.6341804707357658,-0.880855080173168,235364.9007
0.19803317590010067,0.8873726697493239,1.279370096870117,-0.546771482492541,0.2573205237856023,0.355653517631966,342576.4266
-0.9656755599259945,-0.04285523829687385,2.8342860644471566,0.4927356067587278,-0.7391299792304622,-0.54179960572757,184100.4687
2.1372090287188623,1.8721025479702385,0.4882513612300435,0.538953299357412,0.10073461385903525,0.6070917854407785,461983.6949
0.9721115141954874,1.1570890802715228,-0.8925334178978213,0.7039854437162698,0.7550200683301451,-0.23248204250361812,266465.0939
-0.1679852403138869,-0.31037240309043945,0.19969088357971068,-0.4748595557717521,-1.5272286187612962,0.18140685972255868,264687.482
-3.97746592396246,-0.8778136994663523,-0.41201264539037685,-0.9136397472069878,0.08809003637406886,-0.6131092044474257,203962.6062
-1.0503152666361693,0.8362259695100802,0.8317855685031226,0.7946670609217301,-0.21257735894527455,0.46239136639949585,241942.875
-2.3882351671229234,0.7268036387397087,-0.16490376963256226,0.5348510169749774,-0.7397041261572151,-0.6388008680952796,164491.9501
-1.4819475765234817,-1.509596945548077,-0.8860858242777822,-0.4190444837093959,-0.5958698733531966,-0.6562419007869352,135815.7113
0.19310741612405385,0.8634556072133622,-1.5116057383602197,-0.7865272611043026,-0.7706875524973243,0.9600059267154506,330861.4805
0.21072376378173305,-2.953922722227536,0.017350585670846238,-0.8101213608080532,-0.3591775184407297,-0.23630949546599583,387483.377
-3.366642128467424,-0.7614359793549325,-2.175546436232032,1.4050597051886526,-0.7953284500633224,-0.32874402249312773,252928.8126
2.701513672349092,-0.7242563685891329,-0.16492821894474122,-1.2918966072904736,1.1753725656581173,-1.0828118566443539,497905.6963
-1.1981730050025545,0.3373088760407339,-0.7893774669584747,1.1448106220607914,-1.4033061409020995,1.4709576703977587,551289.4411
-1.2779039700747565,-1.0577945302261842,0.36001233487052053,-0.4023176010680786,2.1864801282741695,1.4976566771192221,165425.0982
-0.31370044066691255,2.5479310204110197,-0.5750184059369913,2.388749894457058,-0.06536585362909492,2.2512735699876067,393815.2236
2.739360306078121,-1.0946850038087734,0.03505753009928772,-0.24314298219442865,0.7152499107127869,0.13070331844397073,646182.2465
-1.0001607323523505,-0.10897346064231406,0.7193529913702826,-0.2156834013583577,-0.4151279165731659,-0.127558732458017,296121.6951
-1.1404294388467016,-1.0948195467395854,0.428593733578996,1.117158599797447,0.46428567165549517,0.6803973226185669,432179.2694
-0.9917144374268847,-1.9224415532783956,0.49536055456133044,0.45909898874333915,0.521745225479309,-0.1340019180767998,401065.9409
-0.15836045429380194,0.7544633117162257,1.3302130173669724,-0.8008891449920158,0.4903021630346188,-1.1299210239884814,214089.6239
1.6463034669150132,-2.172704825552636,-0.3905570779960684,-0.8395039999700862,0.2807176054139002,-0.46904960024184766,407852.18
-0.07852183963214011,1.4659660826049008,-2.650944741145673,-0.07838950534651706,-0.7265984242812483,0.3220200527419532,405574.4351
-0.04730769551538482,-1.0986804686382188,0.5248767024898486,0.15632114801974958,-0.7132498358768282,0.947201065765123,129485.9721
-2.180268360157199,-1.4109402695562412,-1.8088326456032497,0.21329392649630252,0.27226236883467897,-0.02330471951508439,280418.7304
0.6528932358117661,1.3458357686686317,-1.0441881010653224,1.1520200608710434,1.2114791208259594,0.4418455009620432,323691.9893
-0.06250153778411738,-0.12084981078460658,0.011881630548363732,-1.1501810137980224,0.19553479909915789,0.022719426039048137,102580.7852
-2.044173699945955,1.6130427947330237,0.5582329320237415,-0.3235187851706236,1.2394071932876394,0.3005481953568646,107330.1073
0.15872249874884867,-0.23389320392818455,-1.1503177736092844,-0.20561512947680122,0.03859951595978395,0.30942737646937474,302811.6508
1.3813530281576871,-0.0004482100798717636,-1.0285146155653908,0.1635532648727176,-1.0770630386702282,0.33230382516161244,524598.9768
-1.441237803874274,1.0879740340228492,-0.5831564744815579,1.2909862696476064,1.3990673644116327,1.5567247857026374,154684.3011
-0.6215615834355781,-0.8073287989944264,0.24893310030506002,-0.6270620985750289,0.19851535387037025,0.10697598228271772,158109.1568
1.2258675806373724,-3.0794505027328056,-0.07812116959531905,0.6754469390881,0.3871675722270034,1.3834924611221262,369157.1951
0.785848809469428,0.957526423611581,0.9006214437638704,0.26399784748591965,1.2349392613163834,-1.1355960367892584,244766.5398
-2.0195353556195768,-0.18993619613813267,-0.42525979716316625,1.8564499993935257,-0.21816504379798168,-1.3758130915692368,169536.3962
-2.3470126416919075,-1.302755809271239,-0.35637247883383905,0.1945694872369167,-1.344705577164667,-0.4412591944346202,278642.1448
2.794765829798068,0.6869152770918442,-0.1066055065285309,-0.47548694642094014,2.0831197878497774,1.7493059636746238,423641.3572
0.9341019159022353,-0.8408524956266494,-1.1353859781241589,-1.4757669787530352,-0.4886005644687592,0.5851414942579206,354961.7707
0.47888399900186657,0.24069337379575717,-0.7328355613095815,0.7952312935589527,0.8416769544477968,-1.3129152912852575,244662.9562
-0.730881152084923,0.01598253535506134,-0.8188488974059889,1.2588929519451755,-0.4425720057302868,0.5302064094833807,343336.0697
-1.4239339105349005,0.0503255792476101,-0.9135296652058144,-0.08911186831815919,-1.880503728765941,1.1035319771133092,214297.0732
0.3472646066138795,0.23416507858401425,0.0031694321265881937,0.7085706879463102,-1.595514994099688,0.3499234530342764,266337.8745
-0.28920336807436847,-1.0309690445695587,0.8785226141707311,-1.542410300930038,0.9920413634843782,0.12949283906489048,244814.255
-0.2771463012817334,0.05092382516314534,-0.7918170091326499,0.9363684893903428,0.7872748361474582,0.8544343938948086,415681.7376
0.5103813283112913,-1.8796702883729253,1.2535048192358977,0.15750143199829134,-0.5382743924432708,-0.41217953754963105,521954.8921
0.12251840550488048,0.37156249262788316,0.764200176083799,1.3077343928617964,0.6454048955938317,-0.14299737700405424,283519.0624
2.0504606018051343,0.3738228183443903,0.04946004749962245,-0.7945952087960413,-0.42576618041192027,0.7715920665817345,343053.3563
2.5667516124291128,-1.8598915909140805,-0.33915366507435474,0.7704279740491558,0.28866434870725394,0.021025844062656215,623993.8792
-0.818675675426285,-0.7409582181873218,-0.4590101173881743,-1.7496733030402516,0.05168148318211453,0.04714872546679072,88580.3812
-1.0778354631017688,-0.7609867697041268,-1.2274595554884118,0.0686421526633588,-1.4561816170331965,-0.465692425592064,269536.7121
-1.0631854640654175,-0.12906470870841147,-1.3441124526485226,0.8397092700689931,-0.28243454536500023,-0.17459362245912705,229785.0799
-1.5226006962641807,1.8688287292450396,0.5203625136564809,1.235329924300042,0.1753117380740665,-0.6280580973902707,232594.7678
-0.4657277390472327,2.5420566785591756,-0.5082033989746126,0.5847197932257633,-0.9529055814549374,0.9567081657106008,327626.1061
1.5943942177649495,-0.3200768764710278,0.07417391595300826,-0.6950967024235346,0.3152136494390657,-0.030415064363835117,248086.4852
-2.5049670212261015,-1.042921544625494,0.11876595387503334,0.29248787172340196,-0.056244544088725604,-0.5295208017338026,168532.7932
-0.29775300590157466,-0.316593923997739,1.273710931434506,1.0000441769055703,-0.24460792001851842,-0.15426005249979596,240754.6703
-0.6341278093304522,-0.7550429523825797,0.7103101221050067,0.6397368828193711,-0.702047552783977,-0.4300236847472816,317898.9263
-0.8981336451516787,0.37803373804445944,-0.18513647554434645,-0.8526863557861944,-0.42276482356712747,-0.7904001392456083,251869.3825
1.7848400261538793,1.9642661712291454,2.3722505293116742,-0.4420320366741696,-0.5408410589006066,-0.8263204821964394,327448.2674
-0.9311099222944642,0.21213098521883722,-0.524228320786566,0.5949900461187386,0.14472634328516581,0.22351318896185954,149402.0683
-0.5300529271521208,1.2213307942003466,-0.1466800602951752,-1.308394795520437,-1.878134858043455,0.05050265099902251,182818.7408
1.452012355803637,-1.1301693722727348,-0.23162322738228558,0.9032629510724001,0.5256139716314358,2.0256740010314647,351747.2649
1.3926469074486183,-0.29139566846160814,1.1896579041196103,-1.2831353946497648,0.5809115447092528,-1.1851943469931048,214596.5987
2.9394515312280283,-0.007501918350161199,0.6773676716381407,0.7616917383657502,-1.1027565172250489,-0.0721408927337204,658461.7223
0.44970016092082077,0.155487274811429,-1.4210141721435676,2.459058998885708,-0.08165012952840046,-0.6113204300553511,492994.8442
0.9152522805286756,0.286257099394938,1.990737027572148,-0.7380646646548159,1.0772416300024164,0.29364098431437585,219968.9935
0.9437819063663494,-0.13742694119944207,1.2017223422273866,0.016826950473767147,-0.8284292758175775,0.5145076162201339,283743.8872
0.19731955981392943,0.4858177678708233,-0.3695914991508871,-0.12788924005085697,0.7927761339319669,-0.1504993757473549,303853.3608
0.1261229753650995,-1.778034791626378,2.1180998907799196,-1.287743329177302,0.2313765706525541,0.25469589150979466,252796.5789
0.8011286105534592,0.7077948019702927,0.2114897276009227,-1.0164996203885936,-1.2070760585993925,-0.12437318458582855,368824.7083
1.8683774642826112,-1.7864033427588695,0.48737172348031915,-0.6096956910985566,-0.03519882663959618,1.0019261566150177,419123.8418
0.2905911631382548,0.7132696455686123,1.1638316377911635,-1.351072144607105,1.351222188618452,-0.10004397798052327,187888.8282
-0.8101629271303362,-0.7653862527778277,-1.1936167527713408,0.6115586687432529,0.5374119307189187,-0.03195251866310956,356569.8677
-0.7695982033157274,0.03861945600441044,2.1221262245673804,0.26468954016012897,-0.837347869741034,0.33618947997561227,347052.8596
-0.6837812536976704,1.5227173718118132,-0.8837251155507682,1.2448171449496093,0.3643049812722977,-1.3037014867717083,189564.2486
0.592027421369264,-2.665718419772962,0.7512157025236037,-0.4728208927599896,0.3830222571165748,-0.8903913580153019,284318.2353
-0.23514734054608044,-1.119292672537584,0.4859786384114504,0.38981077489356386,-1.4042279785047396,0.5813267280154737,202859.3176
0.6026483802288332,-1.7492648882093915,0.06659321914903119,1.1494183310763233,0.2840841759552074,-1.959730591531091,361331.6827
1.084798295084731,-1.9407629020949475,0.8505306968002441,0.9877101871536336,-0.7580958539493196,0.5115879017624216,713993.1241
-1.8460690611040387,-0.7069658561935858,0.28022103234045065,0.9060157308647796,-1.1152485035666517,0.02881676483618024,191718.172
-0.8686724884670061,1.387582338858747,0.5937972379567494,0.1072245329688693,1.1631827024730699,0.157415645960193,229928.759
-0.6117543056935937,-0.2445772187785785,0.26984436132350886,-0.668700843797524,0.5716689480394663,-1.0728085328864243,150695.0969
0.8728568395279166,0.02224860276209571,-0.2378543876612893,0.31143966579294247,0.5055612402689292,-1.2160010023249388,336337.6459
-2.65085363921619,-2.275048003066444,1.2293513699517482,-0.8031708791177489,0.457068719434534,-3.006877495334527,344786.63
0.19877556046859798,0.2652301903771906,-0.40770175463409325,0.7172346805309232,0.7994852520694817,0.2580913089810908,280494.9248
1.618319486054064,-0.005039898777393453,1.4536297524419315,-1.1444271367818073,0.7087261172812185,1.1801476233672519,360491.2038
-0.06991843919424091,-0.3689899645368677,-0.6530280324865129,-0.272275565203896,-0.25971270873039626,-0.1385878672550129,300740.9772
1.8546906338127132,1.074973121148061,-0.12352413735469596,-1.2229615051744769,-0.4070399149512749,-0.5427267256421567,550091.5551
-1.1494773868801513,0.5638504278437199,1.0518174043586452,-1.1996402552397474,0.226445270515645,-0.0009810961120717853,236691.7614
-0.3280750277611462,0.570321457852053,-0.7192281543810153,-0.6069123042007063,0.33795841640882707,0.4492704317416267,123575.9347
-0.8539264466761455,0.38368953460785643,1.0908249659216183,0.27263083331257515,0.39262024160811876,-0.3362150990565019,260356.7383
-1.3339329675762666,-0.350299263021576,-0.6747505232486963,0.23622495590184364,-1.6280094204040034,-1.1941339141949385,323646.6032
-3.0616700123400356,0.28196927306446173,-2.0324040353995616,-1.212078610117695,1.0156072853565246,-1.1104845273530655,98622.30842
1.8687811934551175,0.3590748042242198,0.065363226172919,0.9713002975511916,-0.8337485715849857,-0.42886459748648753,652902.385
0.11851090417502969,-0.4400999453314397,-0.5724855718965325,0.07135402761909009,1.6135611412483732,1.4671043188837993,313766.7632
-3.3143434039302218,1.331939835537007,-0.776048698726253,1.2981893881390396,1.3202836020844364,-1.1096320328970126,190662.9313
0.7187053716657327,-1.0814025685021726,-1.4186721581273716,-1.5860599016605275,1.3741024213545194,-0.3781297718760905,485170.8378
-1.2743844414001395,0.8314899761652162,-1.0418798336197235,-0.01571435140546185,0.06406462922474988,0.010118521147519296,207331.9679
-0.8662222016246399,0.8879859149796905,1.488950443996764,-2.0448023988939785,-1.0729052906920078,0.6914184364205638,111298.1421
-0.5584585119663743,1.1932982717912202,-2.0739618218301032,-0.8822273724512673,-0.7805218556135409,-0.000994061131037414,169416.882
-1.5577924860381487,0.347580606816169,1.3298497025888947,-2.7127238852711693,0.26063009124893494,-1.0344713859722214,232506.3177
2.0810950379941513,-0.4575830245425634,-1.3987053155861746,-0.5289491706128298,0.9585055607194107,-0.8666562350204872,610064.7447
0.26239408860961577,2.1572135539240267,-0.4652851530428941,0.1635251148623399,-0.4619176976980096,0.5559718081379347,256123.2288
2.6401686191535485,-0.5296787766817327,-0.2814768137760241,1.5258895588653159,0.3480410376276497,0.26859559722789733,822630.8227
0.9132201421313629,0.9935283564548689,1.6644295447013004,-0.990381711786414,-1.531369039009722,0.9640467105048635,201575.1283
0.5363994730177029,-0.2761191138538031,-0.6878168327814294,-1.4234353784632972,-0.44231141287477804,0.327864265226364,319705.9149
1.2518480546083521,-1.661651848864121,0.6182631615778784,-0.8017370430267438,0.6309302435958655,1.238441761413978,509492.6003
1.6429817868736822,0.27736830161865067,0.6569159405747389,1.223537355563685,-0.4957067181042221,0.4819872928546064,295980.5785
-2.061256402462725,-0.2455282961829592,-0.5616579351259541,-2.0811265216204546,-0.8955234496634582,0.7472807504066602,113104.3844
-1.510667069395737,-0.27890146630732604,1.0565539071692918,0.5026672778133356,-0.011517621473450724,-0.813204149307348,120438.0192
-1.905580553635173,1.0512991686451452,0.21719384974097278,1.0454416045002408,1.572160858494957,-1.3837750801270698,345504.5387
-0.541862884705106,0.8206731144202888,0.7365565553226928,1.314470901925722,-1.22529645309682,-1.6534095268524331,110454.7642
-1.3136196267858484,0.8865620921338004,-1.064183881074198,-0.14480879893429205,1.652312680503049,-0.6118384201874215,119563.1348
3.8568278083369725,1.170956767102225,-0.2947131806876036,-0.5490058351198481,0.5830842239358319,0.12088516405745876,662675.9344
2.187092515155084,-1.3841815078166064,-1.7903906249367594,0.7809143975519521,-0.9846552898349417,-0.6272571634169737,586725.5921
-1.4459878380955486,1.253363073765537,0.38051140531646077,0.7920092318205587,-0.8412786772678071,-1.598035996317968,124414.6586
-5.177246200557842,-0.7282672307028714,1.0916735686120838,1.662366689281015,2.5671546623155868,2.9158884419063753,202946.7719
-0.2124889936806319,0.40060330568013475,0.09975490372491286,-0.5599966863736916,-0.3771659541773499,0.6411208286821415,294006.8647
-0.014136382421458885,0.7214895006831528,0.8388821026514931,-0.6215695797743498,-1.6975731763120383,1.299418788794648,251042.806
-1.0701938541699403,-0.1328941477466658,0.6856189745479245,-1.0063187677127345,1.062949755646633,0.6401687413761887,218754.4913
-1.204414556455706,2.391641567306457,0.436557746523718,-0.2685293214049802,-0.290186557704852,0.5185756165464848,122559.9246
1.7144759188678937,-0.6180702864868808,0.8818356853958594,-1.2775545368042458,-0.022056542804827474,0.31842705846561575,339351.4185
1.4331702777424489,-0.08811201465195057,0.6023225082806382,-0.7006814487539104,0.3275118324478345,-0.6159298635098329,504221.8113
0.14641829975421186,-0.08413860516393679,0.1383063494312886,1.0449663951340884,-1.3177571134652182,0.3724072930553113,361257.3895
3.1547210864582103,0.6927637491453431,0.19507905329223343,-1.278137294516405,0.47726486899110776,0.843226693778792,493629.1326
1.3512708627957735,-0.3251046397485795,-1.4108277045222188,2.86662382303292,-0.7820384300634611,0.5821261846826038,365843.4516
-0.5302389773738576,-0.21674281646817284,-0.06337670897314847,0.23541898137940334,-0.7921767719369716,-0.05995588479923644,248789.3322
-2.580843397355537,-0.4404841373296156,0.19998914078716715,-1.1656096093124322,-0.8447917543862105,0.7808530521977235,95067.28153
1.379112242706499,-0.3292183021678608,1.0426688285339236,-0.44572014010906186,0.7932328854974829,-0.9735664754697437,551047.2345
-1.4055211388595323,-2.2009804417161187,-0.020057991324723287,-1.0285836481813098,0.07399470760733128,-0.3596529882554973,93963.58358
1.3949414908505564,0.26630389064866455,-1.1700009145889596,-1.1183805916908909,-0.016926075148734822,0.4951201703232291,312594.3837
-2.19453001618382,-1.7200205288771793,-0.4070008039904417,-0.8633902688842094,-0.620480337707068,0.9069810360383328,244610.7551
-1.951493553564382,-1.7891960255184869,-0.688705713092088,0.6698214082392788,-1.2868356614637855,0.670744461422292,477219.5197
2.227769782804668,1.0597263959427048,-0.39537398022018416,-1.1839871927688208,0.3345758882742775,-0.6593209085898203,342939.5367
-1.5343583118831698,-0.5251707839145598,-1.028601771743607,-3.1308506138662304,-0.3456347220639794,0.015539819968010765,95856.1153
0.9952835751500198,-1.0586703410623668,-2.051018250952526,-0.029211497332747895,1.6567512585082556,-0.18795348275017637,541235.5038
-0.19801776760179846,0.42148758443240925,-1.328756816465135,2.0273281413493156,-1.1033455228518245,-0.15635639901152168,537982.891
-2.424602713325277,-0.00012647779091826388,0.10422833794794252,2.0640891758528688,-0.5270128374567876,0.33942878032017665,170808.2439
-0.5361213349011813,-0.6681445090853787,-0.5186525221948866,2.2673938513695306,0.5805896823087443,-0.13161040877107605,244009.9532
0.18866503708346008,-2.0984180472557306,-0.6395181456360494,-0.8750343755600166,1.2465145706761707,-0.07426976500199005,222140.2512
0.211157208073635,-0.9956895453060705,1.1558698065430255,0.7766482254066737,0.7859164032636373,-0.13056530263445001,254840.1404
-2.608600208305679,-0.33129910430437504,1.7239086325997535,-1.0803642370610163,0.4414076915552159,0.9085277694698016,98056.79277
1.6859779886930306,-2.2571487838620015,-0.10188957383477852,0.7085573109760823,0.8433581169066815,-0.2690461738941366,317672.2156
4.456718570257989,0.8949257786504461,-0.8289216908590566,0.8354336930026919,1.0581731623417945,-0.7699113025672888,463689.7188
-0.08102693376052027,-1.4470088592339199,-0.7648868863974863,-1.7566566723070478,1.046674590434563,0.43804031775817437,195341.3991
2.5183720253512023,-0.8127630599861835,-0.04319548032731075,0.17920790991364396,-0.6580487158918612,-0.3449066725309651,474816.6255
-0.8530029260797931,0.05721416296392128,0.09787017317024703,0.7600737218080681,0.053342418546411044,-0.7547335059749906,446542.03
-1.3059470949455632,-1.8083838964224566,0.1408982610583523,0.17407304211582178,-0.703498233153999,-0.238132081271688,198672.4582
-0.8761493996651011,0.01284868260105943,0.4282965009626497,-1.7875617887852202,1.2119946193420865,0.036919539196511704,244504.4305
2.4143586146104026,1.555544955602724,0.11020063574257993,-1.1379172168611478,-0.18626749867851417,-0.13147700260600978,393259.0021
-2.1031715336335615,-0.7314199568666847,1.8649557204785456,-0.7468995578064385,0.42234238575327654,0.2700307923607523,248310.5492
0.5812119917644583,-0.28522143224239094,-0.3480912666768795,-1.1546324799824723,2.960476919284957,3.5692367631811526,175701.0941
-2.0743058272096433,-0.5266852877159137,-0.04262887245848973,-0.3239263570903117,0.8270594516262186,0.31827284328495303,204755.9384
-0.28267871851673154,0.6895764117310081,-0.05002556213917061,-2.104152023102055,0.4350428049585272,-0.07085963888524754,195416.5331
-1.7789949068513629,-1.646981083954105,-0.3105085385946119,-0.5155567698396745,-0.544973379819683,0.06807484777435382,135333.7626
0.5866010531723274,0.4431289099031161,-0.5859377893967769,-0.5435876277064395,-1.9802915480261503,-1.4839572026225967,254110.0525
-1.7367467145424347,-0.22256210370842658,-1.6554768923552847,-0.44286399260644344,0.494178247714388,-1.3427468118898704,187420.2746
1.0771972395009384,-0.3578364323670686,-1.4365239822879958,-0.5052281369965506,-0.5213557477991259,1.5107317290575708,383541.8907
2.6408475988227713,0.09696516249156664,0.9629643941417281,0.6332647986918972,-0.5578952026058965,-0.5757521236504619,499542.613
0.23925708947162108,-0.05004149312261833,-1.8561218355017224,2.3774834549185786,-1.1978851480850417,0.04867252097454475,702265.437
2.283867506894612,-1.0120396643222118,-0.9104106445660922,1.0920846325973608,-1.4322722204434262,-0.595557880802086,591930.0137
-0.11091049225926417,-1.2590774624835601,0.27156558066347086,0.70424438464822,-0.6890827001556821,0.40851391367734885,230285.191
1.114946113488513,0.12320247022826658,0.09691199519546226,0.31855358611248935,-1.5997784994632513,1.050551571936166,272823.1207
-0.6297056043816248,-1.3152217731993237,1.3716502208232542,-1.207671746527505,-1.2902239574046552,-1.0382194866277719,249268.1619
1.3514468250540859,0.6475539120182007,-0.09323756216123694,-1.0329363080145817,-0.24006214330850528,-1.117660503990068,257438.9156
0.25425405672348533,-2.0052345073313225,-0.7865715151758533,1.8003471600694687,-1.6455767553831668,-0.021471193828519336,466401.4281
-1.3694381310090418,0.5386023353903332,0.09570060766598447,-1.2026295432122294,0.2725396578321682,-0.1628325062999187,146268.2679
-2.224513349286979,-1.064374564007893,1.1688133510469239,-0.06205163622833878,0.1285324499409382,-1.1654542109156363,201890.2908
0.7321980328387064,-1.5983945288391521,0.7434470346527043,-1.125863643339146,-1.1114409244383523,-0.18123046346236915,240045.8232
-0.8179360212885202,1.2321253901805171,0.6970045380468302,0.6870469872812245,1.832478783041647,-1.1080853916396618,339091.8612
-0.3252940143732414,-0.15662913279897078,0.9175616921972133,1.8566251659015518,-0.6831932293658664,0.7031107934005646,351210.4303
-0.05916610516615448,-0.6807647725838979,-0.15311268859318355,0.814033029089929,-0.881905486381512,0.4582809073226169,256372.5145
2.7482415739225408,0.49726193232321975,-1.3227164978984156,-0.810915341085777,0.18948565789750227,0.9707369215042142,618110.2488
-3.5003026620694535,-0.9143940904760406,-0.04054123857483896,-0.3335875647658345,0.0007098568163159294,0.9074633285068172,113299.4671
-0.27021532429554423,2.299473117155552,0.4130008634931913,-1.7745190308713576,1.7856691746305522,0.4983380369712715,240851.9783
-0.5288634740144719,-1.706900448385243,0.2603971651823682,-0.31612236893678014,-0.12410281043698741,0.6398025176169373,265397.8247
0.5992366384770909,0.6299397771914353,0.764740329730913,-2.1947735155145667,-0.8912288769164061,-0.679246749550806,322496.1499
-1.4066306738220467,0.20126205982191978,-1.0301436664961243,0.09680197470577466,-0.03621197759063411,0.0967824434521976,154546.2588
-0.18470811899341974,-1.6894012991435865,0.17186897962841122,0.15839180525212054,-1.6896613874386988,0.7462360964775233,355509.5762
0.7664098375919517,0.3097478017841583,0.4812314767387712,0.8929787062317955,-0.6227513418509955,-0.4379727873975262,479105.0217
3.066022990294545,-0.6435369818001451,0.525376413299768,-1.6855759223809208,1.1236224486848811,-0.35830494201991603,503702.0815
-0.3002255180610021,-0.6086464806963146,-0.22646039348195712,-1.1620193826917966,-0.5661777327733826,0.9115267537629147,400789.3699
2.3450601829450957,-0.06619932482136838,1.4579424490115596,-0.3355278791822424,-0.6627553560926073,0.960643795789829,416597.0363
0.07219953726293549,0.3472606869436077,0.7356842620855261,-0.4166360104099104,0.12018069404160227,-0.19148011058560535,321147.6717
0.9693160506512971,-0.15737984173133385,0.5281573129381637,1.9387098666731826,-0.8399931635716067,-0.7039827678772327,409672.2311
0.12145991457736909,1.0189047914702392,1.357986825180483,1.5684144485708555,-0.6591706309234755,-0.11082382508712789,463029.2579
1.7445546093949147,1.0213475889152508,0.7060687069593172,0.445880805417723,-0.43843228193505634,-0.33244230227487676,428899.4386
0.19301768301885594,0.6417154156477787,0.1394684707586895,-0.6557982706840003,-0.676192747802206,0.48776189193703745,314818.9064
1.6035212957851537,-2.2100119122590534,0.17180904531304736,1.0009761573474372,-0.9471324453988189,-0.17706167495201824,277255.8684
-1.567441647883963,-2.001447131611459,1.0291327376089028,-2.838769549963823,2.225866595647051,-0.14624512872226852,140842.3883
-2.610071475154607,-0.25860079725157115,-0.10209990195103365,-2.099466304930099,-0.6398639485024742,0.7497163304326717,109087.4478
0.33463113463791616,0.355145878811408,0.43820836234456184,-1.7082844328367037,0.6543391136823289,-1.010085860802144,269688.4728
-0.0980381773263211,-0.19077312083673872,-1.3099119645537205,0.2638979466897134,0.396053097562037,0.8536719446113613,215665.2148
0.8786406045009327,1.6765974540318662,-0.4452645799684004,0.9182583543126501,0.3658716403234184,-0.6532450023162276,469333.7639
-0.0976821712030952,1.5334427785964626,-0.0719283839657771,0.19804255912250604,-0.10652710747675383,0.5901003106478527,193712.9455
2.117978740065152,1.056589562474858,0.6432012793747757,0.3330873071070781,0.7046330776524492,1.9641971849357625,309141.3191
-2.5872798443094975,-2.0362252215329213,-0.6641016144278833,-0.860789077482501,0.6479582373337167,1.9252876165549049,220315.6302
0.5905738004190549,0.4657509245432719,-0.7278076408473244,-2.603026128698893,0.21044106198463816,-0.45226704202504386,103727.154
1.9362958701888369,0.926319954144499,0.7497543146431049,0.03447225306695223,0.7753108930141269,-0.7563235058069739,476261.3868
0.8422736980012102,1.0743567938045258,0.5224801002763727,-1.5650831938182856,-1.6115064353364503,1.2419517250358165,243722.0049
-1.4932852789318631,-0.721208994080832,-1.3292766964666622,-0.134238840999841,-1.5749956143453723,0.9514996238968826,157550.5442
0.6277706000853996,0.49380498170126985,0.10837915556211655,1.8509489165660291,-1.1411025721505506,1.557826430189733,449192.4444
1.1581348034606218,-1.1655955094863877,-0.9451860682559434,2.5210552632013723,-0.48488008822859263,-0.9442283449592451,273769.0828
0.7095785873790418,0.1909114574137483,0.11723844018107264,-0.10799674951752969,0.5667603090893348,0.7020959500787496,383798.3606
-0.8941073541841231,0.7197033955830252,0.06123804355460979,1.2754467050238936,-1.329927032095114,0.5276206085503907,172227.7567
-0.27799302621816574,0.3744061250369875,-1.9764992771551875,-0.5181335118654891,-1.9134483013871897,1.6891901620525525,275767.8705
1.2812902101174306,-1.460770572167079,0.6428339255296349,0.6008255210700632,0.8368590869030123,-1.481162993398626,420255.3959
-2.515179730853192,-0.6520658591321468,-1.794849861394087,-1.1937871401188862,-0.30914409691767136,-0.2190515196557856,92151.74651
1.617724493966437,1.2458963333512845,-1.1936857678464943,-0.18120128836929633,-0.23294592055867205,-0.6437263599944903,297714.1583
0.8894731704550597,-1.2733251373542074,1.4112721116802158,0.8488042296203007,0.28716890923292304,0.1722055466465518,465411.917
-1.9563957552418658,-0.6804951310505675,-0.2906456249903913,-0.2772409239381688,-0.9746622598153227,0.7641939963299156,234150.2392
-0.04792444236273258,0.45078336022450416,-0.2070810290127648,0.05597468567393523,-0.03744183922908371,-0.17777186662845507,257273.9223
-1.3031938530473732,0.0005189270169905526,-0.06928082879032828,-1.8437877557992264,0.2357026507182843,0.23865769896540648,97427.25678
2.338712464231553,1.3503117570331127,3.253669742612551,-0.2104586135052262,-0.8076258703384953,-0.05928508776116311,767721.1084
-0.6856513764218138,0.3680311527710447,-3.269518662762108,0.03201730774567896,-0.2736698625076907,-0.16730874063569845,320500.8382
0.4940113860256339,-0.8062995901684517,-0.7730800943723686,-1.4338031983365689,-1.5060057584434183,0.4468827190355822,312782.8059
1.5182154938271115,0.5774252588205125,-0.7067837137182036,0.16971506290416186,-0.7547431315150712,-0.3026040010892045,446075.8762
-2.126187123656417,-0.08748356420787498,1.0337821881573785,1.6858929177712634,0.40916927299991734,-0.3749070336227597,164309.6409
-2.5433558157654725,1.1923527844056483,-1.5138121967216427,1.2380180950770037,1.757853563323377,-1.2523913558911675,174452.5836
2.4139752254918587,-0.11882295960335837,1.3181300886490592,0.47763243655874116,-0.9633081755782773,-0.3806258748348141,516020.9028
-0.1467594338729005,1.2260910550062565,2.7953598849680192,2.194256024431702,0.6017594755717901,1.8766883178110447,202100.7793
1.0786741765263512,-1.2545343375462175,1.3197961285575106,-0.6122524369841347,-2.022102780810901,0.4544394707979651,473382.5348
0.2932896187821812,-0.11347312884317062,0.4258809671414265,-0.9471188063195598,-0.7521786500403924,1.2273559636948386,110864.4095
-0.5990283452574631,-0.08977839956171245,-1.7644742265820355,-0.8327121665417869,-0.8462810903903417,0.1185593239636573,327347.9656
1.2309199930618682,-0.20388526623723852,0.2644317465727296,-1.2119056345808512,-0.26689014097379127,1.6015483735420015,400944.4919
0.92642603984993,-0.7047476451672899,0.35681436803828853,-0.20575082609137632,0.06848701327876665,-0.8141449081988522,373346.7227
-3.253512907737253,-1.3502887450275842,0.9737538065558402,-1.157724933195356,0.4206581539347716,0.9426474282678763,196620.752
-1.7028331819107618,-0.5036782428794151,-0.6315457058681582,-0.7424625136947078,-0.4825869738747012,-0.378212928686254,154249.565
-0.521424601121164,2.543049113379277,0.2519636803788265,-0.7829387579636258,-1.3410936388076322,0.18015541827166887,218757.1645
-3.1228122292100733,2.054775154681181,0.5177257458122689,0.39433082065089714,0.32445256519107024,-0.09345547075017017,283028.7124
-1.3523808853183683,1.4761500105330667,0.41170162730092835,0.8112721368781654,-1.8329064236093098,0.10081989240920318,308120.0689
1.8115332925148497,0.6083436738985807,0.4921347039241071,0.5696704907552708,-1.9240441784308018,1.2092189944196632,377092.29
1.6821351144398473,0.7727929030042017,0.6892841478917859,-0.7055419321468879,0.9286178044817888,-0.44255099860344493,226944.7235
1.8876893342655607,1.04725847739369,0.24912714442157405,2.049480133496064,-0.06252721231876418,2.4142845207060457,498851.7088
0.3397986540408368,2.4618561960182723,-0.7313815727985766,0.6747537694259198,-0.07473212711485158,-0.7177639469871567,471721.7656
-2.070837225482566,1.153614521100812,-0.3767441908884139,0.2380784104440506,-2.419082211705258,-0.7126142057985883,340863.3536
0.781766950222365,1.139584431225549,-2.528131382383615,0.04763146652880019,0.05445740745309463,-0.23482135780622518,415436.8385
-0.1392573655390353,0.5368220498860027,-0.012401936277122867,0.6813754823883225,-0.7062888939783252,-1.4331141423438294,257606.4882
0.22553828216271254,-0.3355024454304828,0.04874530763802218,0.13154087569399708,0.7332266885091409,-0.377071556234621,153573.3276
-1.9814469696301873,-0.7054557839495301,-0.28612540955272464,-2.6891327129514853,-0.22014841270265972,-0.34168376314157967,201622.4738
-1.9915144598391206,0.01872539363217996,0.3434419259932692,0.5225797988614203,0.11526892602734597,-0.5544760841284319,324848.6239
1.901210087124972,0.0832739187931272,-0.2370710690666868,-0.832097220954075,0.6254737866478884,-0.22340777904540174,520671.8883
0.64856896620741,-0.9797265546094882,1.0385287545520017,1.303332326252534,-0.338114803610148,-0.0978427697557306,459045.6798
-2.074181433090805,-0.3486090820217939,-0.9326004630203873,-1.5822853359790525,-0.03797289820743478,-0.30045667145558813,181434.0593
-1.2952599186260185,1.0958424397518078,-0.6944297378025847,0.964856355863666,0.5682756238860622,1.4940991107517019,158116.3485
-3.7002336237227045,-1.3620782080904796,0.9250804740330746,0.1847614492917035,0.04907417710604905,0.9826998730229786,113935.0884
4.168245835228696,-0.7914112012389006,0.2027367669087292,-0.25297068960699354,0.08862230553765561,-0.353662275186286,452654.1891
0.1921804656499723,-0.95904632994369,0.4147414039159425,-0.4080853419614191,0.17877089844794086,-0.857626206542326,218601.7834
0.5965914850568228,1.489144621423121,1.889234297610949,-0.6751040369054605,-0.5232847409974741,0.42673902709443157,211649.1352
-2.8137411352615276,2.0680326309329176,-0.5262177004643072,2.263454519999959,-1.4502061851462826,0.3277933246351331,161330.406
-1.8997296195673659,-0.4309653228936831,-2.277809282495333,0.13191852317042535,-0.5346131748522682,-0.28681478598652616,324782.6328
-0.7910420930708271,-0.9634912695275323,-2.384136014286379,1.032270184234997,1.6377572898518742,1.9624869156990379,434970.7078
-0.4676185978819895,0.48134676586055614,0.08394408563493867,-0.5417999739048904,-1.8702463990578155,-1.0795504555164979,112980.7449
0.9530956317694679,1.3853653499686007,1.4911433684478115,1.011122216060227,-0.0950889011092808,0.09038371685504556,425157.08
-1.7443450660367106,-2.0065057813521734,0.01795707721926443,-0.7910401950799046,-1.2386805572288084,-0.23214801151127873,138602.8269
0.005256626417872922,-0.7018203513988295,0.8135318295808546,1.4330011440500805,1.7149124715491528,0.6122863541149884,168483.329
1.1589393947963835,1.5494502035790196,1.1913517743348976,-2.076939332275092,0.5629901325092495,-0.7577704701280266,230173.566
-2.577504862804398,1.9555339778355383,-0.3462310890256137,1.377338649429123,-0.46355497272950363,1.4557620841168581,156294.8951
0.3902859194829158,0.2725138241216821,-0.6016859747187051,-0.9270565491005106,1.2743460170244536,1.250274091411598,189162.786
0.19505263234490497,-0.306594676151051,-2.2455661771659714,0.621333182824722,-0.33611510720712917,3.1557337502004703,253476.2673
1.1776508500575826,1.3924446016189715,-0.018350689831375264,-0.5810727741344837,-0.3281865126650092,-0.2809821658013189,302975.6561
-1.0131542816682706,1.8763104282232692,0.5945369095835602,1.5094695314219462,0.1394451836042224,2.4532403001270153,247180.2754
1.121554610064137,1.461260207192755,-1.0502095827047628,0.40162632155734834,0.9424370058215312,-0.08469624513414621,255230.9738
-0.47379726777522096,1.8487346881444955,-0.03473966602641428,0.5019185577434393,0.14575029001206435,-2.254650119156351,371325.8584
-1.7051285208424718,0.8972286206925895,0.06415883786334717,1.1340477513253904,1.2193973580940338,-1.4235624955421353,146124.9394
-2.734787879523952,1.071340848314551,0.7205894024013715,0.6550711787763133,0.7744068166938572,1.941381484589156,104735.1932
-1.8428308406961507,0.5494222004272273,-0.8525523083869448,2.64798011013638,-0.31809669157445136,-0.6076974773451942,116907.4444
2.3604745345394034,0.4837520622983158,0.34331395795275704,0.7734374235591849,0.5393353048548912,0.3604962891492676,717578.6979
0.12525886930092694,-0.15267167432704004,1.9862054459649796,0.07347860230073375,-1.0771722698287942,-0.06434290983571138,432952.5713
-0.4912264980790062,0.6706217369353978,-1.6802480059770266,1.1332967264510763,1.0849000168545841,-0.6488438799448092,282253.0256
-0.65663396900932,-1.144573332579966,-0.6722719235210542,-1.096699048098087,0.265974792372089,0.34678762218736653,157531.1689
1.6832555817899493,0.9231775429547848,1.7098833578785861,-0.8703041527209683,-1.2317757766951474,-1.0115881544310585,492566.1352
-1.1840358041817187,1.616543737732032,-2.209352085337154,0.2359088042744477,0.3673285290789052,0.9739876148283199,206191.2904
0.8093883681971368,1.7656250580687167,0.6740999943498164,2.1255044246562873,0.9353262263179087,-0.8661363650482915,481402.8049
-0.581612692441774,0.598726318026856,-0.45338867992266746,-0.014237857280967539,-0.0935152708919668,-0.3176530455989026,165108.6084
2.856872226232964,-0.06219745742414832,0.5313072646901312,-0.7151166717120444,-1.249082221425797,0.5975689776446399,297382.5679
-0.3877136528409266,1.6129142420599025,-0.8398211219658024,0.9928363961986479,0.2877565799395479,-2.6547045866401415,262980.2794
-1.9974267670307393,-0.15970189639231241,0.15868770168865082,1.4721205087344618,1.7306311617391616,4.074434540629584,171613.4246
-1.913801976936769,-1.3066106157541144,-2.854739162768272,2.2713771570174726,0.3124351926410261,1.7481054130343985,106645.3587
4.01756828056424,0.8336492568159276,0.7608812892771181,0.0018512692558341078,-0.23492894894761257,-0.24368999680802111,469389.2362
-2.4815939569773984,-0.6688278183258285,-2.095905319857875,-0.32173834661110057,0.89769437301139,1.1833354281310808,97058.08872
0.32917415143805906,1.1862534273893584,0.1312206776919968,-0.44566240020721315,0.7882273033003908,0.12233780108477882,205937.7401
0.45572866176479465,1.4186949173388668,-0.736008468668594,0.5174648525495587,-0.7477380923885459,-0.584776855479589,376242.2191
0.23293476944726493,1.8379397012527918,-0.5321075737209302,0.22514117924279203,-0.957317669979223,0.44121045974954776,398689.0703
2.580385350976507,-0.08485044233367785,0.6178948126273963,0.5250941021438503,0.7738051837805081,-1.0272220943229242,369749.0723
-1.03312289315804,-0.4237461254821111,-1.8159081259025778,-0.17199724373496503,0.8639978102503196,0.22994120624014444,262871.0421
-3.0719330962432103,-1.3205611568876134,1.0859328250426248,0.2524463316428351,-0.41491257247637064,1.8445220795417685,290802.8624
1.711582932226914,-2.020326091463537,-0.04933825533574115,1.7126055812112249,0.07645023923642576,-0.13187871717805713,878270.4815
0.6663620171234728,-2.913844238880587,0.1992129570605765,-0.33549499761850865,-1.0592937686799822,0.7042888036777226,461560.2178
-1.5436648409577214,-0.8143830138863698,-0.6949909263598049,0.8220666688651462,0.37792386043417386,0.008397836097160162,324387.7875
0.3523746014183477,-1.2337612845515817,-0.9872171345064071,-1.1107112771099128,0.7614989855189698,-0.40222181789957273,191370.9394
0.4446302323875849,-2.135906627578942,0.5408262411547045,-1.8437830134322435,-0.12334263848837798,-0.967211252324761,228871.9721
1.7709425118010653,-0.11420866804856991,-0.6802555431039087,-1.6496108060257553,0.20108265636683573,-0.10748813399394877,413696.176
0.24410673483560386,1.0840758005449953,-0.6772726831314178,0.5762307280321626,0.25721102534201223,-0.6235992287811583,148852.0295
0.22153323465799166,-1.099126892511227,2.4333493054561486,1.5410732019946158,0.8549384179339136,-1.1057651343286778,607617.5735
0.273825616100894,0.8136052769548968,-2.5576129886402175,0.08233014300464532,-0.14485999369305427,0.4976161488999917,309475.7389
-0.204255975917564,-0.13419712614147858,1.9388021456843394,2.321236326615908,-0.7655401282681902,0.6992865315673686,290743.0373
-0.26717760591307244,-2.0354976414917636,-1.1815839776978272,0.8548035537202477,-0.7484213211488967,-0.8956933305921662,277934.3181
-2.990138671918443,-0.5287596327380106,1.9162499807558044,-0.7784458844135984,-0.9826191357727265,-0.5845903886069365,114524.9105
0.08560977546108765,-0.7353186516517172,0.37100136568636355,0.5147243465764845,-1.6539829237965937,0.8393076572622225,403001.0933
1.916486232727455,-1.3204688865394676,-0.9974608753882422,-1.0670703955456557,-0.6357320763314458,1.297685379455813,504229.4659
-1.9994273302381047,-0.8297011913297738,0.8366427122366515,-0.9037179979782316,-0.11228734318926688,0.15153532661353647,163575.4804
-3.0190123806646003,-0.7110909311064658,-0.35273939764180395,-0.27993718953159263,0.742355075555419,0.37799504529243755,153535.3657
-0.5583653220687357,-2.012513912571577,2.9095336425329745,0.39934031251499935,0.676166604347852,-0.2139897672505298,212943.7066
-0.03612608795159126,0.8457093644881847,0.1912659230106602,-0.4668689183345982,0.9211988699380133,-0.14291265582373333,277441.6937
-0.8666153304758004,-1.6681964737456656,0.6065992274961362,0.13744237317088562,-0.016078188688947018,0.7412451143789727,446406.9359
2.0789429981694645,-0.3625649888344462,0.22752281477795944,0.033713753710202604,1.3152838174327481,-0.00360281328577721,573920.1164
-0.46936959067088263,0.038494836222351475,1.1893608360618597,-0.23752841147665305,-1.7565078975503874,-1.318540761202332,189396.4227
1.2645284224362863,1.9990283058169902,1.613497181129984,-0.03504083490086592,1.4450013378078377,2.5275987741135983,441280.179
1.1369112970767439,-0.28955674239206725,0.2859609548603768,-1.5462897180967734,0.7815085736495822,0.5754509403825949,337640.8887
-1.337444553342696,-1.688901373414569,0.7926004774893161,-1.5842705308670273,-0.5596762657415421,-0.36992235236962284,98513.09269
1.6953712000595345,1.3117183382246311,1.8824161005606872,0.11053907593788481,-0.06853788221322406,2.7646874980274547,379212.9742
2.866208807231522,-0.7377601402021473,-0.34772535670695404,1.4127925533370058,0.3540549782590951,-0.41436899116844317,347345.675
1.1788781880243764,1.0425858720705976,-0.8441709190231227,1.0280457071682885,-1.3502187873208404,-0.09122467783250342,579785.4694
0.7681714758912195,-0.8677308330301753,1.4907183130375037,0.22851344857660466,0.28742666573238845,1.9546715576171878,257522.3403
-0.47807119575347723,0.2273493372870529,1.7603446969204668,-0.3806016612495237,0.2364175383334994,-0.41760382105510746,244850.0049
1.3603557822819485,1.8389290181242655,-0.6204930863003363,-0.9279767302363345,0.7751415456655717,0.3134843005833764,354263.9805
1.2460229203024706,-1.3831980719820318,0.8482191705074338,0.10368701734234946,0.6502743795305215,2.2591422397002434,475262.5456
0.4640712298610974,-0.12109108136104083,0.28930885075655244,-1.6602241171626932,-1.7265286596073692,0.07763876118187114,157501.3561
0.9083384322009369,1.0421287025908244,-0.5811822051003225,0.2031130673152739,-1.0296799789310533,1.325867287054852,327189.4572
-2.1239868126635306,1.8450045518724385,-1.3732723056912026,0.8547679870951904,-2.1270086998180706,0.7790300839253756,208975.1804
-0.6763245483317019,1.383892370839881,1.2061057407016056,1.1237683811936157,2.719536979108289,2.755743524699842,168431.4026
0.17967755340771702,-2.1834115401639753,-0.4106094332997838,-0.22521028931866607,1.5061363498079066,0.5179674656079285,421524.3866
0.8791145145976594,2.369670549546418,0.3777180632644839,-2.1070812630535096,0.7343423698451873,-1.1700038295636463,154990.6295
-0.35503838478787786,-0.024162759551898012,0.7789268806528946,0.10529614745093886,-0.5178480247545151,-0.48129520924173835,181631.6169
-1.6614125949502125,-1.2130101814106198,-2.6092008903126316,0.035371733916811705,-0.8029970021605028,0.957078185350655,145468.7412
-1.1741634144190864,-0.43699676248349795,0.024519036336292554,0.7953837961855124,-1.593253597952344,-0.10861144373970232,365322.3062
3.6803719524894793,1.3155445896938323,-0.8022153702262071,-0.6738739587306666,-0.14480300427010556,0.47022921128400913,508240.4454
0.024994630976802094,0.6365502709713596,0.18494446365666026,0.5644435716238526,1.8144528803507227,0.8671854075387665,297070.034
1.4902792041720767,0.464200042709831,0.7453404756314104,-0.12659470557064623,0.9409151438485336,-1.2561530933573744,454453.7197
-0.2938792964705549,0.10418764559627294,-0.4516138781747201,2.360033081801899,-1.7657686752775814,-0.2694796478058294,220849.5079
-0.6244335108978426,-0.31952985268856493,0.3155848382631576,-0.9387977434931754,-1.396896069307352,-0.4772401025109278,196117.0289
0.7612473331001878,1.0731870850284406,-0.26141073418688804,1.4029367185041444,-1.1915728166289565,-0.5315309243774637,300684.2367
1.851590880508912,1.9161510219285518,1.0460277977437535,-0.297313555313256,0.1395322560779626,-0.2713838191416704,298345.4482
-0.8459204113345329,0.7032546817751647,0.1522077000644946,2.098204630124947,-0.04885024812743738,1.7156345855776691,354524.7111
-1.3083074433479114,1.6974155737058514,0.0020918304458485085,-0.19890551084511318,0.736412752513677,0.025030605672278567,158471.7514
1.3339395624721129,-2.0409614549101187,1.064147223853999,1.5129773327088991,0.9557156836199735,-0.8311067680607577,369438.1439
-1.7406973437131656,-0.15439388171591917,1.6433925002456071,-0.10666947643513221,-1.0548340145584072,-0.2464858370903848,90122.38554
0.941171373788641,0.636044695090678,1.3289135211531147,-0.19537443400909402,0.020276309897826913,0.0617237256489374,326008.5763
0.5506529466499889,0.7334549417067046,1.0677060739021327,-0.7351630857813296,1.2885524570650904,1.090959448531193,225542.0184
-1.2063245712098558,0.18927589966104166,0.5156712682738196,1.045689670862863,-1.651170134396186,-0.825776463788455,206050.2198
-1.8216104491408682,1.273077266955498,-1.629872777137558,-0.8934166923341718,-0.6243767602485637,-0.5988287150302137,158839.4141
1.335044885185599,1.2705526087193295,-0.2556491975622595,0.3291970795922232,-0.594527380032827,-0.1002783387079113,413218.8644
-0.7936882864284124,-0.04234956692111088,0.4366658022319512,-0.9374024827719944,-1.487848364416808,0.09128994497591755,197193.796
-0.5489068504833553,0.37230711400990724,-1.1223598838770155,1.2546137014194785,-1.4121757174802463,-0.062300146142011174,273247.2535
-0.6462599691430221,1.70366876856242,1.2704066458118473,-0.44192104426656637,0.23676528430481994,0.38167163309045354,262492.94
-1.2440098401200155,-1.5818735515394329,-3.097216981815223,-0.1143927365400695,1.5334157222274842,-1.6138860322763124,562484.0227
2.6236451375775807,-0.21340672151537737,-0.17316917133708254,0.37376720164796684,-0.8326996888077278,0.9896399379622487,349391.2377
-0.7118701259707594,0.10900997912190799,-0.10098756527249025,-1.3975954634260985,-1.915091702380045,1.3917101200935857,159395.7219
-0.5755217289418777,2.0546396910656237,1.2028417723925768,0.8389187165161862,1.1679378977025774,0.5698038888434656,203564.234
-0.23811927254688828,-0.7818950966752722,-2.50558129954141,0.1400169083482754,0.08346266708569983,0.028956267250367047,354353.6387
-1.1687235902187179,0.7641616719469853,-0.07218906329481097,-0.044452069306595586,0.06577824376415813,-0.1112144878983836,161533.5785
2.2469429736666737,0.48816294297786184,0.5207339978718453,-0.1448094255027063,0.7480765659424081,-0.49209527747146903,283822.2283
-0.5435505542468216,-0.4908312485478151,-1.198347472511945,-0.15414354430691551,-0.9029663647946873,-0.5146303457496063,144490.858
-0.777520679796609,1.8435404528704387,-1.0622509024734867,-1.0978313242939737,-0.7206995535565331,-0.28290958578517883,182140.9594
2.307992224363638,-1.5992196305576332,-0.16197079446544937,-0.1097994058398863,0.8847947253733862,-1.331076707113992,459567.602
-0.16278957020542273,-2.8619082428988234,-0.25730531415313607,-1.1791511223264723,-0.20468129083310072,0.4735951071449352,279109.5484
-0.47266914783104996,-0.16782497658297685,0.9376481699087716,1.3145805627117713,-0.33143147547485546,-0.11499460535011664,363057.9952
0.614426324414933,0.10996016021012522,-0.9906947439746779,-1.51992536117599,0.7599844146099722,0.11137273239815106,300974.5539
1.7012781377158208,0.8012403348007732,0.8286180399899784,1.7455060915986051,-0.25678081105902334,-1.054040403345027,362917.3377
0.41181116524986355,-0.8033888961961929,-0.5619809697009347,-0.9400237885063508,-0.6493901654880881,-0.7032666487736429,343937.572
-1.1473772684455796,1.2794302831552118,0.44996255895079174,-0.7232153278711616,-1.2897988791065413,1.8545582461155983,258216.0685
0.16140697863327955,2.0829344081008134,0.772267092408339,-0.910078059214832,0.03429008068767064,-0.6222532759686954,91763.35075
-0.013580012517749618,0.919953488324861,-1.4836998440248839,-0.16436646555944356,-1.7719674150803817,-0.2884224532813101,380733.0623
1.3483059955438315,-0.35350850625781893,-0.019311665668153517,0.36177639662604705,0.7575398804038197,1.0780596289209954,650641.7431
0.8702497500329806,0.23387464291235793,-1.3721700572999243,-0.3632433697832354,-0.1506063118510238,-0.8423121663731762,303786.0932
-0.2163978953008158,1.7850809646932633,-0.3303338173772814,2.150324789451393,-0.13243594293872343,-0.0034381610498655213,344545.4984
0.2572218578264918,-0.09945659855900839,-0.40763942304773326,-1.0412218199114274,-0.8351062595580706,-0.8261355565899086,174760.7324
-0.053427552619204864,-1.4549098779957677,0.04130000640933435,1.558396122344433,-0.5525685130851636,-0.24240581987012705,251945.1802
0.7988048599836164,-0.993885527119649,0.7478317992552297,1.5105995868251003,-0.050559508117886585,-1.5834390479516294,644542.115
0.14816969371954875,-1.4584534366600967,-1.2431411348104893,1.8256160000372816,1.2993838430946416,-1.122153026823616,597377.9812
-2.395765001438215,0.47649026100090186,1.54504075033784,0.6085063641902211,2.8215131563021756,-0.5503994672708946,113867.704
-1.1856318635607421,-0.23617117846071195,-1.7307496749340363,-1.6809615995153135,2.632803940637549,-0.17777003878213435,300406.5819
0.0630688797321429,0.44063240496093337,-0.33480026696917947,1.4859281188899536,-0.7448829470606261,-0.39941838894456805,330090.5606
0.7007566023967018,-0.7559859798136356,0.009542353187399615,1.1962302777347378,-2.338391842066184,1.1393286116258565,318574.1442
1.6861124322326086,0.2295486188379188,0.6396103608956033,-0.5454219529814502,0.5332927264138475,3.884774497662888,238916.7137
-1.197752763714387,-0.5167932139845152,0.3890845702826801,1.2336142386811364,-0.10798032912927365,-0.781899135537397,193579.1699
0.1842237555570925,1.0469989383415543,0.4283006332414907,0.27984045626330056,-1.04451741471643,0.2470174151384735,341148.4504
-0.6192427515789953,-0.20460979635860724,-0.193558259165453,-1.2762810342305733,0.15977845830510923,1.220247830649617,321072.6461
0.7869802424910278,1.036246207822738,-0.34904215446084824,1.7793430575620022,-1.7570320266383275,-0.4701077010672254,381701.4755
-0.4919420234602952,0.5304598215427384,2.340546684345377,1.0955054900185,0.6484472088024492,0.4623953408761064,173670.6252
2.1670730623538987,0.7260339341998692,-0.9916568886552379,0.7554674096697456,-1.8346962615960245,-0.8710877212923137,461667.4612
0.33479226742565676,-2.5224645041234486,-0.1841282057243513,1.1824176029527012,1.8853716492710964,0.2349897445506919,295342.0273
-2.1311641908290513,-0.9222369640320014,-1.336757136254272,0.05300389130336017,-0.6396188712790197,0.18407788153552407,196765.808
-0.23521084271920015,-0.4649412073550285,0.08638403510487534,-0.6664802980545037,-0.006203847501147421,0.29645520322980423,260260.6374
-2.4949614007618495,-0.8131786450957061,-0.7073652660487186,-0.6052673186623114,-1.3093983268074325,0.7436110089541074,263931.7455
-2.058192014542219,0.5401306887077141,0.015732843007729824,0.13376489612388806,-0.4771652776885532,-0.3586240944127302,293232.5093
1.6052572451821912,0.9357247304607453,0.5294259142096602,-0.7202404712056188,-0.3655559722494914,-1.8736426940346507,218397.4733
0.9206858018921771,-0.5610765714259094,-0.435940465418939,0.01193895660751377,-1.4995561741566512,-0.6490928113930549,475850.3779
1.0920726685690925,-0.8684175529795317,0.24455239424411582,1.2033589296494036,-0.6970681886664677,1.0289102308268776,401135.7425
-0.6067042412337335,0.5002287177658717,0.6757315331542206,-1.132961092443781,0.022542333299292557,0.28845379087098466,113721.45
-1.2739344043742482,0.6358273033669386,0.7505316515415252,-1.8187919790033924,-0.6327937497654792,-0.43010421197899434,146057.4532
-0.21681971735468517,-1.247710445710363,1.1270179566474872,1.4195822598017112,1.9505767664768925,1.2564476018597373,340862.5578
-2.574535532824384,-0.29972157260816273,-0.12907161171277565,-1.2563000049612556,-0.44941523772229325,-0.0898465403690539,156453.1818
-2.1219191030009115,0.7302794769181029,1.5484292003053581,-0.12030215890417169,0.12176159031041045,1.7052429181009825,154177.1892
0.7622500746700441,1.533915266701035,0.38106874402742485,0.1614055207957624,-0.43094984137644865,0.8288504526606647,196785.7624
-1.7325750110078793,-2.0366796939691465,-0.5700872761411399,-0.4735354811792825,0.624318401640408,-0.7764628448559431,116731.4427
0.2143570137743953,0.42078532128506096,0.1351464183416323,0.09376126708839216,0.3416865777093263,0.06866396186244747,222404.4952
1.4839058166181947,-1.4074237760062789,-0.9969952146739568,2.254785157672588,0.19434894966478383,0.5965320397891114,535479.8648
-1.2181948631208521,1.1093742118859562,-0.0037143103754237916,-2.1601216166228188,0.9414969892310837,0.015292045054740584,181909.8306
1.4197671903827414,0.6426468934037437,2.2177026762691594,0.38656872875385684,-0.25335248361918844,-0.1902138859053867,415496.8971
-0.4714749995997177,0.12516972565310153,0.7194911558505558,0.19742565232066886,-1.1625217211134884,-0.4946174953017938,298185.2356
2.527391410345406,0.5977394328846616,-1.4602585497049703,0.21322160586474484,-1.0790440784606474,0.4537615440672642,421852.2768
1.4805318318808771,-1.749143031014302,0.20901987943312847,-0.22856376931022626,-1.4082951939020405,1.1791076698137701,473601.4141
-0.08558663109841903,0.2421729257075186,-0.7844976910684989,-0.9135110435366497,-0.8230871961270658,1.1706990927738428,334716.2929
-0.051427215030802026,-1.4262169798543447,-0.4734820595861567,1.1870387291499682,-1.019815179909021,-0.6756797524613349,575304.7083
3.551083992476266,-1.6301989579123135,-0.4543603138774082,0.7031321946157849,0.20619452476855726,-0.042838115271975445,477452.2338
-0.2776040606493991,0.9182803531031429,1.905448269381051,-0.9666764482329291,0.30983168527512506,-1.0011642462533465,153829.4032
1.036411527306012,0.493118004609062,0.38843581969711927,-0.7399418091028159,-1.417019511115709,0.3039810529571208,382171.5594
-2.9966998996180942,0.8960838007082272,-0.6891911242635094,-0.31281082219730844,-0.7955169593648225,-0.005724521403852204,118599.8402
2.523893143724908,-0.5673760031610869,0.4007549424652758,-0.5069648641852936,0.9044826675062588,-0.5281923868237085,575023.6845
-1.3136459018671331,-0.16025764836749998,-0.30873272619397807,-1.4120722173642868,0.337255324966622,-0.30397409208669857,248163.8659
0.19767572408901654,-0.21264274577235376,-2.2112262199772768,0.06215617549612561,-0.21887096085935065,-1.3114641360489496,268929.6573
-0.9413177064198748,-0.16803039475945503,0.22865310475339537,0.6777048339387161,-0.9202187592324124,1.5796756618243968,481639.5277
1.428497990420686,0.7494510757272866,0.63728725109932,-1.4858686598394903,-1.4327219459239489,-0.09006825260924799,160415.9956
-0.2654900552435286,0.5620285967935296,0.9436737421994299,-1.0001915454078651,1.3933582235245263,-0.39686446575012463,126134.1796
2.2582823905392155,-0.3566016406892786,0.6548139091886407,0.030662340502355116,-1.1857326438943492,-0.10909615213096327,488872.2089
-2.627062767505404,-0.3411594431721389,0.09987122670337088,-1.6076980498521727,-1.0026122451967951,-0.6039886482201314,384158.1752
-0.7557918305472011,1.2905772917608007,1.7087625105074722,-1.1143769796468552,1.6745126493615783,1.539301489976478,121606.9623
2.061064434806275,-0.0172864490027428,-1.6647720239049464,1.045334090294018,1.901012431282376,-1.2915975965309217,564601.8115
-0.3767114247106097,-0.568524263965616,-1.6011513800544643,-0.02922948015587742,-0.41724027537176783,0.616300298613817,196541.7694
1.1124417139230172,-0.7515715018646707,-1.5339386401821555,1.9452944828304948,-1.7927623635877246,1.2420902542659211,363716.895
-1.7839067503867747,2.4618900353336186,-0.47843344965497553,0.9876464010625591,-0.2194093017542533,-0.8309468955842984,122427.5754
1.617538560485687,-0.24692227458999993,1.1535091539025564,0.04163775436609311,1.1486460355480976,-1.2794194871276143,416898.1012
2.3911372471461543,0.8029099333596338,0.6017371075778395,0.07979629756142216,0.48739726625104257,0.01980138530399708,307135.0187
0.9986235609749061,-0.7210883090024796,-1.6156803391957852,0.7464505087907186,1.8196938908605367,-1.6755507535388705,264808.5711
-0.03360672229132666,1.3701498608905052,-0.3826041494539636,1.3162492780650223,-0.11005498142577107,-0.3364348230801342,397043.65
-0.855645303461251,-1.8039639985261648,-0.5936139954207359,1.4272527433222597,0.14259190620056877,-0.10528012846917122,601100.0146
-0.41825096919632637,0.796218468610292,1.496574196560546,-0.9327226170828361,-1.5849042582462947,0.17631391619427442,149985.9048
0.6829300690878227,-1.7460208539353366,-0.7412868024979032,0.5657459641417775,0.47038502887544037,-0.647350437783028,502007.3141
2.4764975468566526,1.1422537709468563,-0.122498709161175,-0.17947709615274543,0.3781164315445272,3.105815273304375,411710.1671
1.9885980547343114,0.1249006202992989,-0.40686257778771207,-0.8880926968083125,-0.5192222204193676,-0.8364786944543833,373416.1307
2.9956845929817875,-0.9419694250881967,-1.716258561125458,0.20670284748137155,0.6682309003564579,-1.5860616389515085,1004323.974
1.1585857961127088,-0.1416422479495118,-0.8098362625201398,-0.47509098744242007,0.8243510472207702,1.840228972414484,388416.6197
-0.9242805970502666,0.17459730523806136,0.9352565093720889,0.29209874670794805,-0.259945764364145,-0.4660132901506683,190849.8791
-1.269380157435259,0.243865015879241,1.2708265209898195,-0.7812774742042883,0.2589087997713562,-0.7620009202111733,153165.0037
0.47029239474348095,-0.05120320533818097,-0.4577254832294077,-0.975962828720084,0.9350334377075322,-0.5139325352269314,165482.0594
0.8308601838498794,0.38344578414472275,0.6362616575721245,-1.0497101216294857,-0.9454509991521631,1.4472460054068819,354213.0866
0.607526517708309,-0.14855594525717178,0.5851560531080834,1.4338329948200201,-0.809995391438222,-0.7492355954438762,536376.4065
-0.41174200498071095,0.13319727371391626,0.590591822188579,1.2652083135910523,0.0694055097733028,-0.8659183722390322,380064.2378
0.37923573981896963,-1.113053058871416,1.315386551000862,-1.343345087630811,0.797114477072694,-0.38376958375284326,268381.7089
-2.68841174602181,1.991150314607833,-0.8944448214458,1.2037175675836014,0.08112373004011368,0.13412975053833626,120929.0389
-1.0719223275585024,-2.157432098835049,-0.23846013469224991,-1.866228677209239,-0.2509858440445877,0.15329776797571606,276114.303
1.1560885813759052,-1.6706838572835907,-1.891721518760879,1.6803215828747327,-0.9926059407233769,0.6414698050096654,256574.4397
-2.3707427814173783,-1.6700154057428473,2.632774023777574,1.2058098470488594,1.6439374812608638,-0.4488943230744991,137600.1985
1.5064479610010217,-1.1570157877215486,0.7474587176089832,-1.8261096528170657,-1.1102332412169957,0.4954575467050692,472945.5328
-0.33586246536363723,-0.995799749697045,1.0784252203522307,-0.6239913893782123,2.581366886728541,-1.2396318295859095,129572.8694
-1.0735567685900598,1.8663471959556315,-0.2498144012498752,-1.7470806433276334,-0.375086037669282,-0.8117871649003804,161248.7798
-0.9597461003386282,1.4379060692476169,-0.16579895982963558,0.6998517809046124,0.273868730024358,1.9793986755709876,158634.0109
-2.464511720325677,-0.29922562443843426,-0.4224246583805719,0.7589429825550597,0.07623407055056455,-0.6587304842497952,194009.7516
0.372981719051163,-1.0337882252613095,-1.5082378451440026,-0.6150102760407007,0.3468956748690534,-1.2889446709781471,456965.1835
-0.7799519543253495,-0.2857446512146335,0.4802991164840773,-0.7885277609086571,-0.5742105254844019,1.245407778806876,268454.0863
0.8371710567085178,0.531930425430387,0.3902774883876019,0.2635865017933338,0.9817456444677346,-0.046006756735121494,274113.6555
1.0633834224664962,-0.6869040910422161,1.5757193686150273,0.12814544878011896,-0.14767856449587655,-0.362857002480725,438926.1957
-1.5279459203614083,-1.372879663058141,-1.6734911810581528,1.0433640999243696,-0.21443030592832982,-0.7136127472804147,418497.7631
-1.3926313132057302,-0.6639400258469444,0.11417608884001328,-0.9909002217683309,-0.2665646999563472,-0.116444839748958,166751.417
0.33427135005601766,-1.4753278587306933,-0.07323786761546282,-1.442933493191294,-0.3458502055081291,0.7727367337213074,216188.2021
1.6965635971114283,-0.5510936459696515,0.2846408139551163,-0.771044570008309,-0.27149740741576767,-0.047252199010583744,328445.3249
-4.094665227791607,-0.9198174689373141,-1.2489356298737726,-1.0023389398275473,-1.8113408670585236,-1.007930008070166,103080.8523
1.7506747026541156,2.2912823482269307,-0.6767176598521032,-0.8266930074362173,1.2250375282327122,1.7931004829669788,273449.9487
1.516304491039506,-0.19933950722277383,1.0396009716848662,1.1875837964979963,0.26928917574455274,0.2724795526041433,301173.9556
-2.3077191908818433,-0.2146475363577863,-1.4838297125664726,0.08847383093125143,0.20892793057056058,-0.5402279367182865,226058.3649
0.297783724341015,1.9013506317821574,1.2801082948974136,-0.5971893649020998,1.8901737677260122,0.05586087071730793,425167.2697
0.6367926134443642,0.10593458096638506,0.8096184699878947,-2.308575374838834,-0.9544785448325465,0.9556463534134191,306655.055
-0.31988922915875395,-0.25565392709939005,-0.3549112804053773,2.2039360107118124,-0.20926338958937285,0.7114550393845476,493844.755
-2.431517448978988,0.05288332316540702,1.070557271221939,-1.1028066190133239,1.2807494228345826,2.125044605000495,98435.51986
1.0147863792244967,0.7701521642313538,1.223586383323539,0.38847202984848767,0.7374060056313592,3.0867344033351047,372032.2221
1.777144807764771,-0.2188744923585989,-0.8737881596521768,-0.8954724611554985,-1.0632506478046617,0.4337388148471554,506532.904
-0.8773506013167635,0.7837120429046174,0.027687233962228955,-0.5436241239740154,0.8699229334178652,-0.21657839068297707,85000.0
-0.4539742991411144,-0.43385133693577443,1.0563874305185086,-0.018113596713133433,0.21751867374904316,1.8660345620412055,224345.928
4.097054245760615,1.1120349832330412,0.00490566149135549,-0.9929641597320557,3.2040257915359986,-2.1437902035248033,256751.1774
0.4276406215617972,0.279278599977847,0.4525729630528205,0.5569404854279961,-0.9574876631533424,-0.810815063362513,396534.8625
2.251643039446587,0.8510659819365574,0.4711573273348767,-0.2444221270692587,0.7616570308016054,0.019318292815090683,332189.1019
-0.39359416234527217,2.7617757848600175,-0.519745860175251,0.38321861248344175,-0.07165430176105157,-0.8027007947918458,291614.0944
-0.6108069917112806,-0.45932073882138613,-2.0977406678637514,-0.8331084677624891,-0.6375429810412715,-1.1399393033927925,361398.7754
0.8463772191589564,1.2505249676865884,1.25909346977248,-1.5690747007452681,1.3024966352046408,2.084227197235706,346686.6221
3.039587676705989,0.8545707669138738,1.5540829114661672,-0.3029255430953353,0.16754173998158917,-0.9481451485345332,404481.797
-3.6434821870141993,1.094774986285148,-0.8855279518840861,-1.4048901171951018,1.0476553318477753,-0.9100494146729139,143269.7371
0.3849986948512559,0.6987754795944773,2.058415953247003,0.09041949278196314,1.4757739181012923,2.722032217740279,284876.22
-0.576716613883202,-0.12744350436097582,-0.7089890114144931,-0.4457572737939416,-0.063262705808535,-0.5557456790370602,198274.6968
-3.6308480361297115,-0.8101036095647044,-1.1481988077568368,-0.9672994843386062,-0.16150010540738208,0.07355292567162715,133859.3801
1.8770043277726325,1.4998037971785807,-2.062403492392504,1.003947936401693,1.0375939179623443,1.8316938097239481,829612.6819
-0.47000066342775115,0.9749772876147015,-0.5666165887027466,-1.2175687368665828,1.1526872112685593,-0.10408740978141671,335982.5127
-1.2895009950227239,-0.7131543794533595,-0.11751457152502,-0.4380657591922345,0.8800942539973896,-0.2998590290314767,223625.846
-0.9139584031030303,-1.13587421492821,-0.03311265707855893,1.4432713202519358,1.2263989898881364,-0.42252884238335814,189578.0677
3.5673407241130515,-0.07166242791633258,-0.5881482864320741,-0.08591902576481206,1.4761396589256244,0.20502980182571937,374159.8778
-0.2243063745728166,-1.639616336587297,0.06218303691935268,1.88405633789396,-0.9311367630806413,0.23920166615745675,212120.0921
-2.906553880829291,1.4567569296037521,1.3223770553493857,0.5804844734591741,-0.14197028221563038,-0.7535326643375451,107444.0965
2.068841398968145,-0.5833831551131847,0.41086246508451024,1.059472131295865,-1.4782940094062555,-0.21902555988947203,322050.2796
-1.4379330075682097,0.3795740048916555,0.8054178849140112,1.7372969222750756,-0.8830982752044431,-1.120806774430586,334675.3086
1.7380398660339615,1.9696049160796942,1.4183825355592161,1.075781140821374,0.022556500292311422,-1.4044555011586937,265407.0054
-0.5256731983689564,-0.34029349059065744,0.36167129699282535,0.42649792813226556,0.14560194640357416,0.6604780478811569,281180.6138
2.8195193980600624,-1.4810796004972089,0.9620442793165163,-0.01747915475051594,-0.6005362728170812,0.530489698479339,371639.9016
2.761337832627094,0.571337055760988,-0.8912351701973523,0.688801132233273,0.10597197879351726,-0.8083312347749017,309018.0742
-1.1676538364206028,-0.5505495821121826,1.0073574318054501,2.557272953922204,-0.36478010959586615,-0.7585153398150388,365276.7021
-0.3166295310927829,-1.4482499603218828,0.581617740666114,-0.159257760663202,0.17584704108243623,0.6384560445357068,192110.0073
0.35772641292072516,1.5387844754398414,-0.0435103429601506,-1.6496249355296297,2.145350106998303,0.19319776510865036,387762.1979
-0.9358218871863904,1.5409956364342372,-0.9205186777666647,-0.05323607281225691,-0.8405286119326328,-0.21507306068015952,254413.1466
-0.22724500095314457,-0.03261749148214762,1.0707286972499381,-0.30760979866989385,-0.7589316968315312,1.164997436737961,298185.6107
0.5228072279032379,1.541973626357627,2.429480598268847,1.0793312679187268,-0.2560928421449838,-1.0704916214491589,328661.4105
0.37753465191025193,-1.2934375885046423,-1.176490053081537,1.2872881427440768,0.8631841121948952,-0.2629123775613191,403526.8027
-0.9847960595248637,0.8428694359960133,1.1260267398627084,-0.2726902560799615,0.3424041765032381,0.5654886770871743,305972.3126
-0.3623881073154307,1.9561017587660496,0.6582706228609656,0.5318167137910033,-1.2280236140494805,-0.06801091756522233,159151.9278
0.35336033418059604,-2.254153247086122,-1.3317742193727549,1.113276720603789,0.12992803976792808,0.46218509506332034,500877.557
0.7454322945310565,-0.2624130759780048,1.4745645314390137,0.5899110519085172,-0.9696040041012848,1.4840591272101342,536029.0706
2.187908632554562,0.41742552559332885,-0.18457105940786064,0.08178302314442196,1.1440233008665612,0.21632719231876366,467226.488
-1.2264883763348138,0.7471067038614337,0.6347545507851201,1.8713315184695791,0.9800513930460036,4.202034503068688,139404.3725
1.0432147689974223,-1.2165970547704592,-1.0239138553480545,0.13511628941867188,0.2660219469009167,-0.6959447114760215,594199.6817
-1.7066451759514578,-0.8858099937301427,-0.6688644773464119,0.2796947805543966,-0.34924520610480375,0.023838358806001672,227814.0832
2.7278272145412537,-0.7149028563848849,-0.16040894414301765,-0.014648473400993619,-0.12358204999537767,-0.21235570149852295,662215.8511
1.3277518871553728,2.00745148100578,1.0590398860446606,0.06611083574233645,-0.18737857664568852,0.44596107205915514,324162.0997
-2.0719032404627002,-0.6773653864257041,-1.353056697720771,-0.34527101879855654,-0.9931326848996973,0.7261544972167441,300946.7406
-1.9508760839293113,-0.36470615636925946,0.7079909249302906,-0.3867073983030015,2.1847725939719536,3.347629439216219,219833.9251
1.890528915177408,-1.0875090011836812,-0.1837316389973746,-0.3327972124242151,-0.0741971410418742,-0.19452141843681864,685133.8945
-2.827429008431819,0.17168373843016538,-0.945511606907459,0.10926510536925817,-1.4023266885828973,-0.32494891414024346,105967.4529
0.5793036300006121,0.6961822253669356,-2.1341885356404724,-0.9074671725757609,-2.1855329729985233,0.6633378398858136,378592.8484
-2.5859335962416377,1.5052931494388693,-0.4938241246137938,1.3494214598921805,0.6768889513211435,-0.5857695963473626,252206.3363
-0.6616382030984965,0.38597833344505084,-1.0304877250895046,0.7188108179732068,0.6933699733952714,-0.2461648599936599,200331.3534
-2.2483778996532173,0.6778460555823937,0.3634321136605407,1.0166530387188446,-0.9606442349821447,-0.4784317992443429,165834.1971
-0.19516739686170434,-0.4918001471974922,-0.14604958763827386,2.2627373971526383,-0.981162834392202,-0.25714924308596737,410459.3708
-1.786181686395037,-0.5551601536561225,-0.7222317677116105,-1.094731702089251,-1.480364586171123,0.3304636126906102,96863.68367
1.1652998533333385,0.3557324646761521,-0.6192281804031204,0.9449871269211756,0.5636093537804855,2.398985066424274,367594.2369
1.733559582138541,-0.7849444423492028,-1.4879759155994123,-1.4251789685279082,2.3979159684170783,-1.1493753895926935,334478.0946
2.687070941505544,-0.2998850930999944,-1.0718449084738841,0.3825344098094926,0.7962086353804388,-1.207018221529649,342679.5368
-0.5922793412916999,1.6893146843728504,1.6319917196210416,-1.6376304425458799,0.6581704944097216,0.26259072171155134,144362.9708
3.0095346181599623,-1.8506287488895559,-0.12284937299266757,-0.16472917847530355,-0.3192739214366993,0.15786931464731513,475523.4029
0.6049686761176087,-0.04454890153901673,1.2967917556113329,-1.4731689032220077,-0.6759100349972897,1.2473292869659824,456164.2115
1.446778366814589,-0.18753464937055692,1.2533873709380883,-0.029074195124088407,1.1159169030249205,0.9593281334687863,313652.0388
-0.5456822999818461,0.2669959753084659,-2.178855070725858,0.03044827974185065,-0.6242549999442971,1.9928201494978304,330395.2954
-0.020942935447431716,0.9443655450187566,0.03942641566917979,-2.1444903813515865,0.17478633195038956,0.6030781659450889,231074.2306
0.5408071830611362,-0.8806652318212005,2.078193485424734,0.14809572655605802,1.427095938986484,2.6090924284363544,285138.4883
-1.3391105707927624,0.8504554316042814,-0.760511554489074,0.33177570957434604,0.3579516877922658,0.25643068313073847,228904.7746
0.9857600974180712,1.1670655773251961,-0.16974218873711594,0.603728396997365,-0.5659700334145656,0.5733879360671544,434637.2054
-0.21894374524240556,0.9780905516658732,-1.4712147803975448,-0.18040131105938872,-1.295930445196826,-0.682301864649087,429663.1204
3.0055791059370796,-1.1165951380423884,0.6971288310001024,-0.2493478100808564,-0.5249788925092548,0.35449194231210024,722574.6253
-0.9624255504820396,-0.432376171209699,0.08974792049935147,-1.2208138815653782,-1.8770620030661844,-0.022605413310296113,122436.7116
-0.9590811765512351,1.0229012053577735,1.1376973732532007,0.19352168912324538,1.3927424239647952,-0.2598011371802302,291613.4365
-1.1973771742722694,0.34687723372431756,-1.1860195935997373,-1.2208554346368865,0.977738133705666,-0.660784920649644,130765.982
-0.9910312598846908,-0.46273249565677477,-1.5810447768047047,0.6378947366540045,1.3142818054609224,0.7126312213719045,163287.2633
2.2462702877743257,0.9119297073852226,-1.238270461632725,2.0084632431513803,1.3369004760201468,-0.10709869603106732,789259.36
-0.5228138163467068,0.25104116544548466,0.21080676283587146,2.3252649156505796,1.7353157442093388,-1.5276447248026632,337003.2336
0.474354522319069,0.11651234751029381,-0.30863217434714496,-0.5010617070668136,2.0393884662955384,-0.3978596467326015,413003.9979
-0.6601466043807496,1.862033760462865,1.4914321481770967,-0.031217805337628808,-2.1340428353268006,-0.24029091647562922,470714.7115
1.6185524865488556,0.6996609392782877,-3.0792637515752705,1.1552129492652976,-0.3815947791910799,0.0806560251075812,596002.3773
-2.5550377217694993,-0.8413006770458046,-0.6516006943533013,0.10782109268944975,-0.924962193064305,0.18334266557433573,170764.9409
1.646789361297506,-0.8505467514707883,-1.3165088560096108,0.9429889059453143,-0.5287691532806754,-0.012185456698214046,660281.9581
1.1768920054897782,-0.2410994712863281,-1.3141252138941377,0.27245743331057043,0.6598150362453605,0.004598436186097595,380782.1881
-1.2632419273154043,1.0526936279218597,0.4003855704288348,0.2737916872219253,-0.6013346054783327,-0.10788775431638302,417593.3801
-1.3268799287335764,-2.8335961956823152,0.5703036161393424,1.380519323850087,-0.5443131809167976,-0.0815852521125235,496358.2834
2.1889438453492174,-0.09159346621635543,1.7039527459290895,1.567488185556106,1.3744378718296137,-0.05243263092179597,557698.2794
-4.967637194799364,0.13159737597942645,1.1226791245715118,-0.4293077040212563,0.5801575140551023,-0.4647118663071475,190469.5938
3.6502068202360243,0.5955645492626158,1.2261980796512553,-0.8444423929447572,0.947735259980735,0.35379022880883343,625748.35
0.07680797981905989,2.567162474731219,-1.726865920051316,0.5230865337972135,2.47444331861326,0.6020423731248234,222101.5906
1.1855248736987005,0.337065416382194,-0.9512937779242759,-0.5049713489359349,-0.20472041832729587,-1.1546703619236538,554555.2712
1.1128376574080219,-0.472749591185186,-0.733389636777248,0.8550162439260643,-1.914027209576527,-1.107801851461361,340925.1564
0.4946625947932113,-0.5612737093353266,0.06728451628760601,-1.5306556449741815,0.7384287319831697,-1.0506286501780286,175648.9446
-2.7245127220956595,-2.677248802327316,1.1004456977521186,-0.5610011573779043,0.7663602524537674,0.013910380918310929,121420.1686
1.3987397536016903,-0.6518484892965467,-0.3921062462000595,0.4079852439572814,-0.6509700028454936,0.8238767624391572,760446.2967
-1.6195181699995471,1.3258743016032664,-2.1704948304075167,-0.057823472197293904,-0.19388643829313182,-0.025179222069527926,182395.2099
0.2868276683721762,0.05901452808411534,-1.56761825987526,-0.6334298861538035,0.331000402300287,-0.04055305240701097,404654.1572
2.7411253738376065,-0.5028144850083394,-1.183609055012393,0.34548919628813896,0.29033674103928214,0.23685249925622043,640135.6395
-0.9546619532296127,0.29497067919066605,-0.20680528058195377,1.9646322767939002,0.16368556477270974,-0.16342372442704692,285644.6181
-2.83019536693701,-0.6078405814461978,-0.19649835471158408,-0.2109174322952773,-1.1940173328515153,1.412555753286695,112529.2773
-0.24591920099850487,-1.763015569811016,-0.3468684150871038,-0.9260871112617535,-0.48925196647387653,-0.1971546006772704,197180.0
-1.315835442259642,0.7373166264489863,-1.077884046621934,0.8394716066956636,0.33684041521449765,0.13501998637029405,300227.2395
-0.9090733622047665,0.7242674962520451,0.6850191086324091,0.49030259236118795,-1.3431275151218973,-1.472673279131367,202880.5964
0.6573093395160018,-0.21302172151942292,1.051933851552166,-1.2401903828336345,0.3274611922223383,0.06213437290264583,280460.0013
-0.6867846462748215,-0.6203524035376367,1.6600269964914527,-0.8582762775309284,0.04130122640195662,-0.24553734030200042,104435.5011
2.8617567316748302,1.4974960802490176,1.324627931883721,0.09253516155118163,0.25372304368076515,-0.25680715139967747,345373.5712
-0.6590633654788512,-0.15492294857957128,1.0133562799249043,0.37982333503873866,-1.2280761500150412,0.49126334815693,248403.4061
1.618305648155878,0.07443038810766305,-0.9093427677124585,1.238635695922061,-0.3672507760235479,-0.21578184464949904,683500.7185
-0.3496013493927672,-0.7509170610308226,-1.7608623422408016,1.36487435685722,-2.016842672374793,0.5171519081117631,414467.0282
-0.3252691335677138,-2.695708646021091,0.15589239531917617,1.0009054639924388,0.3760089680074295,2.3512579941272076,476570.3733
0.7407972795178663,-1.0561205112983902,-2.9712357975343466,1.4839930484792458,1.9670941459876243,2.4303229158599815,445799.2446
0.5585772622308544,0.21870364949803264,-1.0699153994027375,0.5076877519006048,0.5823267152943168,-0.5152522629151908,313430.0109
0.1754709148927521,-1.1086198930772369,-1.29902194004554,-0.5464882583988121,1.158209603844206,-1.2407174996487556,586225.2075
-0.621562457960873,-0.8707353000816482,0.06657254942650162,-0.6125771739527085,-1.0350495925900578,-0.549768124116782,330678.6526
3.0577392318743444,-1.933523042588741,0.6185911712935372,1.586761747420447,-1.2260822219837453,0.23465298018323333,931377.1891
0.2746095480838358,-0.5850204672566244,1.121812536839547,1.2183122736354712,-0.5235291164304924,-0.0940943249562312,266749.8707
-0.9216264976577953,-0.20977318709812656,0.1827978615035981,-0.637522971397231,-0.7006984153447574,0.21391149022369,150955.8344
-1.6876012126124662,-0.8414517565192533,0.13943133880680036,1.097891123271271,0.8396577183253373,-0.28736270166638184,204501.6496
0.7755868576028071,0.16118400271546618,-0.24036103099225234,-1.2534567331551851,0.6199348277717585,-0.7011739136044982,226404.3435
1.047705051995147,0.7885373810942353,-1.5072860829326395,1.6180523005797776,0.45967307854680356,0.6957812888192993,277702.0739
1.501529392082677,-1.1975088487214134,-1.1600845524372647,1.2187821965836567,-0.19722325365752372,-0.3382533478414298,423935.6588
-0.7555636515905187,0.7944911389018284,-0.1457450499992354,-0.6990505248457027,0.23443769738198197,1.4970079927812714,265124.8389
-0.14705989580756043,-0.3713003819785674,-0.6818535346916061,0.5290894718759432,1.2313509161188954,-0.4471617142969256,366361.8071
-3.4209738420950235,-1.0734723024147794,-0.8004560979226881,-1.3214650552732803,0.2449101043577069,0.1689594553895928,133591.3704
1.3236151118832304,0.22572718591113275,0.3447895452956717,-1.4857665538812976,-1.4522159671154784,0.31736861144519096,401829.2799
4.049920704343585,0.5992849244970354,0.6513032473862425,-0.4417943898791829,-0.4569829145183919,-0.356072032438884,500642.8657
0.3007947506364986,0.6891652392129861,0.3832169425045153,2.0451876766618726,-1.1567719535478278,0.5895188051965986,418899.9362
2.132859417827754,1.142676882918904,-1.4243983065378658,-0.7077728871924174,0.9289478545296744,0.0741755428190574,556251.2911
0.6956578995158997,-0.029388297860344317,0.6979783718489078,1.1385123491317988,0.2002952234776034,-0.3518284150941397,436602.8189
-0.29254842568813866,2.368145462648968,-1.27005840498587,-0.012885867557821127,0.10009446969720269,0.006766051652576161,319668.9235
-0.5293309557599019,1.643599798669461,-0.9265018614675447,1.0539171839733057,0.7066026237952006,3.603196724515354,297866.4092
-2.273306439822709,-0.9034599361619365,-0.9552768237278977,-0.5282747169104681,-0.9313884991699343,0.1441933093967514,168100.8249
0.8277107224105879,-0.19427012370006547,0.8664713919835315,1.5295819010028509,-0.6684021712431398,0.18411524395680107,399559.1881
-0.021062385721293597,-0.1597710502265354,-1.1498163554742389,-0.6097245198271354,0.1731232367553569,-0.11560932934890918,296815.2986
-1.7478716555737654,-0.9515306171545963,0.03989023672820387,0.45388047716912033,-1.6775877154517038,0.19404116319148149,216691.1785
0.4020476281513052,-2.240592593199013,-2.0423003588018145,0.679701584607906,0.34535073292366875,-0.5300062356130153,342115.0793
-1.016102629704049,-1.653691670457584,-0.3128462632950161,-2.474999295608149,-1.120905486857201,-1.256044187654772,88969.66014
-1.036456379994028,-0.5230159385301205,-2.131878449630551,0.5015353671458069,0.023041909930506657,0.08853666274321025,208764.2546
1.469147616025231,-2.0852696397610817,0.6815947985962969,0.2065109575682785,0.8415963979851525,2.1144511752092283,298957.4967
0.2533075426336037,-0.06928786539629478,1.1038988330408344,-0.9880952293803696,-0.9848589128963556,-0.4740423064966641,266952.8137
1.3569819737035607,0.4494368315837773,0.9992862895436121,0.7480871823688453,0.8419090046576824,-0.9249825819395486,516382.1541
-2.7401369313746002,-0.9779160010862011,-0.565009828913988,0.1566175969365252,0.38886168746427363,0.7200423854444603,172426.9023
-3.367523193497329,-1.5744509608327921,0.8435099610160552,1.197381545007704,3.078388370721251,-1.0057260342125949,199372.794
-2.0930762293550056,1.0980485442265182,-0.3048231267891982,0.1462780324555889,-0.6252207591016152,-0.8227122502945935,155726.5703
0.31443242758309475,-0.2937039691847171,-0.840962591124152,0.16953488443037223,0.7303980707685492,-1.4742579770023647,180015.2789
1.1294078919751178,1.9186292821722524,1.0138608756545182,-1.2591869210607238,1.060977500310996,-2.201176254510466,208805.3098
-1.3507379509445512,0.14007290990171856,-0.10458367118946478,1.0656169116226604,-0.6591179745058736,-1.4612893063858436,334952.6535
3.4031343251414117,0.3439167636600009,-0.5520009386427617,-0.5084527542888979,-0.6380274863013041,0.22525982733272584,669964.7707
-2.7955282799266694,-0.23925804690709881,-1.1906511653882008,0.4927030539452115,1.1737835290594445,3.126821382732038,165809.6323
-1.2998304616405492,-0.25070996770223164,-0.6502140233258381,0.7278542316426152,-0.6672244192193699,0.171070373322902,333524.6641
0.894586078935674,-1.1824575563341357,-1.1661368651827233,-1.3828748582328059,-1.040641083162617,-0.8229364155059514,312146.1179
0.41990106040621983,-0.67056633065444,-0.24651831372997526,0.2919776562073977,-0.018501077323202816,-0.18589812008285225,557907.882
0.8071989415215403,-0.6749426637001513,-2.5466900701725206,0.3617708385415088,1.46578435919731,0.15258799465144565,570208.7807
0.16457108981984428,2.7181666367865,-0.3425673267584664,0.08816688307687866,0.1307213756555966,-0.27894091669411575,212593.3699
-2.856640363552313,-1.1307957774103363,-0.8787812653685741,0.5126560405742889,-0.7320132380143407,0.5571528292680386,128708.696
-0.6396986894461969,-0.20435013569787627,0.5120681280406358,1.7228389272826319,-0.2685275773107402,0.35505260350277024,155735.0323
1.7916867087996518,0.8918368856243544,0.5499953882371653,-0.514112289860696,0.2455342764544844,-1.0568377861585734,269408.846
0.1555427636909293,0.5999921963600202,0.187668268496815,-2.182013982945687,-1.1704336252063245,-0.014472333976652624,279007.9273
-0.06794055348700356,0.8790159262915102,0.5239639837477905,0.7508152776627192,1.0749493267757153,0.047039348410140916,395658.2952
-0.8443742328154403,-0.5955288704195,-0.1435501764559948,0.09808665415174987,-0.2591059320043522,-0.1801013487324616,505005.466
-0.7215014123560668,-0.43955849767590655,0.7063928221150526,-0.5993808818092264,-0.6404140508396204,0.5039923552901083,210645.6183
-0.05830125382911191,-1.1888218087200177,0.671447290116566,0.3844011301563621,0.40063108671085895,0.042866540935824156,330731.053
0.4468030743290585,1.6691255240728533,-0.3046324526409338,-0.8938749299336547,-0.7012316856181064,0.5131507988038331,151940.0427
-1.4165010596351386,-1.4992315725359644,0.8726157624040324,0.3166621795272956,0.43806413026411106,0.03640295938435626,301953.5935
-0.5065315265949221,0.9803635750768298,-1.4213280025777266,0.5313945653011906,0.6961162100638921,-1.692671452922782,191893.9135
2.024575023651104,0.10809195549034288,-0.8704451825021421,0.22166877629366472,0.06359820128403453,-0.06433108136493108,435340.0265
-0.9049226718200961,0.54099879995651,-0.7546001648440632,0.8957472234562864,1.7945564760500412,2.2525892799385683,135238.8633
-0.523993494137493,0.2732618783548408,-2.289658415434506,-0.00828433957844801,0.5815148705035472,1.7619463722408855,422422.0922
-0.2252056345872945,0.9857197115242909,-0.7776631253318734,-0.19620409796769253,0.9551661392568943,-1.180105883615086,222700.0343
-0.5444761418312177,0.3878408045589448,-0.9604318242489144,1.4302447992280691,-0.7605310921343249,0.761467840087575,199811.224
0.7390005463963137,-0.9696043363084575,0.3215783690797844,0.1755722697710567,-0.0965728189462409,-0.0636672338353869,419228.1018
0.08480319270721601,0.5115516681995859,0.8761242727503152,-0.5958103067635963,1.2036913149895543,-0.9461624646216604,124195.6191
-0.2876283450098127,1.5421136725992517,0.3519032763426928,-1.5506105419044778,0.8040955673790123,-0.7072135874709651,189138.1239
-0.84547620342342,0.0782284016202418,-1.454090135870904,-0.5101688701587879,-0.8645115708979614,-0.14535707262688005,174835.0863
0.6743931914058978,-3.460609260593892,0.254727240461667,1.4985433318752484,-0.49980284740440656,-0.8198915063339195,483033.3232
-2.753016813360007,1.1864246744741882,1.4532302482119273,-0.6476916443299728,0.529021206214574,-0.020669389807107134,214365.1076
0.6384666459609332,-0.9716749069944851,2.235242580488995,-1.6046661293837874,-0.5417293479633332,0.41619631415600117,190229.8273
-1.8515561289450944,2.985714962194377,-0.20907111811526558,-1.0800086472215584,1.76096068311934,-0.7703218171667056,257123.6481
2.0056936537444403,1.1434068042105665,-0.8367573912315525,0.9412600410014994,-0.13525015758401282,-0.12589730030898152,386734.8426
-1.6679508553936786,-1.270394931521842,0.0432573297687978,-0.035519351216078396,0.1242234498107677,0.09512873710219105,255046.6856
0.12520745097373578,0.8340591082423495,1.6080209567103243,-0.6502146100655981,-0.43420985719124755,-1.3093161638719204,313945.7134
0.053323688850310115,0.2617678023415643,0.009357132183533356,0.7906893387822989,0.6745168530825183,-0.9496531947561612,177081.8556
1.1267828053681535,-1.2334822974420478,0.6034887258280905,-1.2056837138179572,0.6442581398432626,-0.03556208012074641,244605.9014
-1.221265306901912,1.5619170625335816,-0.4185267945457509,-0.8250822893053763,-0.015954262426294958,0.2891854919014189,104702.2639
0.5023398830533858,-0.15494736839788845,-0.1384401466213904,-0.027162637646885465,0.7139309994759924,0.36585416316210934,272321.0159
1.3985697474583334,-0.6999443110662712,0.25510004818170173,-0.6518554015229486,-1.0301151633803491,-0.07704559423755879,324141.5167
-1.517249624026051,-2.370642144491952,-0.3131640947213454,-0.5136619623892016,-0.13870529796942288,0.8060553795949982,208361.4597
3.3067965477557495,0.6085542443178994,-1.4981331426731712,1.7687946576115696,0.6111299361859929,0.46995868784825456,485149.4351
3.7962586311822117,-2.456652872348104,0.4476945856020943,0.9679747040341163,-0.3116877378446811,-0.8141380859008179,1046675.64
-0.0011813019318037505,-0.38791827855210054,0.25772356851616196,-1.0828872574454158,0.39549661278615755,0.5200899137697067,228408.6537
-0.2613364135391376,-0.5331216720009999,-1.252149080252682,-0.20435690424783287,-0.16768070796519008,1.7854438720313373,219115.0432
0.015216962053648708,-0.47166528223072307,0.022084968909025334,1.896890298892481,-0.02906578854712895,0.6193869332450954,397536.3935
0.886079015732534,2.3032077716437316,0.9535029499621248,0.446823641641162,0.18539697268669594,-0.26482404096264817,380920.0576
-3.1238659615672275,-0.23617108373033874,1.441297677787458,0.06582073429815108,-0.3367559194930833,-0.8432893907652956,194645.6957
1.05457546306478,1.437526449316331,-0.5654054535720446,0.9780923959243552,-0.725151712951674,-0.3928252247496455,256709.7659
0.9676296300854595,-0.7523661421699751,0.032029517089469356,-1.6078004041171003,-0.32313536646691426,-0.6928712557991991,415232.6716
0.42470705667616654,0.9331274301018385,-1.0212109868879504,0.01410642526881643,1.08351943715377,3.004685681808684,291851.8906
2.8644064314148667,-0.6752628171880237,-0.1322106328974862,0.6637417854672998,0.5944139206533153,1.5107979269731027,298156.0984
2.471202218911462,1.4690137427327894,-2.591064880263797,1.3779624025302133,1.1757637162604462,-1.0531716332032608,597936.86
-0.42892844445580613,2.747765357980915,1.1686309911613177,-1.2232950619952678,0.45644946895625826,1.3315688786484465,93244.66967
1.337990435673614,0.02705918745803861,0.71204150726078,0.666940907550493,0.3934584391643888,-0.6680442953972784,435899.0208
-0.7116668101316573,-1.0277772903369855,-1.2075109166418925,-0.4317777622642187,-0.3842050988896606,-0.007543131819710939,297723.341
0.6764754922791446,-0.2040935368732757,-0.5048593287432913,0.036477153132777676,-0.9321020868419302,0.02178972359408185,285337.659
-0.6853008782210275,-2.180982120196388,0.5295984800849274,-1.3258510943660986,0.12471024867714789,-1.1883984889032053,338282.5032
0.7303361953063215,0.20981853151053145,0.23898885465987105,1.5414627553997073,-1.0170798031198915,0.009760465712527209,680379.2709
-0.4435979436895831,2.524892293079913,-0.13224818096170235,1.8067877921650297,0.985013010925453,-1.2460060577481673,154910.4527
-3.2500637778413313,-1.176612336089309,0.6358616228928123,0.1522772703928423,1.5301418626754972,-0.6444845017896097,141305.0162
2.1985142423088178,0.36815788925441045,-0.3217198167973066,1.7466851610723213,-1.71891445017378,-0.8056495017383851,351857.5163
1.8669518556458646,0.2608622674311899,0.17565857868502266,-0.4048393623426549,1.6973482544647995,-1.8713085537252887,315702.0311
1.407249545730638,-0.5984950362907265,0.4947300122645732,-2.027986007987115,-1.961902612357581,1.8403619142016914,625194.5566
-0.4131244222893955,0.12881162165380552,2.0692097456977407,-0.9855850973125726,-0.3405223842733354,-0.5279071391380693,202105.9233
2.4741978406815943,0.015613982260892292,-1.443518766135384,1.0023909688320134,-1.1377682126786837,-0.30075127906582894,838651.0995
2.12662652715435,0.21552554467264506,1.4154979239746646,0.3378770133881049,0.3990625585877379,-0.815050062361273,269142.4041
-2.2716757224992605,0.6713258070840485,-0.5577315957698324,-1.3817087496488416,-0.09409557955085941,-2.0805249963404897,154184.2007
-2.6288799833944063,-0.30242347352022997,1.8323869745530044,-0.4378127141342633,0.8368398095709555,0.4914363089381301,158586.5965
-0.9287537412437459,0.20771421698150272,-0.8738980983611065,0.3749739370029635,-1.05045745832526,-0.004213649755348846,250219.6031
1.4023448021553984,-1.318027753906869,-1.338799734497276,-0.18418759002351975,1.7676004098860207,-0.42492896680429176,354530.4942
-0.3842364085625701,-1.591746874681514,-0.36283883006277917,-0.6659748439726255,-0.10653835264123084,-0.032208250862026624,227591.673
-0.23461145288468907,-0.28548667841403624,-0.2746433603094325,0.46715695688689846,1.3712599544570592,0.3904875850706893,380247.8732
0.94889296021629,2.2570912746906218,0.24700147878554166,-0.29891430680019854,-0.25453398805652594,-0.24549787728313574,173230.4008
0.56794452851464,-2.1915590025923515,1.5293024753070794,-0.7256966135176549,0.7203391899300637,0.12375227001685758,192555.8989
-0.23466034606358635,0.7846660216646748,-0.5233123844439446,-2.4272864648326054,1.1263434679626025,0.15283028726306536,218988.0487
2.4672527280305796,-0.2841967973036685,-1.0232933039977012,-0.6115755321989538,1.6902684458678543,0.7911663147852512,346545.9581
-2.335069475196661,-0.6162114223298614,-0.4429214137944863,1.7437757106776217,-0.7457484438859909,-0.13146159942401953,108831.3591
0.6031001027802827,0.28964518721164073,0.9143622924638728,-0.04008319457920629,-0.1600267190204156,1.3600423394408419,251114.3834
0.03815426999544418,-1.1706724961332653,-0.11848325570381465,-1.0963396594104171,0.5124425580296894,5.236858841192962,150168.9155
-1.1846260590084454,1.1594035735348032,0.24277911527116586,0.4701272138862178,-0.6487908710433897,0.3172129085214901,290681.4959
-1.2001820136180628,-1.5489534462077867,0.554032544864293,-0.5873327276101858,-0.5174449651723287,0.40026269765944833,188074.8765
-2.324301637808518,-0.5505813203350334,2.0629455122452005,0.7528509529517706,1.324342168468732,-0.09741704677805497,130243.4643
-0.617772802807094,0.1755437778532602,1.0258478090166046,3.152704427901612,0.9326717532342323,1.1474480146352455,402828.9072
-2.5145695101746903,-1.319391050153695,-0.5843007617918899,0.7302163959117148,-0.9554718453711822,1.2825135445585067,185506.6524
2.4696016949573685,-0.8110633586361264,0.09932892852863838,0.17222329737588798,1.2723978551938253,-0.5321067827967969,636344.946
0.12048961595598728,1.4481095881039276,1.1322372059842376,-1.346191813060883,0.34480307884541134,0.045953285293845014,116963.4581
-2.0950022440306224,1.0986915490272267,-2.394628417575415,-0.13344026217003602,-1.022993784584232,-0.49420435324311346,195228.6598
2.365203634606948,1.4158711525960828,-1.4915078355671914,0.050710905561713406,2.2358417015720984,0.16898229732594375,247500.2352
-0.016820711180981177,0.7369920743205777,-0.4261997436854299,-1.8059234869983998,0.4883219519680723,-1.7278951728949141,220771.2414
-0.6071158791841463,-0.5855624174073498,-1.29276499314989,0.2553100033152375,-0.034269835514340825,0.44695786175223484,262995.1233
2.6660490016856087,0.9957580842826818,-0.9993839772626952,2.5640871302057198,-1.7459512659725274,1.416615673451854,452777.9337
-0.6094049783099571,-0.028678337078367366,-0.9284754170348832,-1.1708255776616474,-1.76148102850489,-0.657437131609989,150876.3169
0.8719472641159176,-0.05981498718671575,-0.7854195742779725,-0.1464279826050454,-0.2646604946465204,-0.6859252262246142,287045.0396
1.6983493754286056,1.587030661060576,-0.3715694240762761,0.8969425512439522,0.5060178236349112,-0.0836245259198833,377986.588
-1.1379574982510325,0.1596939294685689,-1.3930927491266993,-0.70839848344434,-1.3354997945255087,2.31621303393404,205482.8076
-2.484152527731158,-0.7202606107220476,0.8407599212589827,0.491219957658691,0.5199128092712133,0.46229442554828704,146453.1937
0.056616321611347685,-0.43285540184102234,0.6078899912802632,-1.0333968220879364,-1.2143215454079328,-0.213130489423414,314438.3722
-0.5230087805257057,0.13994099096403273,0.12789758271326687,-0.010455289295962716,-0.09785574474459183,0.03723548575920274,183399.3991
1.313261972307413,1.006261887384129,-0.1742326205448461,0.1215078152572398,-1.879689792068595,0.3065924427162988,362597.7191
2.176538738561373,0.8000192470872709,1.1425821298663221,-0.26520377184743676,0.20102138312919546,4.218405215092674,332446.69
1.1610860897296678,1.120037923564982,-0.4724934359825569,-1.0777209773543064,0.8555179760157504,0.7753182097531601,154243.4509
-2.3452485086914416,-0.4628944560258993,-1.6331230458103874,0.12118187778610047,0.7604596501173888,0.531559128384854,162349.4198
-2.3360420895028864,-0.49497155070488447,0.9675300670624944,-0.8056606703204797,-1.3226622190785817,0.22883763755492595,233356.7843
2.0380430270568146,-2.4924664237494927,-1.1369644976846771,-0.8410852129597522,1.9898073501164173,-1.4896284904272756,539832.9873
-2.150535561792606,1.2112645982367871,-0.9342585888901571,2.5825143079444337,-0.27903019067163676,0.2251996099499645,178337.6542
-1.7621362144008048,-1.874536817624446,-1.047367816675467,-0.1304979558993017,0.1513326323294849,1.5700619924322268,399845.0949
1.991139040130945,-1.358340026126142,-0.589824796949738,0.16022665852818646,-1.9753418104875557,1.1419866629139062,490977.0892
-0.3356814187043886,-1.1275375164064918,0.20709133103431268,-0.7728110654315372,2.148987102133651,-0.44476396157220727,307326.7045
0.34252208668398326,0.5623710531891599,1.0287759670854422,-0.23540938828308988,0.8093848317708505,-0.41106624745166,344662.7065
1.0364348577940243,-0.022089729262652034,0.6293515658794229,1.467589508211167,0.29338334346541767,-0.07121988973124892,581250.1542
-1.7688157721721718,0.4679617962597921,-0.6717448621501676,-0.48719969719954404,-0.7035112737694009,-0.9623238072222929,336213.541
-2.2950250440927578,-0.49412396466212855,-0.7090515736127164,-2.4176634182470775,-0.479489603559102,1.3557020549934529,100919.2111
1.2753298944322988,-1.030234753818246,-0.26842143743160507,-0.7062190371593304,0.9591035242856907,0.1361903014567334,572701.7326
-1.8227005823381845,-0.4576886355819651,-0.34268735870250555,1.1663044505494882,0.08661988501715114,0.01045281261749715,279679.0263
-2.1402615663466165,-0.8056876885462859,-0.18762162190331272,-0.31385183304335684,-0.24969464511083633,0.6103226777221816,159804.1684
-2.205603512985175,-0.4682212810461012,-0.003809152948008483,-0.23019970402359874,-1.1321846591700115,-0.26966794293934215,102085.3713
-2.6897825616460214,0.02871420202884038,-1.3411915809977395,-0.962445479861299,-0.4893480257944759,-1.0670838166408192,263088.4075
-1.4437533344524558,2.353733268220545,-0.0012497886702181203,-0.9532427241763362,1.5837144405733605,-0.11865087191908205,133054.8655
1.874526417593677,0.4025396613909507,-0.13043189364861982,-0.9981192647540919,-0.5259143063650945,-0.475072446577973,395370.0208
-0.7443986259684574,2.2369472997958892,0.5137313840014466,0.6702721739283147,-0.5627813874074284,-0.693093679687237,122588.4295
0.07213986793984492,1.0416421465386636,1.3303803863440937,-0.4413690799830385,0.004841948165650438,-0.07394410646799207,208002.2829
-4.555770586602401,-0.6288428071109037,-1.4892884683910799,0.619602850254615,0.752133992219362,0.44529506587630285,151679.9536
-0.22008454383453038,0.37125389857380847,-1.2300408549568256,-1.0769440138048898,0.3436123343082971,-1.5192910198181928,208835.2267
-0.271187938053148,-0.2858959572682515,0.1516539173705885,-1.2749490015753169,-0.11582842654867627,-0.15173752203288324,258466.8909
-1.2644404337369874,-0.3246339540359298,-0.17844218226267336,-0.1799543185748339,1.2315100123231362,-0.5715885543760107,156581.1599
1.4638006590925263,-3.602590387505947,0.6086092257319085,1.0704916259642347,-0.17863442993974768,-0.7947317539032288,287178.9815
2.139646915965166,0.6462130641598475,-0.048479826207402044,-0.7984131552254895,1.4573039832392525,-0.3570637329706674,365600.5205
-0.511019668258897,0.2620585847991721,0.82023060093614,-0.7614850744925465,0.243723686219789,-0.4142268427896374,213153.8592
-2.2334509222692374,0.8353684793370928,-0.1498677629136696,0.9040644419872329,-1.5680412631471865,-0.5537176270485585,161429.4012
2.2393249446696393,0.2501507909605172,0.08275887449714518,1.0374227251872978,-1.218481790806808,0.55879643604981,589555.3422
-1.8348543302789124,-0.5573381822980716,0.6718456319193914,2.461100612593622,2.1130702709914524,0.6725505929344614,204273.6783
-0.11919333290138305,-0.2789370793180739,-0.814524869227255,0.2910892624335367,0.763901733364054,-0.68077064178062,224401.1229
0.6411330857193637,0.4585072177662536,1.3984111120361407,-1.0084241674361152,0.6194781670667117,-1.451089559845769,182972.2245
1.6548014483126412,-0.6038597235891494,0.0362096474325708,0.8867157092721529,-1.178265773572614,-0.35912971102094243,531264.9596
-1.3152190647325512,0.6728695142934424,0.8742372533078548,-0.9505074779299528,1.7287893870668076,-0.0949033617251757,176540.0897
-0.3034362648674133,-0.2985529467246257,0.45972370438100435,1.5530843466075324,-0.1811183406396048,0.6466887220145963,296219.1147
-0.1409871141363526,-0.6965034958699308,-0.09439404330361659,-0.6844858860582536,-0.3216268420586022,-1.2220367491090678,361173.5942
-4.637242681483324,0.24503153033072902,-0.08035198267638936,0.5432778580389945,-0.03979750134391204,-0.28388005321550497,253879.4828
1.5826048149074206,-1.0198808685930976,0.032135817495122065,-0.9849581335460507,0.026206301298255134,3.0677877439751704,323895.5717
-1.3096839237978288,0.2638050135581863,0.4572409530781811,-0.7650270549382808,-1.0834955295993371,-0.14188149012256232,194915.0189
-2.225068505530607,-0.040409835910788096,-0.09966909842902405,-0.9431148690972256,-1.0689345156126955,-0.2692524124571595,148922.7213
0.3172439983440542,-0.369331584656891,1.271553361656762,-0.7930034059252621,1.3444125466873362,0.11278704744312593,434618.9425
-1.4388409315247364,-0.729265610466094,-0.49454046168274635,-1.9293198009396693,-0.5729308954560167,0.06573142810791668,100454.2202
2.350178007050079,0.29461440814411327,0.9284791982885511,-0.5274011495984777,-0.1312913026744294,-1.1263990997440523,274641.4696
-1.0471412423557573,-0.3913822954491406,0.07236273518470389,-1.5577714920367574,0.20241329229672334,-0.7080618810922192,139220.3462
0.7087970043953766,0.34431859479560256,-0.3165936007962519,-0.5198937663288723,-0.2633076256931855,-0.13625382925641247,469224.3919
3.165152162764797,1.4362710220403532,-1.2570215904900814,0.28617973724540885,-1.0169925052752842,-1.3586856269692456,405985.2649
-3.4726481297206044,-1.3002095019305628,-1.5082315095533776,-0.9926742760723264,-0.4591402975928311,0.1975102806431834,108316.6944
2.4725356721985947,-1.3840785322962148,1.0582065749907512,0.24252936748765322,-1.109752783817872,-0.2556656594529409,634236.6517
-0.8253082790581188,-0.5101904348470422,-0.8997709572948942,-0.9832617594310005,-0.7743060135682874,0.05657896038424561,115582.8138
-1.1431560344818668,0.6506927145735812,2.2210286882593846,-1.2144612183702612,0.5378844413081487,1.8129935190240378,155192.2549
-0.13664836037550532,0.034230030524685304,0.2541169071932045,-1.5335020517906939,1.9123109603463424,-1.8251423201193009,221604.3822
1.7945232378066718,1.4242466149232622,-1.4652777486495396,0.46002926727661003,0.34846888556412664,-0.9964441501243363,391482.9572
-0.7229309158377496,-1.4500320221751102,-0.10967547946612852,-2.293478114992906,0.5877809355326858,0.00630184604229758,138522.2516
-1.0927472658933144,-0.2774620345758141,-0.08318520590756692,1.782310595727173,1.7136023221971923,2.2945782063421087,277576.4536
-0.5938988483550994,2.6174609665087685,0.8505211907420234,0.10221503813669781,-0.03863837296779428,-0.8114525604645433,200794.2658
-0.6846518328485985,0.8384021694017701,-0.9391689181992041,-0.022099395142040595,-1.9122712818084724,0.7401439382504992,388822.7101
2.6515219699769674,-0.2879052303773039,-0.9400113183159977,-0.4641573104213743,-0.09817496632467411,-0.1851077766580057,502681.1407
1.3193469711540298,1.001107945411773,-0.4019956839111261,-0.962990465782888,-0.9051007531381431,-0.46814133445931916,257261.2663
2.6526206248430735,0.1549771946776884,0.38656155023967026,0.14189405780854478,1.1199075478234264,-0.817390977677546,558091.1803
3.2326468063460756,1.2728426340987906,-0.12290052104024195,-0.7573847657732597,-0.0011679509183241984,-0.01326731925718543,284664.4704
-1.76819423012602,-0.6103129638806252,1.0474033908236575,-1.3144701681745445,-1.5780096039043432,-0.11685558692959641,238735.4337
-0.3456938607312121,-0.44175581063839414,0.07090386711432745,0.02217719751943321,-1.6740741162761996,-1.1066401538724417,233192.9191
1.4074139806474548,-0.011655564582383272,-0.7329497636799505,-0.9561049432626603,-1.0931127491132477,0.8341245092057246,219438.7073
-0.9122082710719547,1.888586314945022,1.9356642381783342,0.9960007732595958,0.651141055422153,0.40308584324351804,299562.5482
-2.2259434728578036,2.2863143866642357,2.465222597198845,-0.8383300882613383,1.236930256806659,-0.03314506230012569,94893.72949
-0.6292222421883313,0.31850253481142227,1.3421829801936846,0.604297929800691,-0.19657887913146577,-1.5908592057026234,144546.0256
1.4794844543248145,-0.9416157510619949,-1.784538926818383,0.1752278409466533,-0.15459241299504267,0.8289098038877659,276745.1316
-0.9473626309206629,1.2926622185150582,0.6326416246363035,1.8484697044087153,2.2775797248050678,3.3711158501909435,243095.2922
-1.6947897547980149,-0.13543183021632488,0.5297078711286042,-0.3554122452322339,0.9208016442394571,0.5815123100046424,144095.3205
2.047184988285439,0.8613029024631337,-0.5511199591456505,2.4438523513769748,0.534738996908835,-0.4368436945781305,527517.4762
-1.4223294903809918,0.29730631463274765,-1.3715954599470508,-0.8264453733458461,-1.4474953279040648,-0.601128348520215,172170.5016
-0.06621933349298097,-1.1423955891202817,0.7953108093557538,-0.46335905227017504,0.7232108012479534,-0.1799518962175684,294184.9964
0.1915194691510646,-0.6713105126510798,1.3519754159237503,-0.8122933175314305,-0.9644082910941726,0.9088100017854127,126326.4729
2.9673862940807574,0.8840744620392701,-1.9477060091695497,0.7568286259133135,-1.6222162926889085,0.5590941203973285,801352.1832
-0.375274123339572,-0.6367996017946843,-0.7053194577110861,-1.1328383570418563,-0.43240039912002287,-0.7901719600935182,291554.8425
-2.5155965313051345,0.08668058882988608,0.07904362753650271,0.3180156916132068,-0.6069512857789877,1.5642353755031895,268660.3877
0.6595905142145234,1.5400997099925715,0.005216304051203412,0.28382495485870946,-1.0280476255357018,-1.391903815460793,406620.216
-0.06546527357075195,-0.5455569204970622,-0.3925698851151967,0.3633530020182612,-0.47321023267104356,-1.325326918644244,265806.8971
2.4765780746769686,1.162752863448826,-0.5269720411704728,-0.7300387308685568,1.2415986588727186,-1.005517338972929,311079.6871
0.9709058210953194,0.682972953001135,0.3549324754614546,-0.6163285003409549,0.49170173502691894,-0.8180847417408156,313837.4258
-0.6927168565820079,2.4753040469333625,-2.2054846019649452,0.18626519213848253,-0.7309997568453556,-0.8954982488549149,265184.1466
2.2272563887578674,-0.5336337410782072,1.2012626057146847,-0.6381759194427562,-0.5899068566160097,-0.39439099416449097,314011.1561
-2.553945181793522,0.18710117704085297,-0.10365053472368108,0.2860166156159402,-0.2579950288495384,0.8766290233143841,224462.6259
-1.8996771308464286,-0.7051995891682654,1.6588058648381627,0.104681531646085,0.9137186271577827,-0.9491378777083672,216027.484
-0.18536015490974486,1.706167190810757,0.4461720094308497,-1.050950367479025,0.3203287515864148,-0.6848094184795445,243836.8679
3.728088598047201,-0.28444100405450756,-0.010584619112510603,0.5191533539089145,-1.5204833932149195,0.363354296295813,333808.6597
-1.6829760685121116,0.5095007868458895,-0.018344225188265926,0.9202562682698627,1.1327619562693767,-0.5092895470763134,106660.6252
-0.9121927828738801,-0.23366509484349662,-1.135316438117303,-0.5199126488097155,-1.0573756851671845,-1.1417773375511295,299295.496
1.9097641597633432,-1.3627493365760985,-0.45852188750723516,0.25102396312222963,0.42864007025326273,-0.9406710392372893,620643.526
-1.261416394865786,-0.6538628640829268,-0.719574426585327,-0.3493644310960936,0.199006455302178,-0.45870043956990836,243314.3963
1.0079839339438343,-1.0545700320464932,0.5925842125389764,-1.7712018662904165,-1.6302382243921363,0.5753060396846201,286863.768
1.4368292295296101,-1.0865355531861767,-1.5580862157035367,-0.24268084737370313,-0.3774581801738767,0.34882140161586256,312914.8435
1.098087157935799,-0.7505370345551593,0.9203851992660533,-0.6718900374564379,2.1659361493838016,-1.2707295598618258,437594.4926
-2.455405577281019,-1.2071503376112496,-1.025698238618262,-1.0074673968144492,-0.45284772617354135,-1.071152894789099,190286.3937
-0.45519301189538797,-0.42173028900661325,0.03290655115509354,-0.5600427008988228,0.2130596008337404,0.5721598518418485,139014.6639
-0.9719973606311744,-1.6188319513126392,0.7661199716682415,0.23270140210213308,0.6470502955462747,1.8397963222341858,285480.6974
-0.27237057961808786,-1.4895533449639489,-1.0872907327150163,2.3189910621735925,-1.3843853348544801,0.3047599252986202,664778.3726
0.8102508752230759,1.5543627209964115,0.6014895541702763,-0.37399238858603656,1.4462658210024353,-1.1112621053684495,234702.934
1.6285085405996722,-0.5392486995943466,1.7151336372126451,0.057303636752358326,2.0916195516871046,0.23755799589165544,277124.1579
3.5117765514906916,1.1183392399612284,-0.20218404781583396,-0.06227418077767416,1.6142524669238059,0.9733123409658185,596871.5103
0.4453988236946189,-0.8998773520323047,-0.5069545618630192,-1.1029335960274365,0.38076818713415617,-1.5878736573462808,171563.133
0.951350696423781,-0.10270961563598181,-0.5093364551626626,0.4278336210815223,0.99995468748412,-0.5004625239129249,620485.497
-0.7691102100401083,-0.5513792599826018,1.3701783056003443,0.1998929923859826,0.7666119894042639,-1.2596160227503361,166401.0351
-2.022762293922233,-0.14667713866142895,0.3464308116801354,-0.2665538812311612,-0.5928987197533612,-0.04599190620647479,155966.8368
1.51502007651726,0.7175398848143187,1.0246500547956785,-0.5245058965831584,0.37712806183250186,-0.9012666267705283,243713.4611
1.2085099973416187,-1.7579863489180518,0.30777277649918466,0.5160195906091575,1.8991804943642268,-0.22921761982493555,364915.3492
0.23550409459296143,1.6189113000289326,0.033883133294447136,0.22279739257821599,-1.017000523774884,0.6383009020108571,317209.8854
-1.572113740445214,-0.9809169249037666,-0.3639683897515027,-0.7605384886153636,0.786639151241665,-0.48678144595532,89507.31472
-2.2296500469719867,0.1310448209782204,-0.9903835981309069,0.4201932251401831,-1.5392390291272162,1.2146587501894393,168172.0172
-2.8526830735265296,-1.4141354754532107,-0.6162540028662827,-0.37894102568994115,-1.9828492735813277,0.22750395914953697,107426.5406
0.012702157934828042,0.1419172102896252,2.4749738120853317,-0.827890381895907,-0.05977572129909455,0.39826782664680477,87592.69696
-1.2872480823743526,-0.7161695065695772,0.10851935864816402,1.289126954972899,-0.4330025437519222,0.0438216710049932,174603.251
1.8154582421239285,0.0367057845919826,0.9601981922330183,0.25316603491315065,-0.6288338361349445,0.2567091780890808,668152.1142
-0.48299434237573996,0.6314423602756054,1.1416635534764628,-0.01980648404553483,-1.4275289514865543,-0.03564772966955485,114055.9299
0.5287708682781974,-1.3356871569220297,-0.40996612908974417,2.125169427300326,-0.47889763397049767,0.7386223931033411,379709.2558
-1.2306273430673333,0.16897086163896496,-1.0287229964243363,-0.8531020332815766,-0.942425085157418,0.2340395503771062,184345.9638
1.439029365086582,-1.8585866988814035,-1.4664041523756521,0.4516264235985325,0.2959760332622256,-0.8015594328310675,647940.0255
-2.787059812813999,-1.501166796827938,-1.406009659785411,-1.1174128360376872,0.89529082288603,0.14915502470877956,152156.6843
3.649662994380796,-0.1859117872124654,1.1382228430988457,-0.0969767269268871,0.06631332546333892,0.18585545619545785,577973.6383
-1.0191657262968503,0.5302793479448805,0.37836069038611403,1.3034876504115334,-0.8702928447443955,0.9049520407264424,164053.6481
-1.0677248615152284,-1.2134575874693154,-0.8036791568687198,0.3371097052574509,0.306962326743608,-0.43348765998167377,220116.8995
1.0910710096871947,-0.32187591125625503,-0.7514621457669398,0.006735736846456991,-0.948623423728838,1.2041925383372802,347992.3326
1.442416354543387,-0.1972663820132118,1.516200894115443,-0.6886844477827306,-0.30795641598264534,-0.7264497437581628,407982.6534
-0.1864277957424082,0.28219036195858554,1.9650948330725146,0.5451703817069371,-2.247254475754297,0.4766977223723674,495983.2214
1.4216686665673248,0.5419634011790575,-0.485594138989001,-1.139395487804598,1.4582245270646697,3.1610163335530364,351533.8074
-2.2982447387869978,0.16361021892961145,1.3219088480047636,1.4363729880221405,0.5731522565146695,1.4639715468872736,263045.3486
1.2872713434149692,0.019747082189397566,1.2591353593026013,-0.9173731507512655,-0.8324122230264219,0.5662486190343792,231689.9809
-2.880950933759407,-0.44087900735997526,-1.2395946422957174,1.4729413141241552,0.16383746455079667,-0.3820024643854323,100671.6346
0.641904211323934,2.389940673124744,0.18031177364608453,1.7683187329423429,-0.7537299211284922,0.7322400117897171,228320.9626
1.1270040884095327,-1.2918651487145367,0.5191618952119228,-1.3437718867260773,-0.7326553249896738,0.020804119136943938,455923.3553
-2.700330695816001,-1.018149168555839,0.20753197383903008,-2.4146913621345902,-0.26736766108343296,-0.6158971852960134,145622.0632
2.7012224960400655,-1.3551960794851803,-2.0038605574062753,0.44580072404102805,-0.043608064417364624,0.08157355373107637,458837.414
-0.909338921951099,2.1468502290632507,-0.8027812330499524,0.3096056950825214,0.8853025455738046,-0.6930199606957129,125356.8514
0.15218521298504384,-1.5484842394830136,0.8044272727493043,-1.0984704157956642,-1.801164404242574,1.1550924202134374,386853.4093
1.1402554257168032,-1.1004172522997726,-1.0825561277065907,1.5313778539303662,-1.512351127759261,-0.4888975544773457,504576.2147
0.3986698643409744,-0.5746485835376262,2.442417634132139,0.15119415096061917,-1.733564432727967,-0.6562941605595676,290723.6744
-2.360368521089996,-3.014980460301796,-1.0316044742844674,2.6776428248807296,-0.1838551234879879,0.09228587835521693,249253.7187
-0.6889806710207191,-1.7218507739183404,1.0334640607757037,0.21107892354329322,1.0165753761311855,-0.4708699149838624,172082.2746
2.810858292778582,0.6365233443249515,-0.5992898744054828,-0.7261797431996804,-0.6104256975974233,0.2970943653538214,701063.0109
-0.13912678000958825,0.06104311348046291,0.25097873862398534,-1.2371857262550265,-0.9862803045206002,-1.3426994644704735,255223.1838
-0.622352964471484,0.6730210904502439,-1.7298167528203192,0.08077219911377885,-0.6373778144154065,-0.6418290822556141,276946.0848
2.641322881280354,-0.28339006161573166,0.03247687382823228,-0.3556999092905134,1.51244778168197,0.3413504767439544,527403.0778
-1.4481356374315044,1.6044192444671879,0.12850469355392913,-0.5233561244635037,-0.24204826601990173,1.5556765502373993,106858.1898
1.5262026766269279,-0.6307478483074013,-0.4932611868710653,-0.387162147410355,-1.296461308147288,-0.4775392110591032,473517.8678
-1.070093212058634,0.6317457132624246,-1.47641191991066,-0.03192197741955319,-2.5220330383949654,0.056787866040375605,173749.1011
-0.41877246366787035,-1.244649504358051,-0.48426635073571583,-1.7391624966105956,0.061468288841979336,-0.5744008881365891,174112.8032
-1.5543080893277423,1.368235061234482,0.3520750080925326,0.3412045968613567,-0.6468326379541347,0.21694439710307872,273206.7468
0.609247792007502,1.8857123214359355,0.06704482530556186,-0.10765923896721266,-0.4816893215803149,-0.026814155059412096,106203.7719
-0.9658468641966783,-1.450954199349097,-0.15446142891263945,0.3462193378563876,-0.7747231408409345,0.6660608639520573,392429.0313
-1.806506096586022,-2.0407873342984617,-0.9248342610923466,1.2784072155973467,-0.8090815766734446,-1.1014279878050148,292651.1657
-0.7488414109295415,1.3760984926278574,0.8586500813946083,0.7488953195636642,0.3375981179473645,-1.2390522764202696,137434.8608
0.747537957901274,-0.16135086479069088,-0.8444714471672151,-0.3171234155579846,-0.5178020791448599,0.6187238592752824,241637.9918
2.5823273624285017,0.8934893444586683,-0.36231051451767277,2.155457137968724,0.6394778408151532,1.785144003525231,728016.4966
0.28900854604679677,-0.6974170406884289,-2.015251533022899,1.234031753201323,0.2782156181236665,-0.9286145797067948,450754.4439
0.558494204502938,0.3282572940204456,0.3395175141667625,0.03639584556816476,-0.4355847200807547,0.2795534671345403,184023.9313
-1.2381409491700057,1.6855594904888254,-0.9934433459269761,-2.03447198504827,0.24325852506713883,-0.8020345247743019,129585.866
-0.06943064652263392,-0.03480281054813883,1.72242579899011,-0.3824831217911135,0.1433766675586062,1.5544130447084037,189464.8595
0.7424081165381963,1.4430525931136966,-1.3033823016668564,0.001385623825639303,-2.2810765461684985,1.5953083396892043,192709.4402
-1.6897504855165224,2.698013418922206,0.042830909533221835,1.2804719634106074,-0.7996294572365089,-0.6613793338216793,87553.43304
0.0764559999768745,0.9493121217125053,-0.8506876166141696,1.6504276870007737,-0.30777496782671826,-1.3852638082577726,294734.4667
0.858607056695712,-0.18065595354856856,-1.6364188081349924,-0.5463406782494811,1.0992936784730634,-0.22947701970909934,266314.2278
3.098531756772209,0.05545576037781438,-0.8712808487965391,0.3373245734772637,-1.2718161810997914,0.5481892671801694,592114.7018
-1.3096120433465486,-0.46838903156278183,0.43682953648661915,1.101077080971804,0.6797095316941737,0.5440004667579987,172264.1938
1.6276298515688574,1.0788558215517985,0.14960940796328645,-0.3565542306914885,1.787861998820877,0.8918324400921855,451392.1117
-0.36261202541571425,1.7609903628000954,-0.07758710276574168,-0.06792199004548032,-0.3824850810039052,0.9351548722449929,189542.5624
-1.4323103942538589,-0.5401629703474433,-2.961247192872766,-0.5141030521088823,-0.03219442702794335,0.7894142904269736,154377.7289
-2.535119037312707,-1.4558348703471913,2.0527611378514763,-0.7443541288847333,0.8674093458257998,1.9291380492489871,247646.9723
-3.2992047003373246,-1.1270708610097255,-0.31647286138506703,0.7929215038753769,0.6775220221776895,0.9520798042373388,115076.6196
0.5847826562376365,-0.6106102008922335,-0.05912421203848651,0.08663225271495485,-0.7413154364675233,0.4516725910061877,325171.012
0.1275091595348192,0.0009250227622242538,1.5049014454017382,0.883229697933492,2.3568657573037854,-0.32915497436676583,404649.8598
-0.5376873777344338,-0.08764054728325274,0.370149089718087,1.18142852715797,-0.008211946716481601,0.3686632485550816,268498.1044
-0.38045125262755974,-0.515897920310324,0.1902813506304291,-2.1615250819009084,0.5735043066040252,-0.3667058619915848,244151.4962
1.0749690992046779,-0.4371222566052647,-1.0841669951105444,0.3022843981792335,0.0526142921238119,2.7816912223632295,542507.0004
0.44968185013377027,-0.2720450385811014,0.7613610929760521,0.22536499437496813,-0.3098746316045071,-1.0580961034002807,257834.9712
1.666823039042398,0.5599370451311966,-1.1965329538446365,-0.341843084289321,-0.5091398050793524,-0.7124690867262703,446524.2008
0.024841884490635107,-2.0323727433835757,-1.294937274555624,0.22746792591228077,-0.3993477846712241,-0.8811991596216379,523759.2625
0.6449029502082407,-0.5460695171014728,0.9264892216619693,-0.8592148481782702,-1.234239865334347,0.8263666639804048,214599.2362
-0.12864261449319833,-0.5782871961308687,-0.29197261662748974,0.8037612556353991,-0.10037679747424427,2.1777326863659794,411991.4629
-0.015371879660731383,-0.6733017152648567,1.1459608834887987,-0.8667680932623953,-0.21042253520661014,0.2661914999884164,209226.8989
0.12474533136436733,1.0747106802075042,0.880085832942461,-2.337163619560224,-1.7252588464426621,0.21696903356363811,235726.9397
0.8751047011963415,-0.8517414888039175,0.507622014704958,-1.6704773017535313,0.3799039271093195,0.7219067529794323,220458.9936
-0.2689176665477417,0.1124127671584169,1.9937072899600394,-0.767039272896515,-0.9848534843907604,0.3157331096968359,326257.5547
-2.4631029177283468,-0.5327437764684578,0.4747754069390301,-0.30523100343692183,-1.2219765795696829,0.2777525992117329,195380.3873
-1.5135165568821183,0.08501611032270963,0.9305902745865661,0.08750950266787395,-0.6166068460527544,1.2886565122628377,200222.2152
-2.3583840576300057,3.521736111462036,-0.7372720629648781,1.982727214729281,-0.46431099929815156,0.8131718226873729,115898.4252
0.9413567875804616,0.9651385700638435,1.2918431364800307,0.4279952375221766,2.140091843933526,-2.1891367158580533,310388.4997
2.5367051660423074,0.14846619043702183,-0.23495479482426135,1.3562999011928014,-1.1680593669165642,0.19074567190269706,498427.3212
0.08155324606182421,1.7573865192509455,0.49996978478783,0.3310704684715089,-1.7081408638135491,0.5848507179089405,175804.0395
1.5994230056028111,0.18292947810696386,0.19663694327024428,-0.5351750628688202,1.336954009941053,-0.5879558922200715,333119.4581
-0.3937213935692508,1.580442382907769,-0.2797472421934627,0.21078803944450838,-2.3371052160590122,0.0955020276336337,272175.1689
-2.7030882190117653,1.1326233757500632,0.06159549840336006,-0.9325229743413643,0.7858081519844254,0.20459924311387007,180489.4816
-0.5062824195958177,0.30639875592964144,0.5539669389209704,-1.5600590908012286,1.5491851810054853,-0.5148563318784479,178832.3372
-0.7301656717878898,-1.9785924524201997,-0.5596765233821583,-0.3100170816682168,-0.16612377734095385,0.01808882957589387,246774.391
-0.06033991423717987,0.20677329114657553,-0.8753895142369705,-0.08272165697043674,0.4140177405199239,-0.6996447638981077,367857.0917
1.6525648353501903,-0.2868406991815231,0.7568771911232037,0.12519610406168338,1.5501564166854807,-0.8258436091859878,352118.863
3.0098269220693497,-1.720775804236429,-0.580614520586218,0.20306679708175415,0.8716983848102352,-0.11810354770957114,436686.29
-0.16630448354212343,-0.26115910685010096,0.21856433952248225,1.244876392280555,0.09782602277717024,-0.8261487710782847,266635.8168
0.2792013510171317,1.0973669065514533,0.7417830891332556,0.09983946266071225,-0.538769802966016,0.025408974267606393,216118.7539
0.16909229764526754,1.8833638575019245,-0.3700444426105337,-0.20866791915274646,-0.2792592302932174,-1.1671086205898784,381030.2686
0.4674185454436924,0.807941225237519,1.340618373104169,-0.2940420266538786,-1.5854749866669129,-0.5526316457498187,445123.7902
-0.9581630339048991,-1.8911367510828727,0.8217155688509601,-0.5127767221133215,1.9981123715031461,2.994275577099213,290193.7822
-1.6843559477416092,0.2311740016982661,-1.3046065183681694,0.14116116567681997,-1.0231480606239074,-0.9654038666330117,146184.7259
-3.9836225759390382,0.7188563092262227,-0.39453559781873115,-0.3595862261837701,0.718968185186331,-0.0708380011484256,167505.027
0.8747112967129002,1.6100177199466108,0.6266569747376246,-0.19200701397741798,-0.872275710316224,-0.6256307930698832,338592.5273
-1.7610567398746113,2.2467887245637286,0.24302551306252665,-2.058768704427813,-0.6799836828331498,-0.05740691392329748,126734.4481
-1.7680245106290555,0.720233034844627,-2.1081399113608708,-1.1608208318859374,0.6023552746095411,-1.006477048884594,106573.5554
2.640838435787437,-0.9900838811920833,-0.7145167714365633,0.8103031115033055,-0.12631501618165478,-0.9657680044524874,429336.5244
1.7882274409123802,-3.2557227036301186,-0.3495491401918402,0.6674072027257657,1.0693490092764475,-0.3654714643227424,307431.951
-1.3324234870672442,-1.8210257797755771,-0.5942757050877712,-0.49913950777435867,-0.040991046761067684,-0.19768658797343083,192298.4441
-0.8423156559036431,-0.21722995791431393,-2.1853047109305055,-0.27296793473455966,-0.007653532818264828,-2.128397194773461,348718.2566
1.4922589895962106,1.3027419217500187,1.0835958802325092,-0.622082249523669,-0.47617887063371983,0.9715055547091711,253793.309
-1.6923473561804843,1.5556388596528474,-0.2603036113058679,-1.3059884073304528,1.038095927377427,-0.2776034701350945,324138.1524
-1.0910771177972645,-0.23778564218721895,0.6150820776611842,-1.0132733452647809,0.19534660523067715,1.1485496739104217,209459.8706
-4.4714203205837375,-0.4134097878462584,-0.655977776905748,-0.5561278176286407,-1.456647474421269,0.8463633149417311,311554.6722
-2.4609644131242643,-0.3174433440168043,-2.5342913323395444,0.5514162419423289,0.11412425225457486,-0.7111864715031275,166416.1392
2.4082395501277714,-0.7223849576473838,0.49844414727219594,-0.9993674758119548,-0.4182032220458365,0.2660080414721569,387598.4927
-1.0981822011018052,-0.5432582502553791,-1.1109248334466488,0.8672598673858899,1.010719437800303,-0.42358334191409575,293436.3778
2.6173131480026273,-0.19528422659724848,0.38830288324687556,-0.16063035713444776,-0.6791484979827247,-0.4614412777401382,559270.6017
-0.17288873059100948,-0.2119094092282134,1.2359411464547916,0.11905020863440423,0.7741283166275265,0.6344180619494841,275386.7579
-0.1436009239113384,-1.1288143574069547,0.5060516888618651,-1.6523209934161986,0.8687141271143843,-0.4862797122869913,123995.3891
-1.2528526339737758,-0.4431188259934905,-0.046878194041149394,0.3267321635465519,-0.43306613720874426,1.12490239574494,185993.6128
1.5818410066933717,1.1437904062820565,0.23345391530072107,-0.868109588748298,-0.121383967575145,-1.0112884443759427,347272.8982
-1.1943513364026659,-1.4164053570631625,1.7603100130544318,1.330811609206168,0.08104349910773899,-0.7025188221230451,168852.6152
-1.8864437092890225,-1.8352293422701884,-0.16059624393022584,-0.7561087503781118,-1.3620426471671379,1.0753688814922757,274219.2224
0.9773717376199769,-0.38203922402918494,2.05615071904987,-1.3989887658544449,0.10532974381332995,0.5979439625283787,220880.9254
0.9238515620774188,-0.675489580846053,-1.81626240745156,1.3712080564573068,-1.7286077356235896,-0.03387645972901158,436583.3912
-0.983936352099756,-0.8819404727162504,-1.4252542863212907,-0.5467027531796388,0.2348643560405141,-0.9858433289044353,264995.9968
-1.6513926749908068,1.5957385164638829,1.0397671176313275,0.9036004585285701,-0.7327872408880571,0.36854883634041935,180264.3626
-0.6364715630706375,-1.1978760109999718,-0.23348177310927967,-0.5979450969845849,0.43687361015833415,0.40680890475631654,311390.3588
-0.5526861086270599,1.4207885867591283,-0.8742444686189599,0.9760037514036171,0.22216205824264632,0.7273325601431714,244642.5188
-2.4373703916175025,-0.9206239580794754,1.546709276912334,0.4156819499547426,-0.26319363805483825,-0.4506114697251742,147432.4916
-0.3659969225096976,1.6353274084506586,2.0765893379046427,0.054660304274217156,0.7596841978329402,-1.6135038821229337,169045.8255
-3.075031931936059,-1.1974294084756771,-0.260663882214397,0.6484106643803665,0.5125165881218787,1.8790699922868896,140598.8579
-1.9770434753238042,-0.33145128615719016,0.48979989819370545,-0.4652146708644249,-0.04019141506293443,-0.5841531809567185,247071.616
-1.9949968435140564,-0.4017118171613626,-0.49487318083682663,-1.4982367579338498,1.4606736988221363,-1.0939299137338938,160568.0355
-1.5671823232632867,-0.9647936512359486,2.350399029824085,0.5433344620181011,-1.9578523474634602,-0.9752377070349326,181325.5549
3.7623270067211028,1.2419804705338404,-0.11301968131868,-1.5169238280443897,1.306831192696629,0.09897986016325123,403407.0994
-0.10331058836966528,0.08851123548376508,-0.7158455931564306,-0.504408773739511,-0.49077087537375597,1.6439873834244634,229290.5403
-1.6001660640560937,-0.8572140417940212,-0.3509744652353378,-0.6997016449489171,-1.127415054352377,0.5627582753477604,331012.6022
1.8946207580927092,-0.7721241061107745,1.3273424818538833,-0.7172860181681043,1.0306938223888864,-0.22683249694545138,297790.4311
-0.923284113957747,1.6367595337921286,0.2450482482759521,0.9282541463743335,1.2504535987823258,1.4132599319285208,109519.9162
-2.107691526225266,-1.4000742360929161,-0.8148694584820309,-0.23868866436671074,-0.10043132883301055,1.400959646199806,228840.023
-2.056134271904528,-1.150215468918038,-0.5859573534223202,-0.5360186783973585,0.5573616582157891,-0.4080710937931323,164642.1452
0.3539575292287315,0.07324050713663474,-0.9209051403027485,-0.310106819123379,-0.4637247200218798,0.15967485928040015,368724.117
2.202306434573233,-0.768171458113826,0.10576897678050681,-0.6013078164586863,1.1960485901260673,-0.3734564666766149,716433.5331
-1.2247938263285316,-2.039378910302733,-1.0301970739320152,1.6709079404653977,-0.5376383388800657,0.5501501288840077,301249.9623
-2.2540073100883817,0.7201087410165603,0.5010366898512524,0.0033525150423869047,0.3010454609925487,-0.6128606220531901,191719.6633
-0.7114841586651511,0.7339461088210281,-1.4577429094842769,1.1740400100318138,0.8255484471582583,-1.3727172184336387,109352.9138
-1.738643435066632,1.7065044935904008,-0.5396966353776143,0.9861083697350492,-0.7216693584226724,-0.798200495026869,112111.933
0.7724789040634702,-1.483853300427201,-0.938354189575782,0.775990470946941,0.41595040715655707,-1.5699410109177407,292428.3672
0.9402744215107196,0.37907778339930176,0.9461322308969754,-0.29583772454499446,-2.232438064186317,0.4665425635692782,285671.5703
4.247857235282626,-1.3500516508648506,0.20684698082914232,1.6918985394112247,-0.32779031798714553,0.7187259094881017,740112.2268
-0.8830581133420851,1.7195932327967847,0.19269832488220867,-1.5250525647989552,0.9042578884011278,1.5377958669718053,132210.7474
-0.8380194188641599,2.004094943098557,-0.5927423838751836,-0.37808131804872963,0.31265076103907635,1.7215816862142967,123607.752
-2.814589005794536,-0.38864343336626783,0.4506656080681857,-0.48079694122938454,-1.3019870619756782,-1.0826389819367517,107785.5137
0.41001035648364587,-0.9278232760792243,-0.6644907706398406,2.6474573586110304,0.8674868908395043,0.49217334004802676,560377.0145
1.4688467531287028,1.8147317538432233,0.1244022527081434,0.788695621305874,0.06849715006131347,-0.9243678986244209,445000.4992
1.528366768246801,-1.191567213750973,-0.7195802919999795,0.9355492592756077,-0.08659630490007747,0.7571106489386612,585904.7904
2.395986720036557,0.5302132249434465,-1.7141043280099229,0.4837906677842025,-1.13298606031285,1.2007368921032493,548801.6252
0.5030269255821483,0.7546256991505914,-1.2338479325072305,1.7861241428224568,-0.19555115680630647,-0.7711397123502229,454510.2017
-0.14643503774832134,2.9742330642400825,-0.03279260911873512,0.3033314531857302,-1.2276081719123624,0.2217090578439023,247871.7929
-0.4691635873888009,0.057529192605636964,0.4282379850680146,-0.7438381344497622,-1.1124001011405502,-0.15912105632081344,169035.3533
-0.6875353943671603,0.810260964832158,0.07402047546153416,-1.1369962993139218,-0.3645250183233381,0.1720187318667985,294636.4247
-0.8447112785435652,-0.018850277278514876,0.4045637537336332,1.203362393003759,-0.10325043968622968,-0.09906862310597926,335479.1449
-0.7709676898931993,-1.207564971884987,1.362010416330089,-1.0961335111385648,-0.5405309598666701,0.2531310222305897,174486.9737
-0.4797076111821595,0.4064622808975102,0.9959807981523985,-1.7830950279732958,-0.5960432053853624,0.37120480949415235,161024.8989
0.7658658512468696,1.852010315814684,-0.48317109665306845,-0.5566263523746345,-1.0389610579519788,-1.6171419427147642,341453.6385
1.1304642369351259,0.06686131039510222,0.6772838235921065,-0.08346874205218553,0.4274134112157108,-0.0031129704202940635,366320.0461
-0.46706516804615805,-1.9135728343376996,-0.5366010779466897,-0.5562998890074856,0.022551630247694496,-0.8759059014150512,384302.9634
0.9673339591157833,0.9253504275931416,0.5139249547762597,0.09363196309092597,-0.7078811237138858,-0.12616698054676628,369374.0785
-1.9570269232257653,0.42992018677634236,2.932489018902653,2.5508033721941454,0.10484773651285388,-0.5225414371682338,133195.6287
-1.0620977250078019,-0.46669570905866414,0.697496071489267,-0.5074011295234006,1.3541777953129202,-0.24337066964139198,187035.2859
-0.06895610783099441,0.7128661207488073,0.3573881898822318,0.4315231355283284,-2.2014132801770128,-1.027703377507875,390743.2922
0.0019150788538875516,-1.3647056770574624,0.3635994074745866,1.2744206845807526,0.5074789196379901,0.25499838195484104,533515.2737
4.014463685941993,-0.782045539669357,0.8125889031190343,0.5686882692854349,-0.8698083844414057,-0.037404003932358036,447754.7187
-1.0843301728827202,0.3361775442826321,0.501193018293129,0.49949853185803206,-0.900330632853201,1.1540993094440466,203826.3253
1.6836221974313776,2.1817977113084672,-2.0033890750644767,-0.22552616604238757,-0.2841721646131771,1.2889568270591172,299748.049
-0.15630336242575446,0.5357895605653502,-0.08182923739024507,-0.9126807795043854,-0.0973305937088936,0.5089980460204067,176180.2675
-1.3015979878703043,0.36942860537563743,1.9958402260835126,-1.3159312137167058,0.34692164166707823,0.9104141337858469,141906.3328
-0.783047353315015,0.11783764642576276,1.6734420733616038,-0.3132763522488821,-0.2853741280918159,-0.789234094275077,166410.2939
0.6179340933180455,-1.105687668866204,2.1818314053479333,-0.7382904257380849,-0.040311140891736555,-1.6182432963896558,220449.0188
-2.3005880332417052,-0.43680152727126753,2.576656193593383,1.4725831303882173,-0.624803383357055,-0.41790134069133783,167060.5385
1.949252086360878,-1.608404142412154,1.2783386383883977,0.9581980087686632,-0.7620371695773062,1.31495167638336,595309.7115
0.7326378066950606,0.1173158156410866,0.4047868690718223,-0.039964561653449034,0.8220847854939064,-0.6743163337672086,238031.5034
0.9789246366085168,0.9937720002573248,-0.7216942058242087,0.95604964604969,-1.1505716490519118,-0.27595189106751516,294966.6083
1.43753428063927,2.253289960709686,-1.1243374755120679,2.2742020482634002,-0.2945284819335828,1.0446062393687587,387022.6954
0.49208771151455766,-0.8538023392141124,0.07574036061913278,0.35969016547805976,-0.03368213109479309,0.16234338543250676,358954.4705
-0.6688845797783448,1.2264522864615808,1.9962291938281376,1.7387803844018352,0.8116222819222357,-2.7347475839803037,182090.5999
-1.6053780296242215,1.8016591690270896,1.2631014739044037,1.7368944315009038,-0.754009581609839,-0.2954084599685499,306499.0732
-0.08193712355590944,0.9240901676196984,2.6267024933434553,0.32873664961007737,-1.1116559677455629,-0.8007125114733528,239145.3146
-1.7640483904442048,-1.5191265686743436,-1.0867701067970388,-0.0313701143572349,-0.1456234170065719,0.3166336211629748,147605.9
0.31038124668851774,0.4337357339512839,0.9329699360521377,-0.29538116435824946,-1.7685843542009902,0.8461663992288467,223834.2497
-1.3176824133496898,-0.4114834415114505,-0.4271565473244544,-0.7454068778330966,-0.23759187841351517,-1.1833415338687288,147751.6192
0.1657710134344126,0.06058507566535411,-0.40374067253182033,-0.7179763891169322,0.2570567046711998,-1.0887235751809432,172946.3162
-1.0712114854104844,1.6043242682417607,-0.11192209826646357,-1.6562901510350787,-0.5804385951038272,-0.6786202176937403,106683.0052
0.0757783140869589,-1.128984370553634,-0.05414763651763273,0.39750688263066497,0.9037972944806009,-0.06883305320659042,377484.9406
2.0191078193314373,1.1200634728825731,-0.5933129180740402,0.024470596618485614,0.1624371434732796,-0.6223047597247255,259129.7683
0.4031627609054127,-0.5288687719992508,0.4159314418661622,-2.444493595404138,0.32215989402158407,-0.7186953032215484,221652.5832
-0.19167823128086722,-0.8180297349144965,-0.2713303010602049,0.2091355175200391,-0.06829429396644589,-0.22785184478935272,183995.1525
1.9103137546938902,0.48680972659822036,1.082800022332877,0.39573090163277547,-0.11504996240676393,-0.35945382627499023,439736.5995
-1.7007753941860133,1.05123029646108,2.3757032511067853,1.7188959508160597,2.910290327652515,-1.061733741235257,325228.2416
1.1737917021356266,0.4364247556990645,-1.4445710003468835,0.4790711499535303,-0.37429646912416825,-0.025162502315985064,277072.5336
-1.1555123993730287,0.5936014914416728,-0.5723414640916809,-0.4530746718582173,-0.6009273995739306,0.01505517396174714,126781.413
-2.9838588439535894,-0.9631347639284734,0.575990824987902,2.275517029244697,0.6541090746517841,1.8508258027436268,118293.0448
1.0304275930604456,0.9738006432471618,0.90559800158319,-0.014926256427233817,-1.4459866711296387,0.8377291421268999,408199.614
-1.9504394551415898,-0.4762651681506727,-1.8330552597538279,-0.47446049757811437,-1.063693651817074,-0.6411816108539864,317286.8387
0.8623727237275798,1.2423834457234313,-0.2962706930985356,0.6382450159271097,-0.4680898126791168,0.6686508726963951,237747.1793
0.1939195003972272,-0.48871783990827494,-1.055698952715647,-0.3411961807877087,-0.8941736331014679,-0.2840321009097997,368140.5532
-1.9785289510926911,-2.1244795733791118,0.38670880691002735,-1.5283893811436757,-1.26381119832786,-0.12702180057892282,190796.713
-3.8635159275454485,0.19619576896707472,1.5813555800322734,0.47290663304948377,0.0941992995335476,0.03241515594125435,130991.5648
3.0266640545070627,1.5838706609997828,-0.12748650083847315,0.8731895343740096,-0.44138282768406006,-0.08525836298280086,373566.5159
-1.0526957786709485,-2.536720054032389,-0.17628767346879273,0.35374846333398713,1.067345697545533,-0.3356971893250304,181623.4481
-0.9124503066676342,-0.8703106422554013,1.025886916245509,-1.2626307244355761,1.1675858960891605,2.5108381516312446,247757.2793
1.7834242975342682,-0.15226188223254755,-0.16868710939468842,1.1024861958019132,0.8400041048037369,-0.6967560828166232,637845.1546
-2.30041607615593,-0.9920859384421581,-1.6303641187392428,-1.2988199912162581,-1.3976611876839995,1.7171132257282387,198737.0467
-1.6215487479536417,0.6406507872497584,-0.8564256175879447,-1.1612342679540455,-0.3232164815948529,0.0799061557163274,269320.9444
-2.2487263871057133,-1.0813669897443492,-0.05710559371882849,-0.1727749083513542,-2.2499475442342547,-0.21910647432140828,105014.6275
-0.6997699913338763,-0.02853803687307458,-1.8179429430009562,-0.2828075827560742,-0.6428497880392485,0.6678552743472667,236852.6988
-2.1474302807750805,2.574421759224757,-1.2631998084241964,-1.1858608254418996,0.5753516231291265,0.3382572762937521,140335.5584
1.6801986015333363,0.20650420252036847,-0.7082861917599763,-0.9976030541695726,0.9462615954376735,-0.7466574543369404,379303.0371
1.147621371391755,0.25408972792885987,-0.1965870860203552,-1.3406159804427062,0.9734675152910257,-0.11252067605513348,481586.8265
1.0056328817467814,0.7582618412147316,-1.5969342618527629,0.5229747025212191,-2.602224830572494,0.016880412431147837,557984.5278
0.2633852861521194,-1.416125105920371,1.649455332274225,0.8252247563765175,-1.9592774633212906,-0.09034462452659815,621514.0038
-2.0875456716214678,-1.5660360629660395,1.114362848908019,1.5569259002501943,-1.637540291924433,-0.49059683280785793,102435.3805
1.024586175678964,1.0093032617940723,1.4491067814141523,1.763732938425456,0.8353023875372522,2.340481579741989,208616.2079
-1.9797736865195341,1.0920863674932197,0.5355490237981865,-0.3228545314801622,1.82513206455406,-0.39156125721757334,95474.22338
0.10452379245970742,1.899776185628406,1.0141326485164033,-1.6020777049217794,1.631657709548972,-0.12727154666046508,355748.8956
1.904629781427338,0.5971991040703083,-0.11090079620646012,-0.006518443045725377,-0.5920623802612939,-0.3539619635923102,431632.9844
0.38125292416272866,0.962684640966624,0.5260103807748387,-0.5242889902550308,0.8380489058389972,-0.5686919970691009,186967.2311
0.03687257338138423,0.941761027848358,0.46612780289691425,1.0157893250003605,-0.4407135277887464,0.514985823394188,409837.8844
2.2709921628373433,-1.3092148501688852,0.8893852477408235,0.5562726019803376,0.6859491391868959,-0.5231238206388369,470749.5279
0.26468648759678176,-1.1912373790357536,0.712653733343097,0.42289132220715747,0.19254178140431874,-0.332224831918589,344345.3157
-1.2473721106212983,1.3268311217778104,-1.0522224293500082,0.4727923625039667,-2.5033699139182897,1.331716243193067,105457.0652
1.6555976097977019,0.943996848930033,0.008503399025648969,-1.5074963328151654,0.6344713705122584,-0.707556748789405,335858.8406
1.8588077540196601,0.47291464928838584,1.1063047432669155,-0.8921120266791633,2.4319281388771827,-0.6097204878980093,330874.5842
-0.9803467270379264,-1.147452786658793,-0.73655924818065,-1.359752715820583,0.7125972431012787,-1.0335690832366435,182404.964
-2.915879869030489,-0.8330513190264986,-2.2794484468590714,-0.4729926664169207,1.1515366158733975,0.007644771553315862,157016.0229
-2.3472837333734398,0.3164576658082451,0.022891014465380083,-1.4132633668854166,-1.356944339898306,-0.24640637697510148,171020.9746
1.6282303971439032,1.2536843111002673,0.0837901026685178,0.9401401405781603,-1.7989138642201392,0.30735185257141445,475149.7195
-1.5120794896259575,-0.4445736366945961,-0.867796959825359,-0.24465129744735853,0.5475696247616934,-0.6638091948496404,127201.7428
0.44298107177604684,2.2408117041244044,-0.375468324568249,-0.18432904886621182,-0.6409994079009795,0.8267099232827521,425016.2084
-2.8651166411692297,-0.3008148085437032,0.6988454488282057,0.07666492458546138,1.4738711501318558,-1.8162751479811325,179111.0641
1.5650413910167063,0.38991034100018657,0.5407289610579257,0.17875661900512885,-0.734176645914234,-1.021205862832325,441797.6611
0.9547985937716059,0.16871502151613618,-0.21156891883392107,-0.13811656329567193,1.247004093528794,-0.1860621136129787,383062.9673
-0.5963877289906089,2.3185952003188124,-0.688986149787213,-0.32323542184855775,0.4217312734815241,-0.28912479248792056,183050.1678
-0.41120714963422955,-0.9394007460360356,0.19925959748785768,-0.6794422057587594,-0.04558651462631687,0.035854726105508036,214792.7871
-0.5333682358632176,1.9647695654453945,-0.8052984234688636,0.5167927853817713,0.7833693243650754,-0.7722853956159051,210386.9226
-0.44114673854362413,-0.14892748330798386,-0.10835896033360491,0.09111119177974923,1.4288207912629838,0.0005201495765360453,284128.3875
1.2648200193531758,-1.3747879864802253,-1.4292383970460998,2.819106447769888,1.5506397313836848,-0.1881382998033524,658930.854
-1.9051194978836326,-1.7939115702981168,0.13752532290052916,1.876376152060256,1.5016162921186456,0.523731525398215,223631.1761
-0.21583985167943745,-1.0610460472443186,1.2680908940933469,1.397372945453698,-0.6755609490173382,-0.3647632859454763,458718.1038
-0.4471860961700197,-0.5451760330303819,-2.1547544776824257,0.30657776705370954,0.39852129840647155,0.3656843143259664,355520.0706
-0.7645073434401924,0.42306535612078194,-0.10047542805944931,0.9251666765223486,-0.9190096175861452,-0.8631262879915774,303812.3481
-1.1689147679338552,-1.615270751074799,-0.28049373944348316,-0.6389379789412254,-0.6649167006705464,-1.3720352851138988,321465.721
0.1970510133121311,-1.680930661074098,-0.5370416816603375,-0.9516656927138586,0.14757618424803284,-0.2552741515536457,176071.022
0.4311949463456621,0.18039858508309556,-1.0858699753856325,-1.001981070016089,-0.5988094311722426,1.9103755211614817,321142.0997
-0.6966890737284352,-0.40436104354870617,-1.256403398232526,0.6994622230561491,-1.6396594477433075,0.03262469601512283,293853.7085
-3.7336119859981243,-1.6784288870765485,0.55514426043471,1.3074759205857465,0.024465768603300502,-0.8343652893711955,117408.8394
-0.344579076577017,0.8275674567053258,0.5015898204330691,0.08812083974876521,-0.0915861530626611,0.06493846146309419,358166.2244
0.7350721201601982,-0.13415996981051703,-0.41384176006676837,-0.5401709328287398,-1.8008419570870424,0.5711662702397594,488321.9791
2.0694742214866078,-1.893605926380139,-0.037999328607229724,-0.14555106850377222,1.2721942287320211,-0.2943556505269698,266132.3364
-2.610695146185796,1.5447682503808056,0.42282801488714605,1.0573046312587016,0.2601499010905416,-0.2320128321391707,135240.9527
2.3247715340964445,-0.9013602891698426,0.7400391627987596,-0.06221695555918276,0.003013470188714657,-0.6929078091517238,269500.4758
0.857497098222131,1.6485187060127062,0.3280781096410468,-1.003480963512635,-0.9174540991754998,-1.234308013262638,296420.9407
-0.3991338026668714,-0.29765904725299236,0.6650175477281903,0.030539722798929712,-0.08662680415388069,-0.745587643338532,352245.6365
-0.6923727479839578,1.5751248696452078,0.38543625925436026,-0.991324600003321,0.8261904923396559,0.33520724038335636,108036.1452
0.2813321642634621,-0.4962332217409557,0.7329220967879438,1.463848198663749,1.5789283087499228,0.4248988357281343,469787.4253
-0.2623189830133615,-0.23268219200231635,0.5586649711141037,0.12449018544162292,0.14875650453995148,0.17354408974671479,242474.8316
-0.9687518417011582,-0.39215061995121775,2.044083242081129,0.21506465295457836,1.2245139018646156,-0.03628273069839153,195394.7271
-0.02291121052009276,0.20494311822185382,-1.7491575186886352,1.7496086994000801,-0.05356512923470041,2.436428154410694,423666.1849
2.1442480073934043,-0.9977388888413203,0.0048574952625313386,0.014131861148806796,-1.8264784788595985,0.24882045541387557,649298.622
2.5670187942759237,-1.852753037893179,-0.7503798873879364,0.30160125721661063,0.6334199161991529,-0.7957883932102714,552908.7589
2.042197417071486,0.5804753207866259,-0.09735295188294818,-0.6459876404987639,-1.0571895836281395,0.6051865237124794,340049.7139
-3.4130530263857706,-2.3774621770165942,0.18473057314927147,0.9533767960497408,-0.38195376391427793,1.6297817987450463,139838.0712
-0.7848789852806656,-0.6669745979759472,-0.5954143027741695,-0.6456387547673519,0.40858288772476165,1.001412042356809,394748.4104
-1.3285042708411459,1.3926945033235267,-1.375181890135833,0.7573388797636583,-0.9377850439830565,0.43681451941816757,331474.4211
1.5471160741338588,-2.585800367040576,-0.6540501449909735,-0.6772369552180048,0.8017649461688375,-0.23687615270225704,420596.5449
-0.010870955082487517,0.5306141337943808,-1.1172757975698862,-0.24069204591872587,1.1981516811109205,0.7414490046197625,148936.4237
2.314664424483977,-1.4007451618752484,0.7471789132280372,-0.7261986539184737,1.957658172513087,-1.1309538151277414,237289.5945
0.6952947934057203,0.2743365431732204,-2.183824776431245,0.7084653640611801,-0.34656783344409275,-1.4742549775034943,477659.6964
-0.8876164879749936,-0.05192847195137038,-1.1048537054533725,0.06143583182100861,-0.9215045799220141,1.048073143220233,241973.132
-0.002984116536204824,1.4250055971763196,0.016036564875277368,-0.5082394731234423,-0.2944178468755112,-0.6015554692436049,214542.4035
0.5828355151055644,0.5481516908665639,-0.8242503772473798,2.1781379236980047,-1.0479818960143568,-0.5708832345602114,515634.3517
-2.1240450860961624,-0.14423466598739124,-0.8826952592288615,-0.6218767471361033,-0.3051912681586309,-0.08591094089120717,178277.2988
0.6612967813479482,0.9444835705417528,0.6707658581460924,-0.4711533579728777,-0.6547616840083991,-1.5275421040077368,118005.4383
-0.002785147907747478,0.8644673162136836,-0.46286702335792684,-1.5564520434170814,1.0094901632353508,1.2728153356787542,233930.5767
3.1831590498740945,-0.34543477423100727,0.7153402631725773,0.14750410055306087,1.3914791405898863,-1.170262639821704,358519.7049
-0.1039261941867002,-2.383983410960743,0.3068266065235716,-0.32995844685895326,-0.7272709490055034,0.47055244207191615,439467.0557
1.2072499090254292,0.40446470715208227,-0.32528143906478935,-1.1874392294853517,-0.649765897062475,1.8135849859719793,579828.7902
-1.6771640502808125,-0.5686464802932003,0.14106359427325277,1.2648726396555747,-0.022043259451415956,-0.2083023654954776,340846.2192
-1.4484585832997905,1.3001221359723314,0.8510457215779219,-0.19172190973234435,-0.08034608158536284,-0.9167956543236913,103906.7701
1.0056633826755241,1.178559045850729,-0.19530432242280305,0.12726543230467638,-0.47297695241442156,1.7297781526851532,303263.1002
-0.07225886475195388,-0.3248752880771077,-0.04049393689059118,0.41033510086482605,2.486331195902055,2.6827871041386313,454814.8805
-0.20408969868267238,1.5247585794066314,0.061977649372018696,-0.2449193355257609,-0.4791611100870193,0.025511669949914786,262885.2504
1.1950094234561335,-1.368225021491578,-0.5294504173566477,0.8963191491860915,0.16281740913736648,-0.012783847387185998,444323.1819
-1.4580553542822896,-2.168270603175529,0.6465387550790659,0.3651144457126171,-0.2720253800524738,-0.6734271301861176,379378.2464
-0.1904130066376463,0.23741990262648582,-1.360142165498795,2.0535679759985825,-0.43888222443144864,0.29089602031746636,516899.9028
-0.01572617072995226,-1.5062177829091414,0.7686644752693366,-0.25082894530900196,1.26687689278521,2.1554992341989765,317864.72
-1.5952319487374242,-0.6991711055628105,0.9204953891166175,-1.3163558723514273,1.1114148830040498,-0.14540444118734394,99796.15875
-0.3673790064562943,0.7006891848928203,0.656667522791348,-0.7137806929046135,-0.3062503198870815,-0.7427085281772008,183644.5634
0.2338096969468476,-0.7879086190842424,0.3628791671648349,-0.682502850167744,-0.318494958910366,0.14040029926460096,265923.2631
1.6722070354412921,-0.8846355678563412,0.16226331843605246,-0.5095385315641733,0.5867066702919109,0.46272517075847286,458340.5494
-0.003511780941101823,-1.5372414681220918,-1.8632929916360073,-0.8107320108462036,-0.4478774908821471,-0.2138346551875189,515034.703
0.49724425303763403,0.8545818380496454,2.81877976363217,-0.17913691577118207,-0.7268076401630287,-0.07142541452717997,239890.6814
-0.654450052211223,0.981547624180365,0.4147800067897738,1.4372236250262063,-0.28503552498359214,0.10566107507831406,113473.0186
0.5769230533986764,1.411183280961027,-0.9379878223478277,-1.1285885608339226,0.5941934678034053,2.256250264539236,202333.7397
-1.7623740032097273,0.3325166877794932,1.2731417882683438,0.9170481407093036,0.6069188568686831,-1.0030577733775115,162320.7656
-1.4351925210620007,-1.6687209925242945,0.7669316060368071,-0.6384668079807594,0.4184622941546824,-0.7543093993786547,179304.2649
-0.7096015965927488,-0.07823631792872147,-0.7232087479710331,0.011715441133521248,1.3836153001152496,-0.43724759503012195,146327.6155
-1.2543547925858098,-1.2678195038365891,-0.7526366882334311,-0.09891692260226793,-0.9802915001437629,1.1299627827720826,362669.4953
2.1942690881610942,1.0266762931723459,1.4431654996032341,-0.28560725216793414,-0.06939473851753215,-0.7482946110405785,178287.6262
-1.8368500251243192,0.9632605866587486,0.35728722321589623,0.026694008152444153,1.072968983187587,-1.2948349820792397,203330.5476
1.2028122217000634,-0.5682887420842089,-2.4705035873088836,1.2891815037636083,-1.369526099547252,0.1225277038759732,389246.5963
-1.116994093307569,-1.0005349351760324,1.0192786216303722,-0.636914088235268,0.045866882886490656,1.0978880158209159,169245.1904
-0.9966113314823724,-1.7552187731969473,0.7866476607983546,0.411978540536237,0.6039743016506173,1.6745422142023474,230955.7823
1.3828982690692901,-2.5809831980581133,0.5382025846129492,-0.0875039771585638,0.27098674655741434,3.0843685733032538,478604.9413
-1.9370634795265955,2.17155697214183,0.41150723677275247,0.6397291954372232,0.969752294974925,-1.5316534911859536,99201.47008
-3.6453068346250252,0.6239076067072855,-1.0069742311084513,-1.553033989465475,0.8076202328303252,-0.6634469195929581,169669.0713
0.95376535611511,-0.49034620720913574,0.35793476628632737,-0.07203736559372602,-0.17784656066159982,0.22191292700340343,191978.5615
0.9165250470486026,0.12360967505597163,-0.23934392378993893,1.1664662589973793,0.9984410627883892,0.6846897494148776,525579.2303
-0.7171241279198876,-0.45189885231503835,-0.893964995553441,-0.8400678423634756,-0.5473534896640513,0.1781726977815933,363172.6963
2.0893394279676563,-2.419173188984399,-0.8598429378456749,-0.7091508645342383,-1.2084512476305354,-0.23420781679795238,429467.2941
-1.1661391156076901,-0.2891660163398813,-0.7336802765326916,0.15955071146870126,1.3814502463914105,-1.947943902053664,118339.1469
-0.25211693237427435,0.05799299869819722,0.752809304067232,0.28142157253713274,-0.0831227896903169,-1.5584859319287203,130151.0263
0.664456472233838,0.30439626215900145,-0.9552951914196569,0.024335548555363826,0.25128762517654885,-1.582247293342912,188495.1353
-2.398869529558458,0.35820999337109194,1.2166578132904964,-0.32510677789551806,0.8173513909622919,-1.099789157500048,110478.7079
2.203926257493951,-2.0191045914203354,1.4460210438021948,0.6746334365107053,-0.5987811619807077,-0.561402674243012,722695.5967
2.1557983420917193,0.7384417658745305,1.548552335169377,-1.0641597027029783,-0.20454680824416765,0.021560809139397407,248443.0907
-0.02337963719210123,0.08222069543924432,1.7726076038077756,0.3247815799312431,1.1204871434372337,-0.7174113554535015,222835.941
-0.9281631379341564,-0.5229889157274432,-0.49894360993890724,0.45427752574719665,0.7184902406123291,-1.4522428744112574,229907.5308
3.588105947585031,-0.040215433359074786,-0.0872093248452026,0.8007665736362366,2.253674764787174,-0.5052927691906101,649144.8176
-1.6771868322532568,1.1019221714175989,0.21711897430658594,1.074916253242825,-0.29348942984574844,-1.0681334437750019,158795.2187
2.1938614628225035,-2.215672857830359,0.0875922624633753,-0.31249510280745096,0.4926501231600949,1.2091848313822144,295696.8424
0.17109420253986346,-2.2640022420779133,-2.335683978171888,-0.08093756948313746,-0.7378927173049948,-0.0736643875005433,444847.9144
1.0233603789828762,0.22039021916297963,0.06284780694158716,0.6798839605228275,0.4697636625433233,0.060361533938043783,610665.3734
-0.07504351476334566,0.5472841361417458,0.6425022345598755,-0.3357264624130694,-1.0137240999013437,-0.4869845123623737,260584.5972
-0.6661356335175332,-0.48417226895642174,1.5761287042362477,-0.7755042098602642,0.6930363154175253,0.45316781277253937,223352.04
2.0386455159448245,1.5080833291621805,0.8799492941282673,0.024294709732890944,0.34154912709981444,-0.4058076642799404,605332.7378
0.8085305630970202,1.5393954656474966,-1.4522762674582361,1.9392655113892374,-0.523968404332754,0.39143348115768106,449874.4741
0.4281517956484752,-1.3703747585957877,2.606527438623259,0.8438239304082322,-0.03841570295035485,0.9305059104831482,476766.0442
-2.259753085028111,0.055128456043976246,0.08170629007065093,0.17137397300604987,-0.4885691038047573,-0.7134456461083231,237711.8506
-1.7540447538029447,1.2042089257537294,-1.2430596543970263,-0.4139494324306223,0.004720938881651832,-0.1571156208988175,138983.7605
2.7656720225642726,-0.0025634030414665855,-1.8528763992069865,0.23816638067533286,0.4125301031781814,-0.702296034725993,674874.6858
-0.29822351583672313,1.998962536790145,-1.103954497544245,-1.413412832989772,0.02642590084231368,-0.7213774561596907,168961.3183
-1.5505457922443517,-0.025802265223433565,-0.5342249863358113,1.7684362353328182,-0.5325032515572257,-0.03633676339027801,147636.2983
4.260502237474652,-0.8111240624992125,0.8223124684103822,-0.2412105381147954,-0.06917882119142169,-0.3399890686059109,728981.4251
1.9185918036675655,-0.9717814090562289,0.17119871423488078,1.5103443262952838,3.0334960636763824,1.2404573600590898,671258.9396
-0.6348996656306263,-0.14573292002767224,0.3854961726092802,-0.41228700332061624,-1.5242810416305743,1.076490108131918,228969.0716
0.027580605450362398,-0.4863918590307666,0.8519819207258466,-0.7693998610864231,1.671458457642115,-0.4043396872945924,136992.0677
1.4120298575148595,-2.1321869436826337,-1.920106248987409,-1.3274369996567774,0.03396224893531523,-0.13899056685377636,653098.2287
-2.482718399319024,0.6201169356046198,1.6676931212352502,0.9968441537855771,0.8337479803341047,2.727838556069222,129436.3972
1.2111292229830655,-0.9389160001249843,0.7961967540921318,0.24644545508266502,1.1592269261474577,2.7937539561150047,317623.7007
-1.2428234771061306,0.2981390479016337,-0.5710413102263482,1.255715148234263,-0.27390147409040916,-1.312459791633988,260065.2432
0.08544285630883203,-0.30226908967858485,-1.2589304983926897,0.4805350047586974,2.399891846265639,2.6450520074275015,458228.8181
-0.41506565631009984,-1.3021147354522966,1.5568985580451513,-0.38361753904880735,0.8960234595038433,0.8791737262471007,380930.7666
-0.4379898803647553,1.2901556488637194,2.5713326980256777,1.2214404501306904,0.9372606705906384,0.13515922333020045,120021.2617
-1.4669240836746062,-2.3583696785774086,-0.8512255145283861,0.5768683743377744,-1.3223231477717423,1.7055449821665993,410505.7881
-1.24404721675475,1.2723141304353371,-1.5713742955226846,0.18279839091505504,-1.225932705468743,0.958900336021763,134547.8645
1.1768750352344157,-1.5640579320427932,-0.9264180401162169,-0.6606248603662616,0.3109979784542454,1.1693457116020292,446895.5184
1.7413442191198405,0.7247074521195923,-0.8368448600566842,1.3822895510228765,-1.3454606545464194,-0.41869051969509974,392080.7921
0.8232275275645402,-0.7848064095316121,-1.0399323854840776,-0.878682474439785,-0.5597112539362925,-0.4490875646953135,350743.6955
-0.3608116508092986,0.2676720244837066,-0.5438452594048158,-0.2159726132450033,0.8834494086450334,-0.4331009425113027,218544.2298
-1.5266512648117567,0.5545330413335119,-1.1368101933317019,0.16420063452943365,0.07314808048594627,-1.928171512347103,206442.1435
0.17365983620419442,-1.8715771940660546,-2.0504439856762926,0.21422418732859333,-0.3017773126578012,-0.49033074668382803,259413.2253
0.14455439154611655,-0.740590058809036,0.7422762173409623,-1.0144002329887365,-0.5278366033141527,-0.8163999262430783,125330.8811
0.4210397140663587,0.411910594844939,-0.43665558672082005,1.2004277786872035,0.12713222053803588,0.7507004562856053,375807.7968
-0.36812701100602546,2.016903616770051,1.4929065106781627,-1.6353316728240765,-0.3922048076689482,-0.522869400321387,256951.685
1.7108888403290774,-1.1585059677063367,-0.512485800190093,-0.8502076145522729,0.9058179855507876,-0.565930960253843,492346.072
-1.7779328204393106,-0.9001750773568409,0.19458401847019957,-0.6830888779305941,0.7046596496091967,0.8955948907414034,111387.8426
-2.295183435977969,0.21473457228937662,-2.955945842117031,1.2338003198226664,-1.3044151723857356,-0.4278120717561744,140480.1178
0.917864403876672,0.8653486182068549,0.6885120505433264,-0.28090024485095794,-1.4247513287884421,0.8611708575026198,298550.7118
0.12198358513894686,0.12855975520006585,0.7896762497475598,1.543498490106558,0.4521947405176342,-1.6801944250835688,448388.3903
-0.008521279537136087,0.8578085172665976,0.7514301865849692,-1.1236892004628534,1.9639860520125583,-0.6647669168854088,178847.5692
0.27927474577793565,1.5952021748519414,-0.5924193431559815,0.030844564740332137,-1.2167962673378472,0.16455458319257185,313865.4735
-1.3221669457748804,-1.9612667698058952,-0.47359927583839034,-0.7146905075201052,-0.47714963623882967,-0.8212078576770935,209281.8858
-0.5690467241577487,-0.5391053181181572,-0.019358905522826115,1.0056087764929662,0.2832289951867588,0.32122799229330107,479347.3542
-1.0999464403812116,0.45385138367554845,-0.3759737833997866,-0.10868183436486813,0.5361035348926728,-0.7274568534440563,241370.1502
0.7813406809007125,-2.4174484463527537,-2.0130890544036943,-0.6588957885925626,-1.357676225685778,0.6937159153137323,420008.0172
-1.3829796458273784,0.6363739051305586,0.4984303413110795,-0.5568349840748792,0.25742769066136045,0.542074741614722,260597.4029
-0.19424595171985018,-0.5474023991802733,0.46846791221887407,0.5031662848494844,-0.920304748492881,0.9601885981166127,494047.2404
-0.44481577386507964,-2.726243296936901,0.8398387610205841,0.7321142461345592,0.07955609436082701,-0.5225884362063217,513305.2882
-0.760150746602976,-0.9039900054604212,-0.48517206947366553,-0.01496416221068649,-0.45473015666926364,0.2718149755924841,221980.481
-0.6156909132329637,0.46983670248822884,1.2840923731643286,-1.9148397718718577,0.41510651417393885,0.5050645070705042,226476.069
-0.19883052810071808,1.1238609866132863,-2.508411304040404,0.13185636238174284,-0.8016275567344183,-0.9770244223659605,442888.6542
-2.8641188569259333,-0.28388067630756,-0.9127038189976862,1.7655421243248952,-0.5818293951925603,0.0752932036501293,104515.8155
1.713115954089558,-0.5855529993382402,-1.1012593545805058,-0.5715780556818706,-1.1583028436396985,-0.27633854407624586,471933.5698
0.7425214493504533,1.014746793383099,0.7243155868600721,-1.351208640822092,-0.7167695551066198,0.5622995323244067,376806.9077
0.37215824370672385,-0.18377763183532464,-0.6546230316259205,-1.3025351949908923,-1.1374306805161765,0.09588197257640362,360383.6609
-1.8189688553718348,-1.4014103169825662,0.6174258941306744,-0.3135306996307082,0.272444701757487,1.6787122655437041,198803.6428
-1.6340666930780052,-1.0856961078262275,-1.6877863085740181,0.15139935958168124,-1.106851066639453,-0.3975581190400574,227750.252
-1.2560188543825963,-0.7422382976437144,0.03192856523703142,0.07018680445220837,1.544820947982963,-0.38080750306912264,292000.4039
1.6153432683164919,0.3324142696363884,2.1548744071757553,0.09789983037783566,1.96957269175002,1.8031791106891188,319296.6176
-0.09407161977017894,-0.693932703822937,0.8927333275166325,0.1696289474392391,0.28988651202437926,0.3664929646905211,348788.7039
-0.46450506221514104,1.819218530230253,-1.079024921212503,-0.009157634857791913,-0.4965865209253541,1.6241458065392083,323911.7643
3.1325097633375503,0.9695151238989498,-2.6187088144190716,0.11094322075823353,1.4137640864684586,0.27391515813240336,591379.3687
-0.6751285863217611,-0.11623567945859985,0.4469861716262019,1.2711979803867308,1.289019598014696,-1.1418768893383844,262216.334
-1.974696729997988,0.7077796435988171,0.3324597863705888,-0.4289218873273207,1.2323153059472498,-0.4022475166359421,111532.0583
-1.7639047789453173,-0.1783766216680776,0.4275576291535794,1.1505532176483992,0.26090725017532335,0.48416115848884267,301123.5065
-1.3535201054224553,-0.6217226631778834,0.11316829797470394,-0.27198885184217186,-1.5861744885943376,-0.6972041361504668,197930.0233
-0.8367670412235029,0.08450415988974616,-0.03201169182154429,0.7713052040524783,1.067565236608727,0.40379289036465826,368004.9107
-0.5550206343483508,-1.7336299125694226,-1.2940250887416298,0.8873122103907733,-0.33701427333741946,1.9708375279501757,340697.6327
-1.0076274408022143,0.29744862623625967,-0.2475261340912218,0.5765570475387719,-1.070155651700949,-0.2001076758316594,222754.4147
-1.8748287384806428,-2.7183894224465193,0.9523698101954797,-0.5771035030413649,-1.9776736812825222,-0.23966438435375365,335423.1111
0.3020763869203433,0.9944026491251255,0.03808917769028333,0.5271219825745592,0.1732244820965125,0.3805600731089993,237801.2117
1.403533568453042,1.4618661132264483,-0.338989789879077,0.4887925921135896,0.27648561859017123,1.1912851526883679,363179.2547
2.2195078023922354,-0.9173953107455739,0.905490867783524,1.046694727610634,0.13611421771562296,-0.9367982872979151,702986.559
1.1163259518262294,0.8136940735124599,-0.3290266573333377,-0.04744460003758836,-0.9831871825958198,0.7270823999107305,387702.7452
2.8063305050565104,0.6168166116702851,0.19602817343093776,-1.4790353651804524,0.5247195491711392,-0.18646302084920746,498591.0251
1.6841473232556001,1.3023859364666512,2.671214634938388,1.2774717317875506,-1.6764850493666936,-0.2327552787249351,313402.4745
-2.188854831424981,0.22927495698946793,0.5766580512962373,0.7180301815210133,0.41889442050239517,-0.20794064026557182,112495.9077
-0.05078608519880225,0.04371822427698423,0.20510050381621417,-0.18346214313430584,-0.24288311758305942,-0.8688082614954222,597680.795
1.861770373356161,1.6409592250556968,1.0602356498402477,-1.1527804350702167,-0.9976261341729122,1.28624984063134,407702.4333
3.2077210282241015,-1.3509665102408583,-0.038755870408797764,0.3866628517200237,1.1436039422990159,-0.13208808711314474,438060.8193
1.6884962410659572,0.05519790466255991,0.8319856667221265,-2.508379203480547,-0.15749601107545239,0.49199601305724294,228007.9217
-1.4295274690127013,0.23348484764437957,0.5168496266813108,0.07602813124295069,-1.250517006493256,0.23554284469897555,149637.461
2.535648970503992,-1.4046951170084256,0.051760808935308676,-0.3331080935796802,0.14624528181913532,-1.1457968123051703,545986.41
-1.8540944989244126,-0.8076589030400114,-0.823142502857286,-2.1657896100916685,0.46452918363014334,-0.6648551618852833,158374.7565
-0.09209132125248204,1.3859300531161933,-0.2588475492224665,-0.284130499048195,1.2259283913656653,-0.43851489778890346,362288.7938
1.7490286433368945,-2.208932391877735,0.06855314827522543,0.37369904935269,0.17679455887766302,-0.4410876156946632,553869.8339
-0.9257669688795412,0.49125265742137614,-2.1574820826912915,-0.49904531044210426,-0.3133669503113701,0.22140832454052695,249996.7756
0.5166128375448549,-0.9288821942700133,-0.5544123986386233,-1.0291368701743557,-0.5637399069426853,-0.22588761296510293,357602.1174
0.6262530821077285,1.7635872055812545,-0.9939565529797453,1.5193077763995213,0.5693694415123913,-0.16519793050583637,258264.0576
3.049586389330116,1.0277478176394657,-0.1071935313673597,0.06292109113724756,-0.9328751568857224,-0.8353778513746748,465727.5718
0.07207588659442438,-2.053243309180451,-0.06952852786017578,0.3445928357188411,-0.8205805931284056,0.36885022831834924,284453.0662
0.5329935349078744,0.09934338655392058,0.4751288049568826,-2.6559574731070525,0.21897620516748495,-0.28043886026674975,195818.9389
-0.5641729303773998,-0.5946658197858683,-1.160705318877523,-0.4956556223038593,-0.546059668541224,-1.2750054136547386,425329.428
1.1323990226153993,1.8157276159246247,1.0098582744270281,0.7991674631234947,-0.6514077559191539,1.0286696690465218,544573.6443
1.2236246443761105,-1.313716065392745,0.12192034651911154,-0.7365902413739549,-0.3542262615875085,-0.040844858955375166,340131.4768
1.9501738997751783,-0.5786326097523206,2.8239453876985214,-0.3338332057525982,0.3457135567729712,-1.006042630873583,262084.584
1.191256596343304,1.7383858766004492,-0.15955363081413407,1.2588545588201094,2.7184868262415582,-1.0121179937390212,267071.2183
-2.6821582007486606,2.873152141559981,0.2207783958481027,-0.27707605043773015,-0.34775233244203363,-1.7194783836673597,323049.1251
1.6526183256511076,-2.844717499156869,0.11465042164463035,0.35189726134893273,0.5308242021491969,-0.12712101370113427,436059.7709
-0.9534316995606141,-2.4198718343629424,0.27359173109709506,0.14775228991515033,1.5752666942584155,-0.7682985127173144,228529.6801
-3.8816773698776035,0.4579420276627458,-2.461824283469855,0.8843900229122652,0.8638695746485213,-0.8994430044151345,225040.9524
0.9695698297081711,-0.7814393599489744,1.2184749955118068,-0.13156088654785794,-0.12690324333922143,-0.029950594358027157,420670.8592
-2.9105992652999593,1.4536119282281634,-0.4268064916607429,0.6458424342495777,1.201040556211651,-1.1536609603381394,281768.783
0.34078652637474494,0.29864060177394053,-0.9371110449197366,0.9796951490958136,0.045496101487643666,1.4129816412181764,395455.9143
-2.3269995952840494,-2.262232328655396,0.3459079285630903,-0.5425441111477326,0.8248562098790202,-0.40988661894786416,147100.1732
2.371081345418823,0.12184664492071844,1.076139835324545,-0.674318198129157,-0.24405667950013274,-0.19278364730885422,395342.5076
-1.3008312276880853,1.4429706135869984,-0.951312557853117,1.1419897634909055,0.17594266067021358,-0.9155134038209825,210296.1478
-2.3735902991561635,-0.21539955295846397,0.7294712390390439,-1.313042163423282,-0.6480166876503224,0.4585691584534711,179707.2477
1.0012499447595404,0.7939683219200953,-1.2412586047916263,-0.29936219950548626,-0.15659985315648112,-0.19731629460570477,231996.3563
0.1884028032241489,-2.2618520126605737,-1.3190860681777605,1.1127202967489698,-2.0741485246709632,-0.6794521543312855,550819.4833
1.785631349012212,0.1190510900113188,-3.5925203656474927,-0.03900331235908562,0.6355508626396382,0.030372199677599198,506588.2279
-0.5483011935153689,0.9178875635024036,1.0527239068369505,1.8855546855570544,0.025658891635729972,-0.3610411624755126,318574.8172
-3.9829957397354994,0.7943834866054174,0.5975966485996603,1.0998257558095323,1.8424577654464018,-0.807218597473673,129388.2699
2.1147440839467953,-0.7399903531314692,-1.394213176418848,-0.7024896114255881,0.35334497755923766,-1.342018684066362,621039.3751
1.363886839893888,0.7965569738780645,1.1134930195738098,-0.9498378881450485,1.8196214928490169,-1.1267315485985803,264770.1768
1.0350544476590295,-1.2151215879710537,0.5361771021191215,0.042325242414631536,0.9274419013094523,0.8279450131955531,362670.4233
-2.108971448710508,0.7225411664925223,-0.1379057121166625,0.3603952515841083,-0.45602078936127605,-1.0592253040717392,159865.7763
-2.06702642008495,0.09812317206793313,1.784816005560079,0.38064226812663426,1.4663948087811463,0.571310728379546,135171.2247
0.367198950496262,1.8117089387489278,0.11702809440930691,0.11390670171877686,-1.2233442207307776,-0.3159002244555285,338874.9432
-0.3885742386858004,-0.35055527058093267,-0.17567910308910425,-1.7140559572740983,1.0899190578242817,2.339192764593227,207916.0652
-1.8414625913327172,-0.13298248660358974,-0.32461037145378385,-2.591753659505667,0.8399271517093557,0.015537989573941209,253804.8412
-0.7105863781981248,1.0318412707871676,-0.14092120041275294,0.19298606960304224,1.8590829048186788,-1.2304114580261176,413716.1285
-4.660499407898715,-1.012295798319815,-1.5456390372906454,-0.6612023795944533,-0.08714097142255758,0.4896813064730098,239473.8559
-1.8229886014822185,-0.9551165911835369,-2.4483773501426898,1.142086583018112,1.185875836261773,-1.3549008544230825,350815.0944
-2.4908262005015627,0.39605703050774843,-2.482336280495794,-1.7592747343247708,0.18840057180409672,-0.1809597046801548,93040.74187
1.3779187117563945,-1.8621310020521904,-1.1624270354228148,1.673178124451796,0.2699263468719873,-0.3829230949899579,631525.8582
-0.2110945941739152,0.6170097522546807,-0.018307861755537662,-1.0210938435634105,-0.8126670521113772,0.38994634384899285,124117.4428
0.8310999748169345,-2.2979469872208145,0.5514311559261992,0.16863533759312682,-0.01954026629974593,0.3033756309202459,480959.1294
0.28046948494228896,-0.4977355124162762,0.2999496415916171,-1.3714090173421467,1.0472492548662644,-0.6751429383413945,168395.9918
1.668182310326198,0.3299777780740938,-0.30314399921513524,-1.1340987785209988,1.3654229144381402,-0.25278922184886327,649669.2624
-2.095618293681531,0.22916730740428587,-0.3661904249809781,-2.085464075117959,1.5551301072477104,0.1295852364193792,153786.7746
1.6218246316870313,1.7858762942356814,1.3564005799956016,-0.9962664939141597,-0.8898824646167324,-1.1386152395691658,304780.9044
-0.3528244304172552,0.4437398982018367,0.5591101166501291,-0.727455141487117,0.2546767776827909,3.5085177039779167,260961.0197
2.586617809869813,-2.0007551587573715,-0.5997867571623479,-1.7216486077009185,0.4352753581764753,0.3264386906801188,412065.7793
0.5629895460570532,-0.4556383800592819,1.0073920878086362,-1.3144032110520403,0.4390212588781548,0.12497616409248763,307821.1758
-1.0591449370932322,0.8642161190255463,1.085248599879171,-0.21359406782291354,0.564886278630916,-0.9211390192205265,242770.8674
-0.6220582940441227,0.1513592088463886,-1.4897633592528312,-0.459090088674732,-0.9676051153494035,0.2458370953471147,439405.5189
2.5538588458812366,-0.7941912650866547,-0.7770446186216577,0.40890379277614264,1.8001281108083105,0.9449666183787127,579376.8411
-0.3484686356713148,1.5703843704629579,-0.6173735513095895,0.8046911330938151,-1.7859882119689219,1.0906502335127535,263584.8855
0.6809802916667536,1.4253142821928362,0.8480427444655729,2.86729287179681,0.07353526934112281,0.9962104365613108,371056.8776
0.7670005894662664,1.7884907096341487,0.5690454556665772,0.9996858428783613,1.4662686993430147,0.21825191195354224,322889.1985
2.0950108067705275,0.24821006271552104,1.0288212614952306,-1.1890940850360256,1.6271763344332304,0.7094116028280663,352007.6445
0.5373121179914844,0.09940013299065462,-0.16091749752350928,-0.1749053842050554,-1.1093421640311185,-1.0279495535575716,298703.9825
-1.3441270002524879,-0.9614353106502199,0.15755959881092255,-1.0537042198421074,-0.7354562339217187,1.099210891042867,203789.1138
0.9054581123043999,-2.0520091423133753,1.653166412759303,-0.4921826689254998,-0.831377480159138,0.38481990243439645,486223.6836
-2.7882006559870383,-0.5210306142515994,-0.2581992953651468,-0.28055671087554995,-2.0494400277767415,-1.0276099266025776,191567.1324
0.8502690861694943,0.8933738128336016,-0.15859699386519466,-1.5041996203717383,-0.6866510986309516,0.6349726370247095,226085.6429
-2.679835717068074,1.2087156979621574,0.24389691935317953,-0.5948320250674372,0.19777838159465003,-0.5452602856447225,174009.5459
0.7289690385251434,0.8264617296304765,0.21460760450874647,-0.8474505377292589,-0.20969710133346794,0.13045006869708814,393730.3412
-1.484014942676967,2.8318633205837744,-1.602104505642011,0.07787106539078574,0.05952216422640866,-0.03020840117779214,180812.6816
-1.2682626927996825,1.7065330296434813,-0.71501257077329,-0.3531743463525568,-1.765565775465397,-0.41076699820986007,97214.25526
0.1836102343714753,1.086725513533368,-0.10306144534401723,0.19699664749077556,-1.8399112901538976,0.30278524632334813,202350.4343
2.0443512965909343,-0.7570597708989841,0.1231979265498552,-0.7902367322680873,1.3910605888126701,0.8243372321417837,409990.2258
1.5606048847014375,0.4633985034826118,0.07238091920654231,-1.3109438508588662,1.117756420026281,-0.4449430107447169,343211.2567
-2.5791336457906833,-1.1172416312505662,1.334099338197942,2.2488732709186996,1.5008889265937975,-0.10355531078833015,216777.2147
-2.229479667638989,0.15807177509225492,0.5140155119360372,1.4768854495317496,0.9503605898562829,-1.0683444012392125,107551.5454
-0.0624065079418449,1.1858840437876323,-1.5384878715953527,-1.0912777915506424,1.9226926441648826,-0.008972734033064074,285942.035
-1.240357190570061,1.4680328499336557,-0.4489558353084632,0.42351048871360897,-0.7963364025728276,0.16318801199680064,270183.298
1.0739444582516657,1.0853327426986747,1.037721277358828,1.3884156674128456,-1.080798692502749,0.23967729522587516,315701.3441
1.5675380767572105,0.8145583098527114,-0.8350060820286588,-0.7318459044165293,0.11371065440783965,-0.08098392674488326,714639.506
0.37843996989996015,-0.432724100822972,0.6580718079993023,1.458149178463919,0.6964798100722986,-0.7105251368598384,350210.6549
-0.043367874626751235,-1.6904796646452902,0.26625029842532866,0.24515369020170744,-0.8981330877101038,0.30467369922121085,537768.8483
-1.0669118904448012,1.642522259009101,-1.394767036718241,-1.510507721736812,-1.0007674620168077,0.7535311558723493,119661.8405
-1.901773292273579,1.500410297598363,1.6304664215997855,1.2068540187181342,0.03147713025005504,0.2480550203876738,197713.3609
-1.0513523407525225,-1.1244486843016244,-1.103043888150571,-0.15563030839693337,-0.8285868486023973,0.5247246578217284,121473.7397
0.052988611883763255,2.065312828346968,-0.4938671250720326,0.5852617409639298,1.4693699814947279,-1.353918009316013,293993.3106
-1.0834778754200693,-0.18345536030945947,-0.7211472498205418,-1.1283609244190898,0.784421671842227,0.39252620075634687,175056.4765
0.5745422594267241,-0.4197932347375726,-0.4160544346698355,-0.267262964556271,-1.6927115808738356,0.5117824433724153,250630.2176
1.320754271456016,1.9170310670872621,-0.04027517157604264,-0.5114827335443369,-0.2580412905702839,1.380985806151584,365013.7557
0.765545800188935,-1.4876097960507852,-0.42036509463633787,-0.13547822870644036,-2.076733513695449,0.3022448551153957,363917.0858
-1.725325305467465,-1.3252651328257374,0.8986705945466886,-1.653647282984942,-0.9150862792860547,-0.4821972642074351,261312.3182
0.006270828969926335,0.04657164887220807,-0.6269099952568381,-0.3573775215994792,-0.7198928175799179,0.26523585227142815,277380.0021
-1.88038459838261,0.5438898002974722,-1.8651978106180656,-0.7058020575734352,-0.9409131787909322,-0.15159071019157208,301554.775
1.7034062220595367,-0.12800778055644696,-0.9506909649153623,1.1131249033957387,-0.6043249493051466,-0.21222086435168694,294474.7962
2.705869141926902,0.6219164767672415,1.5362300536986877,-0.2701563055943718,0.026712510875161605,-1.245100854972068,492082.8928
-2.455254806355281,1.8054956853680895,-0.5272478927052472,-0.48037441834551586,-1.6364853599244096,0.16721825879310662,86238.83042
-2.841854570214569,-0.8867602497049132,-0.8412059786888589,1.0990497483071757,0.03068586234699742,-1.0633327945393305,112350.1734
1.6480620066764382,-1.6207299333851628,-0.4300146839221328,0.38324621659496433,-1.2245909142734357,-0.24901534910049888,298228.7665
0.16595370069832346,0.48697490937076093,-1.968552447392474,1.4788134895739282,2.160338732780918,-1.1640957870367192,314212.8878
0.4346492430242765,2.6660189117107382,-1.9648314142679484,0.15276828759027372,2.525707902822144,2.396015266764631,413615.4089
3.2200596287622125,0.8858064337719308,-1.1859685987918627,0.5973934204197242,0.3284456441233024,-1.86325391872774,501300.8343
-0.38043126600665306,-0.2646671614727116,-0.5598792056964798,-0.29880037598945386,-1.8182851523513572,-0.011833972630879269,453849.3753
0.279789079959291,-1.0063245432407162,0.7848134436964875,-0.07062157804016574,-1.9647898424820596,-0.3418169055675437,377705.7939
1.3544350063054418,0.6748831378584097,1.0985097710705887,-0.864613749225432,-0.38854807724610785,-0.7006795294186604,150242.8915
5.616041892064292,0.38671208211192387,-1.7150953326366272,-0.3241003524869981,0.28574379541918854,-0.6233751609596692,991274.4424
0.4657330981317485,-1.4201882943202555,0.6763816853401782,0.5683812843130835,-2.9157304302317324,-0.3190766986540994,454624.7953
-1.331429355296399,-0.09765891553279656,-1.3305921165406025,0.8884529185791418,0.4766348835908379,0.5751927279271994,114219.9196
3.180616936921157,0.21145507711177958,-0.25887932347690085,-1.8387388126920698,1.3683160852970375,-0.3363827556791626,451632.5014
2.4505229692428285,-1.4913788251685776,0.0653589462688007,-1.1083776100906073,1.064024867912338,-0.6068956244218747,345417.8795
1.8449829605745325,-0.36036740849749715,0.4467815386971662,-0.6948606791850124,-0.6942342596684641,-1.4312006090086835,485288.7307
-0.22402666609657546,-1.5794972250401085,-0.8564548420231143,0.8289422920954735,-0.15950968945721264,0.4651567149846717,508459.2489
3.5620981924956854,-1.064066794001737,-0.4962575170139286,-1.3188562920457978,1.0268456851359105,-0.9323519678499632,682957.6831
-0.5430875289216603,-0.33641696929991877,0.7323667363474013,-0.8582475893146605,1.1254788640561286,0.7034579798458565,152273.9906
1.4818324832385945,0.9836854851517965,0.6941657337606693,0.6188218985381404,-1.4722282654330219,-0.9879363582300943,478765.379
-1.0026677109334823,0.009351801166123027,-1.473325532075064,1.4157952548898236,-0.9070357872571048,2.305609088648158,408698.952
1.939391225030414,0.6383674698785491,0.18581157163379683,-1.3496300016671847,0.6589383632039546,0.2612199089546511,303848.0849
0.3695557302226812,-0.6446283052062691,-1.4529544161100434,-1.2829703468609543,-0.5983754359666745,-0.18047922218010906,485823.7032
1.2204406126653105,0.41353322343373444,0.3035804127325401,-0.24974761535095594,-0.9709015588563205,-0.04630099955940436,324655.1221
0.7998631904978108,-1.145160761359528,-1.533830656771039,-0.17288096516396378,0.7721368057332387,0.445134442045294,295611.038
1.8304069532246627,1.4785851505298018,-0.26468270085317325,0.3845339761878696,1.340086940670174,-0.9522988789896853,325843.6499
1.8873940662602549,0.5414646845600741,0.1512475560731994,1.0379549291255492,0.37063413029921244,-0.6080693979816475,429472.0052
-0.6699627136927386,-0.5674399230194865,-1.1732883987879261,2.5875285919464845,-0.037582549046610465,1.1860141197816387,173076.6515
0.6124743787153767,-1.2659636029403207,-0.2548346791998319,-0.5500485097084225,-0.28927627237369136,0.43307238873108833,274644.6068
-2.5730381105188327,1.5043830109352059,-1.0311060291248964,-1.7648524264588983,1.912247707413415,1.7337620194302916,216655.028
1.0382947531517497,-0.7864827417251193,0.3888943975196977,0.6235040535948689,-1.1369062954472542,-0.5237959288855906,432756.0642
0.49528770742101663,0.3098229567055104,0.7050008333209565,-2.1097412807685516,-0.5012718126508144,0.6535229585375996,194939.3225
-0.8839506852074734,0.1515910467571883,-1.0838076485506538,0.30121662360506973,3.6453419279002746,3.9133726265760083,298930.5856
1.3070093687409219,-0.8774327151736386,0.8457067780916213,-0.010061940597660406,0.3133612655051913,-0.346352127265136,335873.3856
-1.426485137102323,-0.07998051822390946,0.6444836215048414,0.09577090061759237,0.1288961221730483,0.04631915211122706,150688.617
-2.1156158030820156,1.7417637939342812,-0.42080540550158574,-2.4936044499361767,-0.5161848754236685,0.000611252355302829,89280.14708
1.5786575725300178,-0.31632416816150705,-0.5090923614284966,1.192138211054043,-0.9412625192963695,1.3061617578007851,416279.762
-0.304168736477755,2.876975611001156,-0.05951394522797773,0.8616719412199033,-0.18440364576882087,-0.10771447603533198,194669.4038
0.2247740934275761,-0.6498350317030147,1.572666831373868,1.8051852492106495,-0.09793378792110399,-1.7172405155624582,582712.1101
-0.08174940747896078,1.0101818749497071,-1.7332111714874756,-1.690122376575527,0.5306190001527439,0.027677911629324998,217355.5061
0.824479062563889,-0.05812865664442615,-0.6831101739339948,-1.1258141639500743,-1.7343193853199106,0.41436414679840317,312105.731
-0.6103211695432925,0.223662362062046,1.3996685044964052,0.5871229463044562,0.944696588401474,1.634725369589451,265426.7808
-3.0592885141788204,0.6309688692337291,-1.460479181987739,-0.15006483751922442,-0.35611306991033853,0.27726540493215224,175174.4727
1.478743469964244,1.4440180964766758,0.3253985257558667,-0.22633394041272165,-0.041939733658079334,0.3566124818581704,403775.1233
-0.4074608702460932,-0.3681367569547927,2.26887556295979,0.09925575466840025,0.3617297398061479,-0.8342564458069859,202260.9904
0.003840123334124672,-1.36751711521912,0.28339503594977294,0.40291754913895245,-0.9002520581534428,0.6734781651041819,413029.4084
-1.550298503617361,1.0707751279432423,0.5436336033894758,-1.79411408776904,-0.44883410750700253,-0.6137633421907069,163368.2428
-1.950351072703329,-0.3438386817528788,-0.3558204570591309,1.5078233099089051,1.8019446725854602,-0.8966027397229239,127826.9011
-1.9190530538701376,0.9162544889879183,-0.8907239132722419,-1.7997336621666824,-0.7804935659512788,-0.3535847762674682,152646.3897
-2.6231137873619437,-0.25263321888453383,0.8026303100309563,1.3234486598011492,-0.8433058726410213,0.5691213967978332,134596.131
-1.3163664338989194,-0.5656687210783564,0.5933313762613506,0.2912649256156688,-0.23997352867608218,-0.013210542569480205,227867.0347
-0.6833573223833858,1.3072635118609244,-0.32121656068021054,-0.6886480858727311,-2.6457427029820115,1.027852273642708,207249.2201
-1.3195368292264487,-1.7357107461526138,0.09595604009640453,-1.3829628517754897,-0.022420526161676373,0.27546616306056493,124085.0562
-1.3318106121248348,0.4277633426120813,0.7303469412991833,0.22165301937152712,-0.57512166886285,2.99415422105096,290249.893
-2.885022635956676,-2.299126524740585,1.1735475217864146,0.5518107082088518,-0.5088333724831134,1.520183754349099,271564.8979
1.1336719055088602,0.6712111606422179,-2.4085075959948443,-0.18546387377961226,1.3845223519711307,0.8139919391379025,380646.3154
0.9155132751026708,0.1835077164088829,-1.4162406297929881,-0.7465719087578881,-1.359098560801656,-0.3624254845544771,567107.0582
0.822241950535507,2.508747373898431,-1.9041902826048944,0.26801685456764196,-0.4760256630865021,0.1817356253677446,642582.8348
0.35760496319789126,2.114081803596155,0.4206745512997467,-1.4638570659981276,0.2915768385946211,-0.8020013400006686,179935.4661
0.04773331756917318,-1.9544239882309362,1.0035979416893337,-0.5190297327913558,-0.14849118868300765,-0.7271547067983761,480828.826
2.1827645950858785,-1.8389927329822253,0.4492180349556283,-0.6339142210543403,0.6100190088952727,0.7602476729155017,277087.4016
0.49524972949227003,-1.0615179905760892,1.1065044031255336,-0.7520226110285974,0.5480127855606649,-0.8214954136113175,374306.8394
0.9966142431089713,-0.12832329568058304,1.3844174947311814,0.3887254973372082,1.15424843946042,-0.21003904977545357,423648.7103
-1.0255856779371662,1.136050024119701,0.4090228429539118,0.01624614783642001,2.050866571583774,-1.1956574432111735,333004.9719
0.0041836769552142114,-0.27381625468695014,-0.8598110945681999,-1.6447147229229706,-0.5264988250818232,0.46462083221693634,210136.9152
0.8920077035063498,-1.2184436258309423,-0.7881744326483712,1.988899256813278,1.3110158562049365,-1.593956278019048,425217.6306
0.3395282867770614,-0.923937125095003,-1.1009088773155937,0.3333375162995499,-1.0178098332307193,-0.25111426377900836,411627.6809
1.3075534267809852,1.1523908492378816,-0.05522304195541191,1.4525076340633856,-0.9014150543756265,-0.3325006168442243,452303.4089
0.28545883742676803,0.43786419755526435,-1.4335233616839635,-2.368338098479603,0.16568979656253352,1.0979735615580202,255798.0539
0.45316987102019457,-1.368025989514887,0.9175751975898833,0.05391479108589732,-0.17598629287483775,0.7531650687035558,334043.8965
1.1031449800083564,0.8326272449069511,-0.3094660089654913,-0.760258271364972,0.13248350732266864,0.38660216720656965,198408.6971
2.0674273086936683,0.14517680361360277,0.8931070701999975,-1.8775795436362839,-0.9240738254294343,0.2437694906043452,396697.5594
2.025768878569055,-1.7419317621961599,0.019027557795828737,0.258226700107306,-0.21060358372409266,0.28256509895600074,332887.2554
-2.0726924038077192,0.36890255360100643,0.20866247636137822,2.02406067867198,-0.9023439257190805,2.2000003564198964,339846.8397
1.9456487143993044,-0.722425204544822,-0.9068735673852552,1.186776323513608,1.0967378313860618,-1.1558703452692038,411235.6714
-0.8157782372221863,0.41374535208109464,-0.6007522549725479,1.7653077901913496,1.8589077813424366,3.819220157623137,332437.6919
-0.42302771883687296,1.8541350639678562,-0.8392585824955604,-1.5909876670891532,1.6667109396314235,-0.31258826380776045,175921.5956
-0.8862431613122175,-0.2439181673446657,0.7156777170112025,-1.1781551864876678,-1.180485775954612,-1.5677893555436746,166427.1753
-1.1012257622266972,-2.1059631062687387,0.12594639640935446,-2.2613037960873754,0.9585058847620938,1.6422640737464103,143619.0809
1.447118558203808,-0.13037155590176777,0.9629661448332945,-0.09666532349469988,0.7508410816053762,-0.5366376944571151,287789.7826
-1.3837732324489231,-0.142859654814151,0.2666593119025427,-1.2973968899648596,-0.6007071271516001,1.2838785320525115,138546.8422
-1.7076332386432633,0.2827631693911609,1.1676383274406692,0.6483313772592074,-0.9629505685381073,-0.661673363251195,128863.451
-0.30698033708772626,0.5247665529243846,-0.8256259832556936,0.1478178368051927,0.38059625180641676,0.49058215440360947,251516.9781
1.8009767488006228,1.7291169230877979,1.6085258151049273,0.30288476986215496,1.1668175048615703,1.3729614361995228,313710.4687
1.70036031937894,-1.3834546802952619,0.9493018311795738,-1.4271524078362008,1.201531539105569,1.2960885535146862,324846.9354
3.3436657482278327,-0.5355608551846437,0.1546039152476712,-0.0184257779926121,-1.139836025031111,-0.16736257805230415,290805.3052
-1.5561315457789424,-0.40522923876004296,-0.37730034707414933,0.5593845699247233,0.6151876740678192,-1.1795681815544778,126372.039
-3.1148242885716155,0.5333061874661742,-0.2478730836558453,-0.2391669819587927,-0.6785975897647968,0.5202348648046892,142295.662
2.2175629375217922,0.15926812521302963,-0.31237305461360854,-0.2558875817647062,0.07197652480275203,0.6160540659348389,571602.0232
2.3411706724912795,1.5623953392553822,0.49038216089595216,-1.2963679969724349,1.3682898129690406,-0.7711170870157424,460052.4777
-2.6680090996583545,-0.9014743339269389,-1.8064232162942795,-0.6475423975010804,0.4666452074959954,0.081349581939432,116897.0428
0.24161730915348514,0.6100647511920636,-1.3148259153156647,1.3139850269401983,-1.7624973968610924,1.0186023113953722,215313.2562
-1.2440556333728106,-0.8239115594417469,0.9647098196108069,0.8355878185425095,-0.654131364457571,-0.6836341733367649,194777.6616
-2.768942032887797,1.783530414696278,-0.07069536782986942,0.48090543980798667,-0.6510645405731699,-0.6942763568099829,174263.9779
-0.3763000779967415,1.6624346128849785,-0.7864723169942879,1.7984138177552838,0.0085574342112658,-0.7793093911703957,196604.6614
-3.0433931360587074,0.47339592834480393,-0.8796006455664678,-0.10804911683716938,-0.009240123204192579,0.048030001537313495,145967.6379
-1.4642001228592672,-0.28027807619825945,1.3668636349811287,-1.0292979081369458,-0.7014297173211921,0.9645521987346758,232443.1219
-2.327153489050798,-0.5608519265788295,-0.48840407476570846,-2.1474460569719453,-0.5992888767138052,-0.4778118767652806,153304.2906
0.7041034552680682,-1.5661584554186296,-0.5766726365139555,-1.0078255942276495,0.6822446853805308,0.16847345729836782,209952.1873
-2.1335161854929265,1.6715640918739822,-1.6360661422644964,0.9473629173213185,-1.0087144356333289,-0.5403257932104849,117728.0793
2.8655756262739507,-0.15804499896156338,-0.9217932905330137,-0.6633729074727015,0.18746793639269438,-1.478367072015269,482068.3311
0.017029957426797648,0.9688536759801185,-0.31886300922495664,-1.1266940025122358,0.6482069522105202,0.12284994999028294,215120.723
-0.12564641473308208,-0.6016819188805865,0.6245128137212307,1.4423695888607158,-1.5123062414906674,0.27479940042663475,209402.4015
1.9522242556037652,0.11124889950003049,0.5069795327900419,-0.36953885907890677,-1.5806791503042026,0.6467890778850965,443293.6067
0.27095786941321554,-0.9456314518053445,-0.839322742261943,-0.980143960686031,0.6933952045885002,1.4109527898121657,364630.6228
-0.3162132200322253,0.1559242495618054,-1.5758641888932567,0.015834125418508677,-0.27810232200553425,0.5545465363145208,212369.7208
-2.577094155742651,-0.5714552391899081,0.7396466437527478,0.35013049765128995,0.12321790630978272,-1.2373257297146334,184298.8701
-0.3031239029783958,-0.015865690998411047,0.754260439777773,-0.26588854199772904,1.1726327151909293,-0.7284941397425183,162069.5658
1.5150068699605468,-0.2746108477930945,-0.07218974023660073,-2.0917672852441824,0.42387656446154587,-1.0948579665237215,297133.7751
-0.8652739742209116,2.747524202343313,-1.2061911083034123,-0.6540780901377139,-1.4858979038305393,-0.08289026897319095,301719.5129
-0.3249633341811384,0.9698500395397653,2.8355907771212143,0.7813593660708096,-0.23827355515392923,0.8169859838222169,107249.169
-1.4211712332396245,0.1811748298408996,-0.23524150109274494,-1.2521043095691398,-1.766671108243716,-0.6078797376958429,167792.6953
1.9327036231234291,-1.8777218033327738,0.2783219485181655,1.5916966211920895,-0.018989220304281722,-0.3620581279935351,504189.9766
2.9253947677382124,-1.5148403457490844,0.22531100436091306,-0.339664309363296,0.2296854784223111,-0.5926538233882727,290609.6604
0.22790244502626006,-0.8754250833139269,0.16432994323745673,-0.7593239228802188,-0.36995847936083454,-0.3931246215708068,494415.0555
2.057742975956924,1.1214156864126703,0.29188052634293243,0.12694390215110452,-0.2731834825189761,-0.4611355371326031,404071.5205
0.02051976825448752,1.0844224132035007,-0.026520580117835917,0.1265667482615943,-0.100165422681262,0.07605328909858987,269349.8726
-1.604971116783142,-1.3498972095310497,-0.41849428331318883,-0.46847203683792454,-0.32414401810399923,-0.32966606302842416,119365.209
-0.0859513744028428,-0.6523026555266328,-1.0234092617714978,-1.0237620129171636,1.122782580515776,1.6637831693482135,189391.0331
-0.4453391037039109,-1.0279760367616309,0.44827888686837186,0.05012031646318049,0.5017201709293476,-0.9349040744115242,200630.6172
0.6734871847972659,-1.596543102580976,2.1844901227035916,0.02163853665710704,1.6882139062167758,-0.12302010028334695,203073.0997
-0.31181660898945496,2.1188034842396712,-0.22474314964943962,0.09842697102706913,-0.8730626260838137,-0.32541387093360624,153056.5317
-0.8609199916346261,0.892974738753615,-1.1583994787033742,-0.7412922024107768,1.302404016463209,-0.5052731146891349,107153.8993
0.024170223291628472,-1.7908260145924817,0.1626973595689889,0.12061567632615439,-0.5631233495247714,-0.0029487125446724543,263745.9375
-0.41869953274176885,-0.6746821627723018,-1.0932141011744965,0.1474572336267102,-1.096690137869376,-0.868954682820498,245724.4255
1.4544779700031043,0.00681397472098965,-0.2908616523895638,-0.30374435192976906,-0.42072386233448444,-1.1101610385102028,402197.8271
3.646600643272054,0.6861613925032359,-0.1591733185917,-2.0504538354430215,0.8199572840604527,0.25766115796679456,413801.6422
-1.0421658647348788,0.20621785635164838,-0.23556488397192327,-0.6861963714389528,-0.6547224605324267,-0.6530964197886168,278236.9864
2.9331502491561734,-3.1650344299522075,-1.8559823070316417,-0.5723809052903367,0.5547829738707951,-0.29638452382468317,600335.1548
0.13197401722260857,1.9049719277732868,0.08510159442246773,-1.9792737778992942,0.4880837993497009,-0.6687901365398063,224321.015
1.543583347295344,0.8673121998917,-0.7732954037583207,0.7048777912407759,0.4839407160074519,0.27284141937928763,455628.2404
-1.4001289293885966,-0.3724743867404231,0.11566873856421361,-1.5286237957968967,-2.378023213001603,-0.6461383627612319,159097.7158
1.507266028004336,1.7218057221040821,0.5313730567660155,-1.3130017455504388,-1.2753656259332289,0.3124395534416068,334113.5332
-1.1275411091078684,1.504957968355736,-0.5537830174685752,-0.3760505729815052,0.9567829451196453,-1.4064103900521077,182488.3861
-1.6781696891526008,-0.9530877186791875,-1.5475902187752022,1.197790451215843,-0.6752780134147717,-0.3063147624354305,285175.2294
0.3749576570447429,1.693910774188744,-0.5127352016194459,1.211639507566546,-0.8007417369817825,-0.2715160320561785,323339.5808
-0.4838546265820569,-0.7988278819045009,0.5599742465678291,-0.19128080105152911,0.48332785098357567,2.571077919292643,188525.5716
2.0238577166361,1.4661990540248433,-0.1522879290551741,-1.8184160333446133,1.0714599343668554,2.2564629255514306,408009.4866
2.4541231004128754,1.4219244054590965,-0.513394404755564,-0.6236207941559548,0.6694371323755456,0.6795029719053537,484361.1995
1.0051187936653907,0.31875354302993025,0.6308803787370575,-0.12947196240556458,0.250645603437049,-0.2440654917780572,485449.7041
-2.1675469070659723,0.12829169762140666,-2.8419212173414685,1.394401234954314,-0.23881589031679368,-1.5844455163698374,98573.58358
0.10534373316812659,1.0433605702477473,0.39282689418300504,1.8145847516343807,1.1639675896359678,-0.8439025398446935,549795.928
2.1246693241314505,0.6846105667520932,-0.9931752817283581,0.06937946105541111,2.086682657678306,-0.9764040650263284,408791.31
-0.044595351583634375,-0.01709408387413535,0.953580783736756,0.5901672191913294,0.4478888003890085,-1.5300523917760864,216648.2848
2.5922556563595225,0.5785475476757507,0.15867445430307495,1.4299812864349937,-0.4358173012543605,2.4585934424360367,402487.8841
0.49553249978442604,0.14672329522884003,0.8433535502155124,-0.09396771726575368,-1.9660476067033148,-0.9538683149532761,286430.9385
-0.8479681387936011,1.4151137858427751,0.25874368975353296,0.02555366387420126,2.7403122414751144,0.9651440331952014,111551.2801
1.8302560750310253,-0.05338582432132778,-0.13608665432242184,0.5713642478649357,-1.5143095814426064,0.563613242139606,311591.5511
-1.9381140868900488,-1.8460086338238288,-1.686637905497549,-1.1666808516230136,-0.013636742390472932,0.3139189503579225,291471.0943
-1.9095726221624525,-1.6427055450095955,-0.19836989027206933,-0.40802815704889284,0.34529605816937853,-0.328683267497824,306739.1784
-2.5786207748228436,0.049579714854702236,-0.5139370340532985,0.956581680345802,-0.6339504326203337,-0.37658223709164346,104345.7119
0.7219873255640987,-2.525110737929951,0.941288346407916,0.3376645524523251,-2.385122386613759,1.4418207520140591,301654.4355
-1.9270282812223274,-2.672594893078378,-1.429943767132399,-0.3286069008524388,0.4742599679287672,-1.034413620770447,126778.5049
0.7976853278188266,-0.07266636073775949,0.4261662133779385,1.5821102578975057,-0.21254208481476256,0.15691251087747504,282835.0753
-2.1650784638999596,1.2325978940313345,-0.7926819996919428,-0.43370800311297036,1.1222505570892953,-1.261914599236102,142093.7534
-0.35021029471908055,1.7383509976031644,-1.2594509586340124,0.7725888633489847,-0.9963249408867199,-0.07571337885766898,190205.9094
1.0294635175260185,-1.623304045730534,0.3726253595315289,-0.5316606227001139,-0.6714724565837206,0.3708339982885937,195998.6689
-0.6142744151938629,1.412058264672958,-1.3842917575193472,-0.22772152441428686,-1.0758519836257352,0.7252680618551102,263076.735
-0.24931007914859332,0.9099532501711977,-3.704027280076812,-0.483373493071598,0.4155997040309001,0.16625389519049172,416626.6304
1.923307702430443,1.624171136482418,1.3223956365207252,0.3113300305204792,-0.49008614373924597,0.13452149769250854,399129.7357
0.1264361098535288,0.9821899072044702,-0.8842501636499638,-1.4574577142383087,0.12128409544158879,-0.6223339767939178,113258.5348
0.33678159548499875,-1.3337095461767277,0.6766692745569629,-0.8978786829138822,-0.16546398470532142,0.9101089737138988,179792.2036
-1.7295027550109416,0.8959987442595083,-0.02557549579847849,-0.600898174412609,1.4649455889790979,-1.897065639088502,156291.7125
0.9137039704731506,0.41752350677546707,-0.6377445000101968,0.14668651053278325,1.305699854533584,-2.021491912685357,270462.6923
-0.9856724038907259,-0.6896123729404579,1.1085726440567065,2.0627944384132966,-0.7222025643409242,-0.8743871163361284,233002.9048
-2.1234359917063848,0.41215039533951836,-0.8891526605582162,-2.7439280263372097,3.479079473469508,-0.22322779052648462,151577.0948
-0.268196299447446,0.648196097897222,-1.3118495373034726,2.411759533992991,-1.5218113243446896,0.5783486111924734,329381.1695
1.2343773604705608,-0.39706190858287077,-0.0740061115141622,1.830018186957627,-0.7961894886299018,1.686946438986578,278318.661
-1.807797953859661,0.5032101729035168,-0.5401848136086808,0.22473832556146742,0.101237258034356,-0.5927191631405775,177518.1051
-0.17551694680066848,-0.9423385093659432,-1.3062144002738387,0.5741090594990569,-2.6256264706451993,-0.2723997823206058,286857.3794
0.3062399860241293,-1.3638607444419697,-1.658047793347296,0.3927354754747067,3.539254179521839,1.436127457648913,225913.5844
-2.311502718231932,-0.21676995893271034,0.12231122447702379,-0.281998526037095,-0.9153134179045234,-0.30369085688311237,171925.6082
0.06139405781729421,0.8004946228052202,1.5137811567854584,2.168728904394552,1.086734703181195,-1.0337924396297624,201157.2822
-1.4358937698650422,-1.170051495501366,-3.127448254825077,0.7934730232990744,-0.5028772551560716,-0.206857960678228,227861.6369
1.575371221462489,0.3197935629509505,-0.3969536564025714,0.21650111235381314,-0.889876549516429,-0.8236505767600263,265068.4697
-1.2215369559394402,0.026705573200995782,0.5707339518987372,-0.8669615947315358,0.2658225887931066,0.8256206373034676,190078.5479
-2.67315574576586,0.26704362991270847,1.213286676474402,0.05975229660505716,-0.7771020871755581,0.5231563011638483,111939.1888
1.2167484981525736,-0.5225360460993255,1.003093463331691,1.0895548109899726,-0.5187780599967786,0.29811720095348626,579001.6333
1.4765883846370251,0.3990161537804924,-1.0144586432691798,-0.8679031989002475,0.20505093330251706,-1.508761352602622,254900.1712
1.255454481881114,-0.8230138767294721,-1.3863074961359356,-1.7936491455691077,-0.3985694565158492,-0.6247307886564675,548884.3065
-0.4108443837733539,-1.5143159900845011,1.1997081724691614,-1.0158619428166178,1.0900952458813615,-1.7709745556731487,150126.3934
-0.4508748887298946,-2.497658127242052,0.7510770965492132,2.2424328753747256,0.19228662439182873,0.578153461530909,299565.611
1.653864406758761,0.9314260112346114,-0.16108969746176297,0.26828550894021125,-0.44710629621399023,0.18751038119308713,397269.967
-1.0818663975376894,-0.01110891936845772,-1.1651181101317294,2.447109530454976,-0.8209474714733482,0.4970190996894373,327068.3617
-1.3421172775753996,0.9706975705448465,0.9150574389903946,-0.7138825572550228,-1.0751801554983524,0.5030170199203803,195297.2596
-0.887932910873702,0.0025041406115678265,1.111482134741673,1.3020771674369114,0.6624169565599467,-1.977226597606033,384728.6432
2.50894769813138,1.3261724617272663,-1.350898990548366,-0.021604564728069788,-1.3817341425717722,0.6727264427423584,632980.112
-0.36204755839435815,1.7801852346220932,1.9790043695815196,-0.018147830051012604,-0.6296615738274907,-0.11489874302487438,312620.9171
-1.1311057103180613,-0.6656163393516169,-1.9735942394153723,-0.4964042434857844,0.2836198581307638,0.32603813666658793,166175.7552
-1.6708175929747924,0.746124252725962,0.5894130184162475,0.9032518802017543,0.4729466626528448,-0.20716324168805764,276102.4432
1.9173265274803388,-0.2275694470113858,-0.7272014170073307,1.1643665182755993,-0.054383204640336594,-0.5679852833152226,448776.4174
0.4562234225617768,0.5259450662124093,1.2197556303967072,1.5442054549539328,-1.379643052614832,-0.3931892927538678,204027.4388
-0.44153395201907336,-1.8477328372838084,-0.19969882835401268,-0.803519485254679,-0.9227811887899924,-0.04770885179404757,435944.4423
-0.18427478972357517,1.5493895120351784,-1.6675741379165474,0.4769955194013409,0.23413135938733937,-0.9112695014829838,271531.6073
2.6959229579976105,0.6091292971980469,-0.8479603807007033,-0.1867631844505154,-0.4685933613514003,-0.4001850847480228,456311.9426
2.043361587006362,1.1852870716014967,-0.18076046981918262,0.23169401909046142,-0.34991020564161285,2.634291186915111,819756.8075
-1.6313582645097928,0.9620186947439117,2.3604848351871497,-0.09791471393257344,-0.2460398134045607,0.4643318173312543,173899.5665
0.6561018071632352,0.959041652739101,-0.9017782913590353,-0.1302632839314297,-0.279504425338177,-1.1859244025245808,278518.2929
-2.9867950973288053,-0.24843876620080824,1.3778395890238255,1.6896894746838729,-0.09891156392684963,-1.0401046125486388,96016.41834
-0.4895403905176507,-0.5981456822602187,-1.9535620691370974,0.3580869535097775,0.1894775827429154,-0.3673313693858321,363914.6366
-1.2569918667276543,-0.48930020708628225,-0.20744560613765875,-0.2680226209465996,1.5384013645264785,-1.473295976260979,186324.8193
-1.7506885811720927,2.2537735283646976,0.8820452644866486,0.21045967084329595,-0.389507136427244,-0.8790968702917262,190132.4176
0.06933887355957462,1.1880367873174615,1.2602431368761806,0.9686482212843682,2.3647180040074725,-0.6440608795230445,231746.2944
-0.27433256105755904,0.1499465246894884,-1.27494806532224,0.16703818787660146,-0.43277471325140154,-1.806768820419794,398073.4053
-0.18905906832674957,0.11131520796483946,2.2900162217344384,1.014740588346441,-0.1433324262170504,0.3952485581716835,232410.9649
-0.5127609325737132,-2.0371604019830403,0.18413772603116227,-2.3286742026269036,0.9547006005262278,-1.22711746330362,101236.1876
0.7343558521664855,1.644687691316398,1.963818995177394,-0.2161099231910423,-0.5173808835605849,-0.34182241334730146,294572.4649
-1.6847706229314239,0.09867235954031064,1.6594670531831932,-0.5899405707577964,0.1423768685805112,-0.5830064044694571,112204.4099
-2.312432764732402,0.7249214520209291,-0.37145689972215234,1.9185165311379972,0.1386719612318141,3.2427842653284573,262803.5963
1.134605125024629,-1.2798782502244632,0.6142947920711532,1.5297538339583592,0.4997427900976004,-0.9829317884987673,470273.5243
-0.3938780143940789,0.9810078152102137,1.3130838826835831,-0.5649596725529858,0.06405541179302734,-1.0023658745698745,251064.3973
0.3032110805295123,0.2487073437777824,0.9754669581020432,-0.18986724161711,-0.6409412320765815,-0.49905464853004045,339540.6449
0.7909624106904765,-0.523261395457005,0.3403158970623028,-1.1553091319953157,0.3603971000828401,0.30835790544093133,411337.1456
-1.6149242438745215,1.1023327750207796,-2.0086168610329507,-1.4458117862288207,-0.13439898375569848,-1.1840871844230538,189156.7895
0.37489102914196515,-1.1519067240589684,1.778877762774804,1.2822729565649829,1.3025531824153291,-1.1532639992154667,468472.1179
-0.6741758834280333,-0.652606556189302,0.8953707563196484,-0.7561648289205748,-0.8121779962451118,-0.5523584459044691,277700.7131
1.7989576210452352,-2.0178832239728237,-0.28394729747393255,-0.5232747443878996,0.8638054054095677,1.0843084892458075,492873.3022
1.0864869424590455,1.1886112853630133,-0.10751626441986377,0.6275378157998324,1.7709117750832846,-0.2937073868655183,668295.4842
1.0486917645343967,0.35018060959580627,0.6576338351267852,-1.186181245382732,-1.1339276587050033,0.029384009182718357,293364.156
-0.16255398381860842,0.6397732464831484,0.5686343375905563,1.1227924105686784,1.2754739695070059,-1.835905490274531,295184.9616
2.2558821283309576,1.6648992897318662,-0.31459995375898586,-2.02540080927558,-0.3503815101541165,-0.22979664150486043,326752.5584
-3.097389967840306,-0.9671502270188483,-0.5840323512269254,-0.80395053562178,0.609456687941226,0.0440648053812712,108336.1425
1.4449251496688795,-0.8021642463705632,1.9480361370356991,-0.2417440245934066,-0.13274065129206541,2.1285136953905726,289352.8122
0.5927648417379249,0.6402051172438585,0.4204840766335907,-1.6241871928873763,-1.6764078037062586,-0.4747174502465236,288045.5479
2.8640308998250372,0.51506595472749,1.4149085913047619,-0.7615824277680612,-0.03186395844226632,-0.42711671597979706,383859.4941
-1.1049117767351064,-0.19670016254882486,0.40172214059114536,1.2405527067364652,-1.156082238351822,-0.5140860842853819,387076.1872
-2.2049610693097064,0.7651153966696744,0.4526310169113266,1.2180367671721533,1.1497681489836309,-0.25230586534062277,211981.4799
-2.7242878641468753,-0.8797097035432034,0.6700695518970102,1.2724298355793642,0.3364415101578845,-0.3817911289561517,223367.7467
-1.6086200190721032,-1.5905053793298574,-1.2381204658366236,1.7623804544802655,0.9657988911770069,2.8954660726170878,350686.3764
-1.460011608254099,1.788036217076063,1.6657852915878169,0.040381490959327464,1.8516866722107423,-1.6135633290430709,122016.6518
-0.3637536797397397,-0.07401574771564849,0.05790669141064563,0.2199388261757415,1.4314341220140203,0.23215365916037717,201989.3311
0.32201707146378916,0.06050341596726436,0.16571929147595557,0.7631710257222417,-0.5174918976473203,-0.22919236315612448,338380.9694
-0.6489519599807801,0.06645859213659912,-2.3271400205350803,-2.367186506216751,0.6589678876262687,-0.3801934092595765,99926.50041
0.019284407603085016,0.3158619315689078,-0.38727096100876224,-1.0391717919624508,-0.44808254223490707,-1.0578632319487355,296536.7354
0.35561460133020134,0.141065601615748,1.1712155052937891,1.0864865333632596,-1.562518450561314,-0.272753200732599,417551.268
1.9580086315441838,0.8539109802983368,-0.49792288116049366,-0.21529840624591745,-0.4770131720590651,-0.4510388770909402,409291.9788
1.79994998015652,0.6738150695720692,-0.22868490149447174,2.2652391369645444,0.23034126958562093,0.4364565384311329,338560.184
-2.2549929556777113,1.0009150272390397,0.44949237435684886,0.008890942636324036,-0.21461696469207958,1.3521638011088992,134447.8725
1.7094475139984662,-1.994014152087861,-0.16041240430474094,-0.19403613710431114,-0.8011719719145202,-0.4540909641674943,356250.7195
-1.4086344855117168,-0.4499947714288064,-0.2770419757876191,-0.3894099425348866,-0.5410300071142806,-0.9572700973172793,214448.7043
-3.120584565745384,-1.1082264428271784,-2.4973740855103204,1.6044851324645486,-0.2889107189148611,0.690349269949961,118517.5122
0.746760237404581,-1.005182977389063,0.7194098667362858,0.5028946625591099,-0.5934547368413887,-0.09224292223826584,453237.3277
3.00647069721095,0.1360966695162512,0.12394044532935448,0.8145306701303909,-0.3178364702602409,-0.3846084936835835,682995.0557
2.912421380733682,-0.2372334470642471,0.9211725969695643,0.3510074245069476,-0.5201174635726303,1.2955642427283596,578788.0282
-0.7193611170658455,1.8602291808659333,0.8866476127294913,0.2535621724427845,-2.324593496646943,-0.8452469881129463,144597.1668
0.47308476256708465,0.10725085942569473,0.4195668896355682,0.035675669032426985,-1.483271433895118,0.17803539559731052,296317.4918
-0.4622320834196004,0.6480661896206557,-0.7710181462065362,-0.150076102456397,2.3565938968591964,-1.1703367085527927,165950.2086
1.04633262340084,-0.8595479779724989,0.7856030771170801,-0.3420090770312059,-0.14344908209831075,-1.485611913474639,256648.7761
1.0069978888049524,0.5944619432253044,-1.7473020587917854,-0.5607992076494104,0.4159003599975549,-1.2720402316463764,426242.3791
0.40716960666776697,0.49286612654120887,0.5204352764592701,-1.4872962268880798,-0.07643511667269615,0.12881878842070155,155913.4548
0.14480406691961956,0.2781179343553183,1.0098923270100637,0.1500304235275597,-0.2295021199671312,-0.4607060748131227,290455.1881
0.44333121426610905,0.6188148918440778,-3.3068636601394834,1.6221140659632032,1.0992335291869633,-0.5082709484510239,391493.9671
-0.4280156063106106,0.9370105754526693,-0.4189661648602327,0.6572642109759469,0.040037000721845004,-0.6757940302919566,255148.639
-0.5711096704709063,0.637477907120804,-0.6447702671186694,0.25100019531562423,-1.1490899634472562,-1.092649723727047,178507.514
-0.1863990285636233,-2.105651963057052,-0.3961829857798499,1.753869901905682,-1.3754284280232751,1.3159105391790025,364999.49
-1.0972310175727622,-2.345991510186729,0.22760423049289213,0.26867172886874013,-0.7819083487005788,1.18793567331913,230854.4814
-0.48857615679096206,0.36302602107845444,0.999088340750855,-0.4449924104356161,-0.9077175598923419,1.2404813305210463,182530.0161
-2.7803064914956686,-0.5371314453372771,0.6667925661462213,-0.5384222071788577,1.6088714829449715,1.4939817503813915,372771.7711
-1.8425630336201264,-0.7359711467306421,-1.3288558157213506,-0.8755604969772328,0.8397140116999465,-0.09954894336064408,401205.3247
0.46512412041111123,-0.8787273035968448,-0.6431437788735686,-0.32742112973123644,-1.6282408432628679,0.0505770174647673,350823.0371
-1.0179140992311204,-1.1362563424297607,2.2488521686196807,0.6583972115598467,-0.43878424312460174,-0.6240343145192722,164664.3915
-1.4276437909596085,0.09772696329577057,0.35022807059976996,-1.7318569815972074,-0.08825219570639427,-1.3452396964789384,96713.65354
-0.5124017636338595,-0.7609874094203278,-0.005723516809179563,-0.749704118116488,0.7480657222692398,3.0497694396485353,217778.2459
0.4613646362393225,-0.38361650724278484,-1.5403650726587268,-1.0722910952365854,-0.2802593617711212,1.060221918328736,233917.4045
-3.8884582175211366,0.18453861992875828,-1.7488434684092629,0.15699837517509185,-0.3621454236517994,-1.390991058237727,202878.4811
2.5939439165948404,0.8076826660821067,0.8597131714001531,-1.7812784286227041,-0.5289329228204823,-0.8670792919896543,350619.7241
0.7934057415347137,0.544191872113918,0.19091862371010343,0.34366377889169275,0.3437327971787123,-0.9898983387034292,354268.4129
0.1357062922614848,-0.6692858218383252,-0.741348528400736,-1.302019192089624,0.22399499778291532,0.40443944330227627,251984.0737
0.20900176951647492,-0.834050021985089,-0.07444217819461879,0.39929082320652426,1.4402431657631218,-2.1790293097092674,346404.9159
-4.699471369499484,0.9404918284440251,0.04235832344233983,0.37615839428181186,0.3983018527708832,0.5847104157065846,308828.2779
2.40048337513106,-1.1036803559670305,-0.7703623772210137,1.1641997001890632,0.5657305649901282,1.3313555916564586,689398.8244
-0.22138803750351124,0.32453699593556806,0.9935485870206456,-1.4371827049278565,-1.1229589951933068,1.1287902755712218,135470.4414
0.8493752472788088,-3.2008558442232595,0.3189569030287127,1.6343936418691722,0.06906282854627875,-1.0606132989097825,397874.7103
1.134301564861534,-0.7905251748113818,1.8946108383624447,0.7286648727337388,-0.390875145080497,-1.2032044804525972,403389.7835
-1.693191099148846,0.6380611798363691,-0.3924562368926689,-0.367202489006674,-0.9849044907330213,1.0562669040420487,212846.8827
0.5123825136505109,-0.18351469854549857,1.2749490030866106,-1.614076544155868,-0.7981139411628839,0.9897251436548142,277537.2027
-2.191570510084138,-1.9407307141017998,1.010465516849331,0.7393933181567431,-1.3083164171026587,0.7172861223307482,379268.1187
0.6896719932641207,0.3348709035188438,-0.7488405609746775,-0.26927298384219894,0.27299084814047136,-1.120394473390177,298752.8523
0.3418317149184039,-1.674108816034366,-1.6231378381928805,-1.566708345983275,0.623540744502234,0.48274508216326856,528127.8507
1.2690548838777405,-1.3688651818030557,1.334184467338103,-1.5276378632549614,-0.851445991949476,0.3870422549172955,491058.1524
1.1003392790958986,-0.4642656353861645,-0.8023854433007417,-0.27061029895317285,0.04993997664575127,-0.4403461599047618,346591.1288
1.6025095224364427,0.5218445305699689,-0.2901197575739991,-0.9998866019044673,-0.1125414050389571,-0.19155656817745562,360835.3173
0.7948977016719452,-0.051282740547764466,-0.12579705494350726,-0.38798791785034314,1.504560555625437,2.6016597114637263,265916.5792
1.3609281853714448,-0.9791906857934422,-1.3414792074896897,0.5550201394257878,-0.299712080778533,0.006211385370122703,451105.5525
2.128203411078735,-0.5055922175150437,0.06592540814320363,-0.3664394097174188,-1.1891529582135194,0.6101735219721202,695356.7368
3.9518807166473326,0.16465035465215525,-0.547331827787542,-0.4015192429999592,1.4463628608240806,-1.4764894412637586,739816.9259
-2.2563857068605166,0.657299595458184,-0.3122128305621443,-0.27624630283862217,1.3586862820205017,-0.5864315185461494,122975.5391
0.35917562528029295,-0.5767107148933364,1.365637222654328,-0.2827302395841879,-0.41140787665667566,0.1057881069752558,240135.3011
1.1453766673299404,0.27250913277529465,-1.554332111576716,0.8730900252764585,-2.242092913129835,0.10247507557345045,548590.0138
-0.8120836039995173,1.2303731167609744,-0.12284804371280635,0.3398447594330429,0.06798345075732888,-0.049537842516816734,200818.954
0.3235624762771896,0.35820120660837135,-0.3808047586209333,-0.20602294094561488,-1.2173137260133686,0.3749833365033714,239811.194
-2.0048259419218524,2.139651424490998,-0.5181019366492504,0.20614761524598516,-1.289835651307791,-0.9797319751071517,110427.8589
1.7322137152093802,0.7686251235382724,0.9816779683265215,0.4447902987626052,0.7381248058674054,0.40410926981270023,524579.4399
-1.1173122966301052,-0.27428555239751506,0.7698475110787574,-0.20165615849797622,0.500615012430474,0.993015725621752,209759.2238
-0.8325551076834552,-0.9284265042445506,1.2690010197981805,0.07973465244357976,-0.8101762426786584,-0.12629939802347986,186897.8253
1.162458468671188,1.0027753588066262,-0.2860243309950348,-0.2134086781705521,0.9084926713488565,-0.28643894422465876,334719.6051
-0.850916347162811,1.7057944552424424,-1.3108648150212232,-1.8309861260234257,-0.823976738205436,-0.4340348512961969,172692.171
1.9416634928483911,-1.6036204245816568,-0.8199548393382973,0.881014224118809,-1.4635269189706164,-0.4953799538432562,403224.7699
-0.5533856468420479,-0.6883356007342096,-0.7704872250617566,-1.2352203326862374,-0.33564447970646283,-0.07954255231526873,381405.3245
0.2389852771230568,0.9450539278578486,0.3372861563481127,-0.9289975812983307,-0.6516584980249582,-0.8633735122925159,197633.9779
0.5396476269265698,-2.4694375049646595,0.7796959610199182,-0.9778865224673473,0.9745859712291176,0.8722659226046384,323908.0938
0.9435588162098401,-0.23225266432844888,-0.6664921236800705,-1.133512357905996,0.9195967266977533,-0.7199531895369392,402121.6345
0.9405066602450317,0.9089583536968282,-1.1503979363514694,0.0006411201840289576,-0.3109129736633591,-1.5917495806111928,568904.4179
1.181669153244972,-2.0672522569924983,0.04365225030761595,0.6790043240753108,-0.880896149091003,0.6214639733804791,384219.8759
1.4102733705138668,0.20571158748858284,1.0492709155048616,-0.3460417728142986,1.5271118481269423,2.3764313879924153,197703.9644
0.29523499322869096,0.5565632486874083,0.00760043159613938,0.00632132937434066,0.6754972938618118,1.7452977551437738,269144.7304
-2.7175117575078223,-0.6803024987370653,-0.5302170648559938,2.3053994836691425,-0.9580991996612501,-0.3896976143653841,336939.7982
-1.45881595237971,-0.33630436588132434,1.6234486365455405,1.4448806054583143,1.854984914317473,3.0130636880723345,307105.4905
-1.127291574057271,-1.1347034346827842,-0.5658262589061434,-1.177000304186535,-0.1516880086877314,-0.9956797773632982,197747.4995
1.6330388657870376,-0.5673612489513944,1.444692123614545,-0.9217899350938757,-0.3873805471394031,0.19954082060050402,437769.4065
-0.36301821262610623,0.11671984867667762,0.562228129247854,-1.711447005302568,1.4095156362300028,0.01801686246804868,144160.3422
0.5649431791226528,0.6248637791585305,0.7614564530565123,0.6055697212064257,-0.9972665144143942,0.9507206178602906,348768.5642
0.21879414381866488,0.8620341041522255,0.18252398048367335,-0.9186331085689916,-0.5122499499887162,0.680694161750678,235796.2815
1.1424864628483116,0.42777645642181245,-0.01768181155295914,-0.7555212736370703,-1.0902406106903813,-0.3714188684074421,349996.2652
-2.4958867653273487,-0.2543396701971167,1.6889450854122063,-1.1705323400674164,0.07590049956353158,-0.634969168440073,163677.9423
2.28054582501373,-0.4205213450979916,0.5114924442799756,-0.3144504768708795,2.13405472338889,1.477366105618017,394010.6991
-0.4785169104070859,0.40734722728568606,1.4312769766296531,-0.3017191367915418,0.62888455241064,-0.5411584288071672,181669.9418
-1.2894454252508343,-0.928316936996556,1.1562481688179094,-0.20033683213611933,-0.608342222627356,0.11700261555796007,161999.2888
-0.7516290174008788,-1.6864985938253307,-1.8483077901167586,-1.8299519096935273,0.20281655226238784,-0.3513845246759746,179729.0412
-3.0302875663497977,0.5411329840628426,0.5846277254961391,-0.40968092473021195,0.23451307021059978,0.2694445082439633,158916.1659
1.59017928961509,0.15912686760170835,-1.6216866495446087,-1.374279470208104,-0.8405474267170073,0.8545093572516943,406831.7743
1.6055040265189788,-1.318337084323997,-0.5090956053908559,0.8900846368536683,-0.5265493183374271,2.0506978893292147,553379.1957
0.2220826059761326,-0.1656259594325434,0.06117217764054188,-0.7046416679794223,0.038287036386502826,0.7619894957229916,459398.3591
2.201041176258719,-0.23583768841276767,0.11476246796976067,1.8087476564743632,0.4108579102233512,0.3566979717390315,724198.9065
-0.8543257751142277,0.47617815684123843,1.2961901783054417,0.8985097742813177,-1.6652240164313206,0.46022825167075865,248188.2014
-3.5650410566855673,0.4232602227074576,0.3055778686888734,0.019190355004413042,0.5283870683090679,-0.22828088926509701,274713.7644
-3.0243742219272503,0.9078715114898626,0.8810922406432666,-0.10080628547582794,0.552824295177468,-0.3131744683098466,200754.4642
-2.8455997409031775,1.0708083450191757,-1.2123671440494461,-1.5092972684690131,0.3096179234437027,-0.6265854904094628,252073.0135
-1.4558213906614157,1.1509863793086157,0.2908458485427781,-1.2329040478461015,-0.9685693229176643,0.07954097881731849,264833.5258
-0.01968423478392064,0.7534404444537102,0.08060382185445143,1.1541785692243525,-0.2276095067492978,-1.022105276913962,282926.7594
0.9488590475445376,-1.166146734261065,-0.6476409524351815,0.9061818842617704,-2.0542477724233663,0.47208597489420945,484959.3802
-2.176253136946437,-0.27115141684913857,0.7818180949628961,-1.49733735474309,-0.8074925482546776,-0.5440489222324456,147924.8775
0.3691955113040926,1.2864775776291182,-0.13711156280547873,0.32763072725466175,0.3027869243416575,-1.161567762848338,341137.3523
0.9711847970120728,1.2960679025032988,0.5570681142344777,-0.3301462893627413,-2.2014900360873217,-0.46471158356703274,344911.5591
1.4163665754569932,0.9408084964462731,0.3817589054308474,-1.0813638382956423,-1.223405338751258,-1.6808937029649993,397836.7671
-1.9641889357475188,-0.25062492662576896,0.4109184247380694,-1.9057394565791657,0.25383457901948003,-0.9517556238415756,125547.0981
-0.416953734589477,0.08480783877532526,1.647294596370314,-0.09942618127592878,-0.9005161667960888,-0.6822259535425367,295280.7222
-2.3179957621174463,0.31505629493100323,-1.2557565676826243,0.6822122872794114,-0.6141469249288237,0.20498304255420155,188442.1053
-0.20234716003722145,-0.659846572791307,-0.8301826861090006,0.30894905872684325,0.2415490618767791,-1.6191850131863865,335517.7029
-0.7351775382503827,1.6017802694766674,1.8638871551267262,0.6004858839396152,-0.7047972013148583,0.15893725505215908,138465.3329
0.8605811536700163,-0.6604820364075704,-0.325884136326935,-0.08508039668906522,-1.2446340742275133,0.4839049019770897,278062.661
-0.16325405807457474,1.1893975491565414,-0.506773279967739,-0.49865702342445506,-0.553581009007503,0.9427305459547388,161611.813
-1.5149934814166441,-0.2441276935995618,-0.9447360741973083,0.15431425060796872,-1.7705282139788419,0.16995231010112122,259413.6359
-0.9601454769099028,-1.4374529717650817,0.947915859797647,-0.4566108527543075,0.5942330558074558,-0.9087476709212965,358905.9131
-0.44116122059985247,0.6056931110159121,-2.0041632908848537,0.7966078410656204,-0.5685164027809031,-0.5942880866813806,553218.0459
-0.8708238823875313,-0.5810071491949367,2.335586297618763,-0.3784014546250055,-0.6395408848133182,0.4636702110142419,120464.7704
0.9440810242165324,-1.0888726031813831,-0.9373294297172101,-0.6296048720364396,2.997807608178438,-0.3815231140591894,282994.8668
-2.8285555041776296,0.12374698284475542,1.2882463212988031,0.1515901581559621,0.27303360461307014,-0.3941293134048585,109353.449
2.0574719888167894,0.6495273764897791,0.08472718228029968,-0.6446453321668232,-1.5371658999540199,-1.1012759058133443,353651.7208
-0.738197797024782,1.264915874626411,-1.7838510340694327,-0.8699082255220907,1.4199794974298139,-1.1453301184023588,172711.0743
0.2747890245627932,0.5409695584875379,2.312137190633717,0.16421078910787784,0.11120216368617551,0.019327673014908574,147335.3796
-1.8636993691772645,-1.1903428404774263,-0.3015695006880079,0.08206379323915275,0.14322674335273425,0.018572104353341567,182683.8867
0.9134539425376382,1.218699253892974,0.0050653787563413755,1.095739140134705,-0.49185592780094256,-0.0670139272220497,299567.9959
-1.1504678979114649,-0.2000496285584945,-0.2563367204848722,-0.0009342360938155075,-1.2856518590444483,0.4505213389655851,244027.2836
2.0770438386031334,1.6647803499408893,-1.9808090453660336,0.8396709249319919,-1.2559030118735248,-0.5866126480900381,257520.3555
1.6145187457493917,-0.3689521087949238,-0.21806731567824902,-1.248510377634111,1.9082451655802328,-0.23809321908348308,329648.5927
0.7281080154706508,0.7340930819924152,-1.3476567320594721,-1.143233326522791,-0.9891072240539022,-0.1453695717784776,182105.3596
0.6272100584941396,-0.9148140961119748,1.0114969605594382,0.6677629438374614,-0.45160440580264294,-1.5744966816310313,432803.8536
-0.9096497486497702,-0.3071253256387478,2.0198930511903264,2.618324483945971,1.0118761935181093,-0.5683189790445772,385473.4938
-0.47878882766092723,0.9849594088592221,-0.33885007752716306,2.023188919932813,0.9831702042263257,3.6159025214777354,245413.2988
-2.6201935056166255,-0.6815111916445594,2.4267968986331563,0.9719117491068501,0.8461950912741228,0.09556759615834652,224232.9026
-3.789652032280042,0.27742816750542515,0.05734959963608703,1.1778200971443251,-1.5646566449118526,-1.7313599131316384,179635.891
-0.1896316172448563,2.9561682039625623,-1.7931699226392426,-0.6403884756452394,0.4151963954364423,-0.22448420515456255,189735.9028
-0.8262655716181866,-1.3018930335775396,-0.2797358463469139,-1.8813418065829028,0.16261754618106766,0.4534247497482214,293761.1775
3.1514516714257663,-0.49191049696217215,-1.8277357505817207,-0.919414174854902,0.04754641793643377,0.19095099739558155,548417.5068
-1.3099590100175473,-0.7813212256350621,0.4997365644998821,1.6749244151959444,0.3439227183573627,-0.7177361461876128,463412.5911
2.1161763560779385,1.0575983557131365,-0.4981127414445333,0.48927055795456476,0.39816974170126235,0.5150040089837777,611335.534
1.450238688883562,-0.5481849918745102,-0.34244582311539257,0.6538846031292679,0.842896881086543,-0.2475152688306108,455238.6954
-1.931953879873312,2.7024122162025765,0.06646647511396508,-1.7413319267289633,0.10342087448357422,-1.6662032647670884,94945.29121
1.2575702720690836,-1.5110635771918586,-1.5426252029410414,0.16042748155415687,0.427013985068695,-1.083416546005198,329248.5451
-0.35068181336062454,1.301868976391615,0.7103989952966123,-1.6322891177141734,-1.5094016533920334,0.2596458072491305,160359.5372
2.3096813672185807,1.5006250328457509,-1.7681597035505154,0.006159188408330143,-0.15295582149231957,-0.07272255033175132,474269.9146
1.2785434768670794,-0.7905889294816602,0.23946760818213575,-1.7181733141625743,0.31789400927477557,0.2333777995266619,201442.1326
1.9470607780835236,1.5340388843026842,0.4905251034021398,0.945342316834709,0.6457380696629099,-1.168429092031394,303217.004
-1.0680583207105172,-0.9829302847595927,-1.6286523151623815,-0.7529143921291321,-0.21123732358500044,0.10730616798315755,329770.112
-2.5690735976762133,0.1105106355372187,1.1069568954123659,1.337945668962844,-0.718641977324501,-0.1690580905846611,163847.6551
-2.759451944128042,-1.4533243628432155,1.0990267468630024,0.43027170515780394,0.40865245928875504,-0.23292308784126645,118378.6969
-0.9761886094710684,0.32977706251702893,1.4984951989352941,0.5798329928945836,-0.7399342381180803,0.5090857645944248,259072.1918
0.8006733651030195,-0.3629428607300652,-0.1961758513344581,-1.6288035797946152,0.6895452905360522,3.334787595936044,215335.419
0.11958053321025094,0.8189477316209824,0.09703732514530705,-1.3229481940219847,-0.6596192735938962,1.0343885363587377,325830.4139
2.3135501193194616,0.5845516981411655,0.4797906359665174,2.7638737451599305,0.14806055361575282,-1.0901264200553276,582774.318
0.9620745366934267,-0.49439844703306435,0.4953265411407397,0.07744360496486008,-0.526275428551575,0.5404096879145815,462583.2748
-1.9497259919310976,-0.13223794067717776,-0.2440517832309119,-0.08486620026102856,-1.3977320642701183,0.15678088115018088,152926.0367
-2.2278501658370513,1.429493674083732,-1.4040790444556697,0.54199126906612,-0.41566276949185216,0.7027537875415426,106447.0001
-1.0277605116195683,-0.5028392606113274,-2.0762433479818503,-0.8107949029783897,0.16696953137115456,-0.7632479396419072,250270.0733
0.6378861412815394,-2.2652725093295305,0.9644955712145503,0.26296821636610657,-0.7684555809702168,0.5453044834100764,445046.2937
-2.1136766568733143,1.9963620426547384,1.412403906464644,4.346678830745488,1.8924032980942733,1.722782830149532,156150.7303
-2.546533615588295,-0.17256065433063733,-2.022985029326619,0.32397504859184284,-0.7755199200067109,-0.741176568539332,138315.1695
-0.19293709992218958,-1.3304265502333206,1.6924202574377238,1.2148914769252077,0.3498332528806185,-1.0028073660970036,214925.2506
-0.0825464486906638,-0.4598684871321967,1.3339773178835381,0.7451256641940962,-0.5933504631194587,0.0498545234115161,280856.0706
0.5986876614034468,1.7164323807755026,0.5626925356001103,0.17700695429156038,-0.2911978806881335,1.0764966605817523,452624.6154
0.6304819019859779,0.5672129874326137,-0.5147680326313223,0.5788018004638151,0.24312848540132173,-0.3794459173066275,276852.617
-1.3272327302802338,-1.2933538290524231,-0.26522873395922186,-0.4666359894585639,-0.48061444539813625,0.6558225948548373,414159.8518
0.4790523437623182,-0.24041512958362624,0.7045153533144191,-0.17763000201405066,-0.6819898484917233,-0.15238225796738647,181878.1121
1.7734783511673444,-1.0565673504943363,-0.3367351269818928,-1.397101037659733,0.5165534734083417,-1.3929438413088295,448257.7508
1.3452933374103404,0.37147279777045283,1.214068442206362,-0.15916085405055486,-1.0269130300841978,0.0010846117617441058,297161.0335
2.172764395718681,-1.2697179120959616,-1.3957044434038106,1.540498345583162,1.3197840192753691,0.48185281447833667,538568.7553
3.1276271933069038,1.1166243071297255,-2.111637856062631,0.16936197514015594,0.6399772625767014,-1.3828245339439225,329310.4682
-0.7908411382587708,-2.4485846090551546,-0.24841479648133596,0.6126106219394325,-1.628083160095265,-0.28786887748634876,220926.562
-1.1544394505363322,0.9455769943190924,0.3191674346002171,-0.9223905841319368,1.1566982437642381,-1.2390907033829066,208793.7303
1.0550221449258654,0.2449231118572868,-0.22154197299871686,-0.26943781383723014,1.8119527662299657,-1.319772575191462,426944.4873
1.2719019720253824,-0.7843452175494108,-0.752725002199839,-0.8374922525751473,1.2680406130308968,-0.5732975756874295,297768.4233
-1.5237442020429177,-0.5157971918178222,1.4864481933115068,-0.01410960876602929,0.46166219649436846,0.5026418097063042,202792.0195
0.06768128601291652,2.6451014698725617,-1.5570560364883959,1.2000238507880026,0.09005047682470285,2.964789807062782,257820.883
5.076224590599057,0.058911842648025584,-0.4995182967445403,0.411654629681704,1.14311459725573,-1.1429483549615167,719331.4896
2.2507515425230284,1.2682271337724398,-0.33328828259540383,0.9766828371545394,0.8500598859782944,-0.1687845863336425,526756.9959
-0.631479077803574,1.362780539885319,-1.5984862024294009,1.4555586159092415,-0.752850364132685,3.9955801900206707,216374.8129
0.7878358487405882,0.06577618669950645,-0.4690606239899487,2.241038881621345,0.9303143800184855,0.20223943988885754,730786.3043
0.747385880754272,0.023346549234107162,0.08005844027431663,0.15077360477389398,-0.7213798393144175,0.08830977109800635,355873.0695
0.18691688773000503,0.44514308448805623,1.5174804931495514,-0.5629696151804572,-0.5834707882440034,-0.6357523379792781,274638.1222
-0.07557486029469596,-0.41859546212040283,-1.5840148009052544,0.10298071937646598,1.834382473057111,-0.08353777024900459,354991.1055
0.3016012670804396,0.3607584570287047,1.0598150163700826,-0.5495540955176076,-1.395137235800034,0.8914966935746526,197318.2591
-0.5312259627944984,-0.6500974112634906,-0.8949540695786564,1.327720392924893,0.49475368225834515,1.6519250651812798,216506.6648
-1.169822746865597,0.5723898568159769,-0.1678845752557092,-1.8331626362653284,2.09888582182318,3.356949750794193,108490.1181
-0.41336147197465234,-2.0015051605971053,-0.5595407356576246,0.7093379917866596,1.0598690511593722,-1.0013682445421572,429260.2981
-0.052308181691855284,1.627660515129162,-0.15178390692931945,0.5751442975025177,0.7128479825637758,0.9025345247831246,203231.4107
-0.8082686138061902,0.2748036014019175,-0.6955544310739559,-0.4186203921873684,2.0004131165789856,0.15868544661437237,312197.9063
-0.8213096964841481,-0.04231950157699845,1.4329450521749594,0.8010978559155615,-1.1648562862698872,-1.4922437139632772,259399.4509
1.2888641706702384,0.3246235547840704,-0.7235356724866305,0.6811692873843971,0.8381859721947987,-2.0085792134191163,354020.6613
2.640620321038701,-0.5878736058989754,0.7045619235973564,-0.8639223160007322,-0.8601345598469741,-0.6312331636509126,670334.3299
0.5368730064766797,0.0910102703281212,0.25791284370780815,-1.0387949718120415,-0.4365772844281044,0.23425517894147835,396913.3339
0.09612558416053495,0.3291904593688888,0.2823559712974787,1.1946200873908646,1.825197064931363,-0.4811897956230938,204063.8821
2.2183169860636975,0.19907895560074643,-0.08786196382684221,-1.0316970225795075,0.6895034352081446,-2.044733438676315,283619.0625
1.184102256388969,0.17351270005323735,-1.4326740490480385,0.09167860728336101,0.03570109075909371,-1.1609702801288075,374408.3745
-0.8436391388093262,-2.140413332441882,-1.4116721786290916,0.8728547018300495,0.2909858152481378,1.4584484089323133,295860.5658
-0.02708113520958855,-1.2414297032240547,-0.44263830564383244,0.3983443542078442,0.17651647647177796,-1.0565026004952183,451762.9087
-2.459485962445876,0.017078461724897832,0.4673705072094283,-0.3165555603324971,1.0702111375154262,-0.9345381906971009,136734.5207
-1.5584005888797607,-0.1229788432225376,1.8116938152092872,-0.7171138599143593,-0.4399238787001578,-0.22286030396875092,179621.2942
-2.3470072508144937,1.3443271367459098,-0.18219329360687556,1.6183463774532882,-1.1478866416691282,0.30822461146479746,104494.0941
1.875508314369648,1.6884711840581876,-0.7224426707901285,-0.34538985953653456,-0.03497824214732962,0.7320596872315428,232734.2708
2.339519538557199,-0.5044827779924602,1.49946829896731,-0.4616782970297778,-1.378715604274825,0.16705049063514482,439069.212
-0.3344021173939641,0.5791345022793761,0.16889662981535264,1.7390744055691993,0.6243534248646208,1.7443300211405204,382919.7319
-0.14246287778886682,-0.7277128630603183,2.0423717689275027,-0.2129303852228373,-0.8669630899608162,-0.3711309812917005,354630.7593
0.2532461945266141,-2.4653894447003966,-0.4661135303517639,0.06286541957823581,0.1322630792185108,0.3817581909211803,489571.0562
-2.0063645645127988,0.9103873552473705,1.4546523904221518,1.1017868076249262,0.3805278702985325,-1.0705610551676985,107724.4395
1.6193279047858327,-0.7479136734441443,0.9098226995606362,-0.5384054961191241,-0.8805042008847106,-0.7506250750318838,513827.4323
2.249521594799075,1.323592974495045,1.585402683029539,0.528432514842039,-1.3146001014882842,0.5874220026186864,291908.329
2.4826738641995276,-0.8582057735907659,1.8538335788658613,0.19391750993735968,0.021745039968905075,0.45370878238862766,373249.1694
-0.8200028197904553,0.9140767308205185,1.0941475372865155,-1.4019275853294098,1.7790250516388277,-0.26076065312552416,149113.8024
-2.8886820046664967,1.228352727562762,-0.604021572968047,-0.8415896848058062,-0.9321274122644433,0.044299317093416196,107628.6258
-0.073752867573647,0.04197790742147454,2.4938067636923935,-0.7704205641313187,-1.0955067037075994,0.563157719072148,415698.1237
-0.9549807325228974,-0.14664352569954087,-0.10215445513852145,-0.832426855630814,0.520682199385113,-1.1017942771362914,118774.584
1.7067516318826008,0.4874042460096128,-1.3956985415421628,0.48169503565570865,0.29157987867216045,-0.5803692425269656,359293.2998
-1.4126595280582226,-0.20303467552865323,1.0288713334291917,0.9663345681654846,-0.3888007998877504,-0.6927503934981026,176525.3283
2.804790474728335,-1.0871800370480724,0.18078464355265353,0.1275854092298076,1.3440023691812393,-1.735926616618617,544101.1038
1.6950845352360535,-1.0147740372856144,-0.7340340261914273,1.7594157997847515,-0.10447271038770431,0.5237845617112588,333010.0784
1.5361523461836009,-0.33687965047805674,0.031830308520318075,0.3160762520091901,0.5930135049127889,-0.5998997631673969,533299.9959
2.3224698083133726,-0.40159198926773043,0.6266271590329637,-1.0711699626872888,-0.6888644154101745,-0.34493543456628123,343397.9756
2.941159004166663,-0.8290957725938805,-1.0008491601449854,0.2682189012884921,-0.8258060702488982,0.7829487263032776,713551.7912
-4.164397944572514,-0.04062988582449971,-2.2949924561039334,0.3016687478944921,-0.6247032830217427,0.3583121966174687,152093.8417
-2.421254307234579,-1.813136377013986,1.1238769581661145,0.1438496970440418,-0.3284335319003187,-0.2067428665279544,167086.2464
-3.9194868829541125,0.634451507357848,1.795016309385183,-0.08973664200649706,0.5356144527210138,-0.2364257180585886,179713.0449
-0.5678927745836767,-1.2771110402077093,-0.05046672442211054,-0.7265191623559663,-0.851257261438194,-0.18764276514086764,447821.6703
-0.9894917484090253,-1.9424753861663595,-0.4098321488188047,0.6348050537222268,-1.4482637601074015,0.46211065029980325,399822.7895
-0.0735737664334402,1.2315477808511086,1.9578992487627618,-0.8072472773064994,0.12734966469145045,-0.8235957360600674,161195.7912
-0.7559879821117618,1.320050666878041,0.80291852217386,2.12010406634696,-0.6358549405717252,0.2315030657299462,165341.6144
1.9916749857128953,0.06000105411026942,-0.3125635160485159,-1.9654121220711385,0.5001064943501468,-1.5954844579303826,417207.8893
1.276340435445541,1.0572338991649013,-0.6991949598190091,-0.9662605457631208,0.34529171213338095,-1.3659588207346667,317332.7509
0.40102526795278653,1.977982053879033,0.25423296269563456,-2.1303375020576367,0.4867626533463385,-1.2798553621929398,232133.557
3.5117339572612623,-0.8610570511707785,-1.690326923268273,1.0432136438505402,-0.6044207460967339,-0.4175259091242685,1024519.119
-0.1936373025159526,0.4491961779174162,-0.4917835792648461,-1.7002495544243386,-0.7815574746517067,1.517632563573571,342368.1851
-2.178798460083331,-2.113952604220044,0.481125786754294,-0.8606313040483794,-1.549398598250223,-0.21755141537356065,176492.6957
4.867119213410956,0.7646583133783668,-0.41154891725760145,0.7802051639903572,-0.7778012356617,2.3341365799761835,838769.975
-0.2714735757507095,1.4543052383498376,0.5450545899226708,-0.1264525857021109,-0.8823438216303111,0.13821190560674648,310573.1299
-0.34047707908046293,0.6424565821144038,-0.3567008927221171,-0.38044414836924234,1.8868204957752681,-0.13964275791961617,137956.9998
3.827544185381388,1.1682798030747679,0.5723746499587161,0.5674547977021945,1.622618569031147,-0.9352305165897835,622546.9995
2.551351120954321,-1.788503810252224,-1.3362180270216073,0.47002961703583745,-1.1547026590959186,-0.9845644080777087,479896.9346
-2.7494778283144976,-1.3607693128843927,-0.4557007496186326,0.790861125495891,-0.027606624710716694,-0.05131406037646553,113517.1348
2.832719885970778,-1.9634589700730594,-0.2003543543506971,-0.2231807623489211,0.41053275870257877,-1.1337356398516711,605073.6116
-2.094673628694292,-1.5079110032835559,1.0404330694302735,0.20864908852669403,0.14731067625003963,-1.8075125652710795,115818.4461
-1.0194861226738035,-1.5403107478822777,0.42693809440129454,-1.1281945075813535,0.07412961130228696,0.6339900427187356,113742.3577
-0.8543379225143911,-0.03609650128308369,-1.0816088948772877,-0.41172510475080204,-0.008739459258709639,-0.7456082357567893,105789.8119
1.325745684428551,0.976229203538805,1.15435872003923,-0.3894429253223303,0.16219955758925736,-1.032673367899995,333409.777
-1.0793436641961436,1.2676132262296533,1.3612794112156514,0.8586170627811347,-0.2762193893939158,-0.05746962350138159,229083.7701
0.8955275531953272,-1.620424754656104,1.5813175729211522,-1.635384056555706,0.4039215430445503,1.049700628315804,427537.2168
1.748824735637769,1.046350456390749,-0.754306640457624,-0.4928697090639268,-0.869015398070891,0.30899854587022424,331872.4272
-1.2698978414912354,-1.974551283295965,0.1875487631687324,-0.365574617425353,1.2632357629204063,0.6127848396887365,170712.7342
1.9524912225542534,0.5089444317450016,0.16677172831589476,-0.5027732663263113,-0.2621763410936908,-0.8727666113891944,462670.0166
0.8410087016893647,0.4848084256441931,-1.5223180087606942,0.7470939550603377,-1.1928694421344201,0.5305424565891838,406174.3374
2.049576862665385,-1.2989601243548732,-0.6752906710353684,-0.04353943285074045,2.0271658262165575,1.8995725428312034,476783.0867
-0.9381022600369919,1.309942221550945,0.7113587163818162,-1.073159042576501,-1.0031558726213672,-0.7691588723455318,168745.4268
0.8078315773108073,1.032941768380546,-0.7296719098186195,0.29591268801465104,-1.6285354172043864,-1.2088302202962866,443878.1302
-2.180991962129763,-0.9009867243987139,-1.4652745777436007,0.6762385286462723,1.3195688221024653,0.11100777282858305,254754.2361
-0.5845071239786124,1.8473868220760021,2.0437266103502694,-0.5553456351467375,-0.5867244466889198,-0.820464208767415,129329.3717
1.0262864386226838,0.9244869869525377,-2.477388558285656,-0.4036698243041542,0.029473222098086213,-0.862714024995094,275672.8901
-1.788307756658859,0.8908077894596951,0.2895115518495183,0.6516306073953306,0.15551295316324928,1.2243244401401394,235371.6686
0.7960164293524186,0.27753044040248664,-1.7574766490397618,0.8234685478616288,-0.40067261654146047,0.8441622343560383,356303.0078
1.9144242055315865,-1.2968781983972058,0.01669264055488855,0.5947923817437726,-0.41274279842954303,-0.9560471124404157,397944.8863
1.7314743702834787,-0.05224101649759746,-0.9481496872076762,0.23416253174019722,-0.9808037073266415,-0.5829596535955365,448149.3355
2.8786576271804645,0.5662248087661953,0.3892318863974476,-0.47552186319827955,-0.2122027215951659,0.12957175190037576,704374.5511
0.5492553785721063,0.05931940683906372,0.5005928897148401,1.3576313432575025,0.049089894605194626,-1.1664813921634503,307165.0681
1.6727335128670882,-1.9895023398217313,1.6810390129998163,1.1255624927231709,0.5957754264847914,0.4101021939282888,773888.7987
-1.3551863857863031,-1.059457041889435,-1.420475698637049,-1.080490809984957,-1.6154042809587235,0.6598874901085535,183257.9263
-3.1245681967734735,0.5569213851660495,2.3403865935013224,-0.6058246260604004,1.23039526408153,-2.3914432218773887,165001.8779
-2.696465066285974,-0.06880019937237912,1.496508099161859,-0.5328666354893664,0.350419356772697,-1.1777712106272629,234719.5722
-0.6987687349868212,-0.23020997987105513,0.47933187503809055,-2.1727568349231423,0.4913086890023931,0.4757828649840153,151390.0694
-0.9636575472364066,-0.6969140723084798,0.30407148698108116,0.4688342294891185,-0.6592735395887358,-2.2676699108815184,481282.1057
-0.4545642671678894,0.0647846892274587,1.0951355315263371,-2.1267413733168037,0.275585972052668,-1.1004170806667934,124209.0541
-0.5273367309099477,-1.1451051787441038,0.012284648288267516,0.8666879155775242,0.33225041996649457,0.27236187836195697,442991.002
-4.3068581069772245,-0.5875721980321257,-2.9136518891319287,-0.3056014522274876,-0.2889084236686181,-1.2232738867242954,242998.1077
0.9745226594280502,0.5769777184069828,0.04121809799021732,-0.6360218560867594,0.23067702772051685,-0.5387974243667221,294738.4393
0.5103314327626308,1.9021242223542711,-1.1683861041540329,-0.9193301893509717,-1.4239172334096886,0.19496288010793636,272679.2009
-2.778448612198067,-1.4953733278674812,-1.168903630422398,-0.008869689168273418,-0.5440989211215338,0.861643804382669,103129.133
0.47161702571274944,-1.5323652205004592,0.7435522924482543,-0.14887927748260735,1.3673727533136792,1.1450165594822275,232290.5139
-0.08562453711968822,-0.18826852343765418,0.6719903660643012,2.5943274243603507,-0.9937052724480346,-0.5502554182957974,266670.5158
1.1645552358121043,-0.25232273855795795,1.1538498393744532,0.32721830724836487,0.9029232230236923,0.3019826620342471,185241.968
1.6068762132626808,-0.41051570455027026,1.5392078546956052,0.17330577201851774,1.2614863217489425,-1.3224840716936603,255114.2111
0.2788959474141953,-0.6606235388017032,-0.49673132794690533,-0.6348335641649923,0.4255750908497298,-0.9480299454200876,180984.9615
-0.765449676196748,0.24620513150162537,1.6312113725567463,-0.016430657177265752,-0.20365042242379156,-1.321549467723466,205364.9148
2.9462602506902487,0.8528604456763774,-0.9182573260596795,0.24199030229836316,0.7794510094339333,-0.7615099452623607,856276.5702
0.550049246599576,0.7202044504043261,0.23445593889335303,1.37677085622987,0.09800015862518649,-0.06391302001633967,584773.6586
1.283499305719867,-0.04901915233246283,-0.7907408112904873,0.7763538111864511,0.7274175011504954,-0.8853302290543349,543530.4933
-2.0641987018110046,2.115438487943917,-1.583428958927737,-1.620923733046062,0.9351621476726164,0.4587464030251397,108074.4061
4.074417768169405,0.6391379704473434,0.009926649624570787,-0.6440213576169941,0.6248257745547642,-1.161618178723875,402303.617
3.0669208799500485,0.38172218171933175,1.6022026748503255,0.24827126604559843,2.111137217548003,1.9840298042302407,451813.1003
-1.6042795003246366,-0.48107642710161114,0.6710612648783545,1.1581259616885615,2.0157919082154168,-1.8462082220665514,324412.5087
1.3800314926995487,-0.16245703933692499,0.6586659025292355,-0.33430180390262837,0.8305358224401952,-0.7032896551780968,478875.1957
0.10433269555347312,0.6655042881076147,0.07251205565762751,1.1729884063140048,0.8105268321097946,-0.34384220666932186,527791.5519
1.394968851995261,-1.0703332368362957,-0.9178995915843998,-0.6914696701834755,-1.383167039760961,-0.5057213576694803,371188.7216
-2.4215470478459604,0.23742615677911702,-0.01015472475258139,0.17494189105069027,0.2441629676288962,0.15365782468168912,324159.0214
-1.3255913630481024,0.22997601274522916,-1.8766902362600428,-0.5462834721532529,1.350485928921425,-1.4813069580823721,111989.9103
1.2340993788132268,0.03649658256440756,-2.4700298235726907,0.9207622649267164,0.4012814113581949,2.113193168392773,571149.0188
1.3725403712426898,-0.05364199493791901,-0.8357503379442571,1.4822665944514872,0.36147513541808973,-0.6932652680171061,610644.4847
0.2714346518106307,0.6094940508595693,-1.1540310137300513,-0.7357224925350297,-1.0765686724945838,0.17901680538536524,254564.3918
-0.9833906156974044,-0.3213956344753298,0.8004987794572174,-1.6253527041746023,0.41156572501027733,0.36082566763200513,118420.3323
-0.9773030950252911,0.38744965130541387,-1.247618403548737,-0.27499834325171557,-0.4748775940211602,-0.22329170095170847,295324.819
1.9620021181337888,-1.372129353537972,-1.5823212587773532,-1.583486330708969,0.8851124746785133,-0.16263981183590082,329886.498
-1.3504152458651404,0.6214751100262739,-0.22480515819383032,-1.6151505252438438,-0.012769260982130725,1.0773103356248468,299926.3906
-0.39762448194077726,-0.23202265339811223,-1.1947012880761916,1.2600443664597756,-2.433629752998043,0.005920052647471032,299616.9397
1.222748240732068,1.0573277683666014,0.3483249303696003,-0.9388539074818367,1.7904782512371826,2.069757416534241,343455.0967
-1.3045312239526747,-0.8746865244890714,-0.9189993658096312,-0.10083365252386248,0.1728864979758492,0.2735703383212974,334874.4242
-2.3356244413817167,-0.3641755718253758,1.4697105735278115,0.5040680965982294,-0.4285209120618763,0.24632302807388587,126313.9809
3.332198349180573,0.24831054160752053,1.1680961365716795,0.5553613379947525,1.0753811144518102,-0.4073868084253031,462043.3268
0.316518242336817,1.0682439447721637,-0.25702219942968296,2.3199743349838724,1.2497117515436964,1.6326858364053747,448351.6474
2.1108215617884505,-0.8831015850869272,-2.0760533994506263,1.1929504927842938,0.2705822201174561,0.27022640614806964,547107.722
-1.3294136333161974,-0.060987949167529774,0.9362015655057792,-0.8885645472206235,0.843279580313057,1.1373226780848047,126155.5558
1.566492203154987,2.1617474483183305,0.4687787515712976,0.529555827627851,1.6489460500959776,2.7525973330947893,303146.052
-3.307141116259042,-0.2452380388851751,0.9183827939109191,0.9984830982873363,-0.8639882075928663,-0.2879739571151713,114541.7742
-2.8102587162243093,0.9026906979743881,-0.5376731737048175,2.721039776679795,1.1823895200207588,-0.33027203197089944,138420.4848
-0.07984677413471891,0.8579779403186799,1.0647629155309533,-0.9558908658582893,0.0476962397369295,0.1457875259210266,157692.2378
0.05754310755646312,0.6308562065682348,0.2955804573320183,-0.6152920875398243,0.7831805577385245,1.7668668072572518,217917.5136
-3.054135181650821,0.9887369988365243,0.3601090904060723,0.08672123658431008,-1.0045629361819695,-0.23703295787401418,138761.6006
0.3477937312703034,-0.037864743004845956,-0.9339011825541861,-0.8948804935766452,-0.19945811610266387,-0.11568438757979585,356639.1253
1.496976685825292,0.8275129630494762,-0.7469486117890162,-0.1917816403758224,-0.567906708097152,1.1004505112331024,255488.3252
3.1527161354156505,1.0086973401296835,-1.911276145237361,2.4351191295649586,-1.217928648043817,-0.32255387336696945,739123.5425
1.2511524486929169,-1.7462093085935038,-1.7699826822150542,-0.5488097788191356,1.6699295755119625,1.336106867519062,439717.8031
-0.15279080691360927,-0.5082949544604063,-0.5421668424634809,-0.07717019914696129,1.2255298316135375,2.9322309577525756,254732.3594
-1.792852568209581,-0.7318328473191299,-0.16509905444219813,-0.9485399143260224,1.5097081937144028,0.9942525322355642,136314.9004
0.38307415733443034,0.4914200152057399,2.3114099234676013,-0.8568609326269553,-0.12167971771508733,-0.15904885419863068,168159.7604
-3.028661541929435,1.6497011765869967,0.310607868840927,-0.39525224068057563,0.18870298199097008,0.41172740348164727,149706.996
3.4920921084912084,-0.15671293529911687,0.6281011968694482,0.8444486399801594,-0.1724646324138922,-0.24070212342862302,483124.0778
-1.0139293791107453,-0.05182726116483516,0.33311310175751535,0.15705178349844137,-0.8143869769660423,1.4953392171902755,317826.7291
2.9590814100952505,-0.5267003176082369,-0.4359537712580732,0.5886014473180435,-0.061738656075473713,-0.6683181359191028,491887.0762
2.737589985986757,0.41093291182350694,-0.2584757888310793,1.4073967872886395,-0.5528495737724214,0.5076540463371487,491132.4585
1.186520199531835,0.7343297117680817,-0.5627015264611632,-1.8976907157912626,1.1689920895806094,-0.3401195240575572,365094.6323
-0.30022712055826495,1.1208639181589308,1.9574162677037235,1.4656957591425774,0.5768829993267475,-0.5257950612132924,488567.3674
1.5965722599745438,-0.30801245418150125,0.8680684902293657,0.7298822946973403,2.448194343948956,1.891521476318238,234631.3808
-0.7955982972426362,-0.4462684147059423,-0.6139685951614502,-0.548660008037663,-1.5869737712290226,-0.4480457527057842,154400.7525
-0.561781082203775,-0.12137633904048298,-0.23416323524769694,-0.2615410445871708,-1.1713283992331776,0.8401251546393361,269865.6223
-1.2502918420629199,0.4292901905768233,-0.08296373774332835,-0.046679748774610834,-0.7363059007539569,0.38672407512467966,222065.2125
0.9366437657319915,-0.05100661821770316,-0.35565075411219205,-0.05308208051899013,2.0613828278140796,2.5439683511434588,519811.7034
-0.435130887762369,-3.3280843135997746,0.8320905398329732,-0.11021145222026055,2.3527366447391334,-0.681349437408255,579176.5925
-0.03423848699723275,0.1319741938782853,1.6808415636171268,0.04108404756773566,-0.2692988381182027,-0.8584813088319416,217357.924
-0.38587159114766817,-0.21230369537645255,-0.6642456721087756,-0.1961761109175829,-0.22079965452940975,-0.7304829265150153,235650.2469
-0.1410506061344583,-0.6913078618315946,-0.10343136468944472,-0.25717198067835534,1.0095578336489057,-0.13103352510730207,345892.9122
3.7411220572467965,0.1421739535677307,-1.6919252082344884,-0.9089390773952253,-1.204468273114406,0.5702652523241218,436711.6125
0.40635404985093593,-0.15870152068369678,0.7614757345911043,0.02621095555201171,-0.5264412511336213,-0.5963350448947671,396428.1539
-0.06909439910961172,0.31845466332769173,0.9902666189947905,-1.1453934955265588,-2.0581952551554425,-0.08778781763562009,197581.5547
2.2784164587942373,-0.529591162869573,-0.6762630545516806,0.31437708453532004,-1.060756858399555,-0.8371978702509575,362063.8721
-0.9739757326725758,0.2142661424073825,2.09375575936061,2.093196425587011,-1.1225459919646197,-0.131153461626947,418226.226
0.976687512712974,-0.3696183644064426,-0.15749792842053428,-1.38438165465921,-0.5344984740620339,0.7389265075954503,226658.9276
1.772334176659992,-1.106377365573902,0.7529138952307605,-0.46856096464534425,-1.2239067350755877,0.06376869973026636,294283.1239
-0.5130333758399928,-0.7378331326440851,0.8836151694022997,-0.6702863444640916,-0.6730525996172333,-0.3823923074455858,226528.3599
-0.8162386176622638,-1.101786319152284,0.8392390332795447,0.7236791357301917,1.3484007444323967,-0.45196319574216226,221653.0451
-0.6777448274072713,-0.3111520891586731,-1.0841754327177473,-2.0102294458909564,-0.3304305959144266,0.2554807777137266,121928.5813
-1.4055503933994618,1.276103248121104,0.5331327844261795,-1.2966595927014297,-0.06780671754684744,-1.3266365836338967,145855.3631
-0.7075738340476727,-2.65204178594859,-0.4749659981200718,-0.23896674866663128,-1.324937808311757,0.7155045468380092,342147.8498
2.2380147841273357,-0.29088143402659306,0.56192320006641,-0.32931382009187793,-0.7661595792917723,-0.9342815639714852,572012.3294
-1.263449870784354,0.17269014407216274,0.5665441662288501,-0.38356410028797316,0.8968867169942856,-0.4154044266419447,269943.1539
-1.6562201923446265,-0.5912146065257179,-1.9437340967292511,-0.9795097420748289,0.5787099446414278,-0.20284644503622493,219969.8851
0.4400847147510159,0.5412243272466432,-0.7114796829896524,-1.3339547627041655,1.7961081220692994,-0.5632320307840856,369969.2973
-0.9588760782257494,1.8871672769286043,1.654850143259516,1.6947311250593249,-0.11161420460989922,0.2944168997520948,332145.3784
-1.1819969358510871,0.4007357126021689,0.9452336521973433,-0.5486269979860181,0.4674585095821965,0.23725395351387865,109888.7624
-0.6335094289813946,-0.059433772174819904,1.7121783521566378,-0.35772395362130055,1.5860178763148753,1.1013621434130565,297256.5871
-1.160126408405562,1.5074130340521819,1.4266289795348692,-0.0966611327437097,0.2364504455150403,-1.6454096078932434,180913.36
0.04558666075628679,0.6674033332866105,-0.8941666549705353,-1.6987647309797163,0.9479825495564195,-0.4833879025575083,192507.0224
-0.48780189192230033,-0.06553005170522673,0.11940972155405577,-1.1207961608430685,0.2835282737802211,-0.2721260072653687,137536.1443
0.7660234164266959,-1.0626703466675465,1.2008975333608924,1.2719549583956915,-0.1592949794164713,0.0706360228369203,464838.8622
2.455689477275826,0.03243676736492591,0.6240363614183917,0.13832351944706023,-0.04181330714420884,0.6866171459741679,611786.1264
2.7020714086172637,1.1963741575545257,-1.63548163913779,-0.40742543522537594,1.217352751733769,-0.8063295287819967,439067.9892
1.044815102539243,1.0652433133412524,0.5137034972483376,0.7931020784209561,0.5176596833209832,-0.5549653911480322,307908.9626
2.7606295862572057,-0.4940849271108562,-0.11102088566732551,-1.183122050725989,1.9366626891871668,-1.3006413237429242,324624.6879
1.9227979306441854,1.2474671119969714,0.16734608751048302,0.8480262418278899,-0.5364571659273106,-0.5325026301437701,404300.6422
5.327347374226605,0.5923146912132167,-0.038647794843233704,-1.1549509844039128,0.33409756268260904,-1.3953012018463107,523957.4089
-2.5258178624673984,2.412000908608204,-0.18415131487700032,-0.17261038353120123,-0.5412649510769154,-0.3931676312309032,169402.8034
4.100778448698918,-0.3089692707640466,-1.0211946334832975,0.9861240115744789,0.8563942453020219,-1.5645783949292942,672571.3857
-1.8113134683955308,-1.0669668339322658,-0.8460332738857813,0.2806040853299951,1.5625508985983974,2.3166865812873327,135635.1167
1.2165273476608922,-1.8834622574744257,1.2528981754716297,0.7813295648109873,0.11569275323821755,0.5660998951203934,482017.4676
-0.476250797945806,-0.08497053000321506,0.13456959852475936,0.3959679168412745,0.6885530967846228,1.2725861568119938,208302.3543
2.2890256109353073,-0.19661591822442145,-0.6170290483491007,-0.0008256794949984597,0.8221830904135446,-0.41159299360958174,311283.1048
1.6264409753312266,-1.9772418788931565,-0.11803085302753448,-0.06712705727119977,1.7757407044063955,-1.1836033808675117,474262.431
3.768303483752615,0.7889058554867814,-0.6741677304732446,0.25774243400312885,-0.1381644444194122,0.36072136926751086,469792.0289
0.7940918521791698,-0.7961882825794052,0.3797799623875687,-0.9255548508437296,0.44341372780122545,-0.07542959529849148,439281.9156
0.9456865267881266,-1.5129912084655623,-0.6212620934103961,0.022138719702603043,-0.5450843886886266,1.3459455597565515,377809.1796
1.5778851412698036,-0.57681139879215,0.5730362258576949,-0.4864427416535976,0.382278182719811,-0.33368660081950297,655183.3652
-0.5279248985981695,-1.0572877042096298,0.03715250159175766,1.4859590349461884,-0.19603312036475892,-0.5603205075682182,237511.6102
1.1942456763668716,2.1468682356678936,-0.4006164103538493,1.2185080907953914,1.0003695413860325,-1.3197744157372289,391146.0655
0.7589964547243525,-0.6488045865834583,-0.6985799079540933,-1.1697225671310338,-1.4982889421842356,-1.1455659227626216,446113.4462
0.2907555728889598,0.938426038562998,-0.6966522828214444,-0.6038746056656558,0.15258984601022246,-1.7540294958654812,281655.736
1.608052778308556,-0.4168967137207381,0.5498512629076002,-0.4688311698646949,-0.45823243867984953,0.2923832277615889,652006.0813
-1.1879003474329441,-0.10119069391076523,-2.2157561054101023,0.21170019119035166,-0.677477057914152,-0.7144038202288272,169471.5239
-0.8693464794511402,0.16264371321219515,1.7494650512368672,0.48862073640224335,-1.0343382818712263,0.11556412350569435,163370.4662
0.0027906073960076235,0.44031479120648054,-0.8015469371508885,0.5334838327280088,-0.5604689511992383,1.4308282703384232,208876.8089
1.4058453846865908,-0.31239969845035825,0.8744994926094392,-0.30392186389710035,0.41615330968988673,-0.2515232363892964,213919.6444
-0.349302522445337,0.18643733211353855,-2.5123854751480876,0.7646505645492038,1.0620654830614895,-0.3815834110470652,211150.8233
-1.3857240475954988,-0.05941780165664308,-0.19102912812006537,0.2410712652901834,-0.9005018127107036,0.06437996967922607,134397.8758
2.806292506063825,-0.11801462183221494,-0.6757727350473215,-1.216985453953922,-0.00033905683393579836,-0.16871642164376696,411131.67
-0.5495271624331856,0.5747465938046538,0.26738704615785724,0.14588623524626143,-0.598406861124094,0.1307162268116707,314862.9031
4.331067801885233,-0.19342689326838466,-0.07370192158203447,-0.28048621905005566,1.0076146831259658,-0.2087500039292867,628152.6935
-2.1698782681153546,0.6563509850651534,0.41003322009755877,-0.07535361639006327,1.3989051295499677,0.46993545243465723,296999.248
0.8480804833122215,0.7092175658107096,-0.2594999111583413,-0.18532565283381036,1.6889441310951725,-0.5437043098784926,561175.1138
-0.8894664598116193,0.26256846678439083,0.04662155576515336,-1.1271895561452911,0.06577310196371654,0.4610979499969069,131578.2299
0.6901323873337306,1.3660345931479174,0.2528896673372214,-1.324934699081884,2.1543426255368474,-0.5741682143296541,368325.8931
2.616243343940458,-0.3975417645518686,1.4943570510510698,-0.6838411382770005,-0.3340554144490075,1.6858473552935707,362656.4323
0.15100172369357423,-1.011086082713859,-0.8604470988859253,1.0998742602639495,1.3949301730052084,-2.052722272504161,290095.1722
1.747565133695292,-1.8620298310191779,-0.43283203982609336,2.14789061068385,0.077332503478161,-0.9740326224685385,754848.4025
-2.7152317150487035,0.7340348869144148,-1.5570103242558038,-0.06769878648106686,1.31587441976278,-1.1582954803674905,115209.9412
-0.6017152735323976,-0.5368526958314165,-0.6668436682811867,-1.6987891335374867,0.07413785963101698,-0.12083986145497379,166306.0265
0.15837168757625894,-0.8652596932638077,-0.25818952045903004,-1.1533811808846461,-1.0016397392749996,-0.7965089311269229,489752.3503
-1.816367157172942,0.15961626656164216,-0.7189271118610602,0.8796682048523987,0.8612916686129797,-1.2150501155173445,432899.8862
-1.916755005825921,-0.21772455044483283,-0.7721788360373399,1.1168829036601233,-1.5044872316861335,1.4206962991395096,191458.4188
-1.0820270815094304,0.6920663656196366,1.5705854445119802,-0.13164155721221185,0.14251590084254667,-0.33966604332244377,182376.0913
0.9179253548241376,1.0565668082082933,-1.7357124370773096,1.3563531916076572,1.693857262224547,-0.3324700257973135,359154.4452
0.5736319713773559,0.0952948677900454,1.3733196194120354,2.158701175164608,-0.365306197951225,0.9562195411002716,229985.76
2.358216088970644,0.45809280843987277,1.1764306161527553,-1.483988638530816,-0.0814392975206906,-0.450964330932933,238678.8672
0.24719671750872185,1.3442676944826746,0.9160144540123163,-0.7011170980676233,1.0492215213426048,-0.15430953750157317,445125.9499
0.22604699595354363,-0.13880062657027373,-0.08753370165421424,-0.5110772646446614,-0.5784846197894387,-0.2007031162246549,258536.9667
0.37490030759702125,0.16810992007413247,1.3519762089013863,2.212209158753139,0.6131374203516642,-1.2174605539847785,384097.6603
-1.5185345685937375,0.3850384913131154,0.1631276268654163,-0.23828195972530733,1.8912604237807853,-0.203699902481943,108684.8082
-3.487113957519353,-0.6027315189559355,0.6694136277958975,-1.2685680848060477,1.4762044103983654,0.9255981003903757,314431.4141
-1.2923163720268582,2.031565589515274,-0.013699964232029257,-0.5029933169527622,-0.818642192119649,0.6349607948988458,326446.5612
0.5177907922306949,-3.2618851383496485,-2.0959927189762326,1.2279388202112813,0.6213959475933252,2.6794787004361056,592878.0164
0.8187967679958277,0.2253995615555114,0.9723656793724215,0.3296555344140514,0.05672499932676718,-0.31650325839615273,134257.9645
-1.5979466831554332,1.7673682660016665,-0.8425193919399799,1.1756487332613894,0.805306383819997,-0.6645327353347167,119850.694
0.7648055797927431,-1.1242786116168622,-0.45540289229230196,-0.6761908113644325,0.4974218995891117,-0.788034043522492,612273.691
-2.738366603679955,1.7908935097610612,-0.6920267733964685,-0.2715444527490718,0.6455548838599888,-0.5461519330976369,188284.0518
-1.9983189477692318,0.9348262627886719,0.4481262303951584,0.2775740355774811,0.9029711827245412,0.028613442245640507,139547.3221
-0.6639689923057008,-2.775631475651005,0.2572479386142168,-1.0783594634378255,0.5324496178456761,1.114112044565537,307325.5166
0.5284136568052149,-1.044676671138001,-2.590000690289286,-2.4051780113612877,1.1472728984270537,-0.7892750452689458,448803.6599
-0.2762032909159868,0.8454223384696288,1.3220424679485794,-0.6748086629763853,-1.1888730671033134,-0.09559974287209108,275558.7316
1.1147817908392683,-1.4839316705173768,-0.4432642034707118,-2.1069812229109126,1.4208631819641302,0.020705240577634353,283872.353
3.587958852651946,0.6077985936695993,-2.04064826758696,0.49720599365321444,0.6350084022550301,-0.6470821300415939,792902.0333
-1.9956910241808752,2.494696788359961,0.046678815304138505,2.0850010654860283,0.6159719750170028,-1.0334734868006303,124464.1959
-0.04900779607577417,-0.5008110069270448,-1.1503052059156296,-0.19332758825671592,0.9317968599980987,1.096664398515609,232474.8527
-0.7799910850737867,1.4011538460828057,0.058012096735023735,-1.162552036129369,-1.8343157481415377,0.6414254918703026,111564.0417
-2.4331994260310887,-0.5572777828562869,-0.7715893830477889,0.4223041886402289,-1.8250810797410901,-0.2219103905160627,360685.8504
-1.1494721445886433,-0.5992047451731648,0.04177691776363295,-1.5383134390923183,-0.850708516160972,0.9609277530685508,221064.633
0.855931681025861,0.3214966764097503,0.10773872588916301,-1.781298566634466,0.045431922636172115,-0.316151988733148,223986.7535
-1.9427513404542174,1.2623900974638016,-0.7410560492446998,-0.26966678187946763,-0.4141937271857021,1.010137950697373,140764.7725
0.8451833404316399,-0.24750843832221517,-0.5750078572982218,0.7081522563524002,-0.23941460935669914,-0.37370426644200716,334089.7381
0.01754384660543646,-0.43877217531323826,0.436767430303047,0.9775332887930248,0.06719435873875015,0.22654624612295687,202492.5214
1.714349784341417,0.5510183206363761,-0.01997574409193085,0.24242027203781458,0.470736956057347,-0.5107012952401639,316805.749
-2.864102016361358,0.3698648536514394,-1.8079759825379798,0.34728284006537824,-0.16629313166418344,0.0685650555464699,119164.7362
0.5675462633961947,0.6306653539717704,-0.01855311524977848,1.3361134494305966,-0.17387260101323182,-0.18051244442300823,368225.0555
-1.5861862964875537,-0.18362981801032235,0.702947730968109,0.2313023122105457,-1.2515008319126975,-0.6463661153055394,105336.1581
-2.537735593991598,-0.006686382489164242,-0.636780094986786,-0.8508518223566002,1.9375934195178763,-0.24484943606628576,308517.5187
-3.2423200044362694,-0.8380887515289701,0.8886034755644928,-0.8089268692411802,-1.3036253091157408,-0.011989975298916423,207001.6902
1.4679620197526537,0.7718965432955776,2.3729774394107315,-0.1328429030812423,0.21829364492486866,2.877699065631312,215523.7457
-0.7166946213931618,-0.05541774244738476,-1.3653122063988123,-1.1925004428754407,-0.38655279093295636,-0.7480166582463535,184107.5474
0.45900719535608087,0.23527153247426338,0.4869625795033702,0.6586537495506076,-1.6059506470931177,0.3840079506522251,557539.1088
-1.4563124324989605,-0.8126822498208505,-0.46688745909113044,2.1345445563336365,0.10421748191255241,-0.848984227486362,338433.3133
0.776224427619566,1.6440967339326087,-0.07271007677208319,-1.462837403357986,0.4573783897326816,1.215852976467025,143168.2995
-1.1164938686919972,0.1960283149925077,0.6914886875120358,0.11069878906499062,0.45469913498332193,-0.2035051456273197,249169.7703
-0.9070049963413236,1.0044721195720094,-1.1487020344095407,-1.6229879512087364,-0.04873482311035267,-0.6846520664985231,163022.5614
-1.446288704471767,1.3390016899971278,1.201057801595669,-0.6709474721561238,-0.4758029127818695,-0.23819670256548764,131853.8666
-1.4315811070917461,0.26987093135704765,0.696716555652713,0.0029399476358869573,0.5783745890518572,-1.0620899834624966,338485.1269
0.7407641045101533,0.9130531501596467,-1.5219265462529572,2.021998914893176,0.8818800820068114,-0.3647434877682866,356754.0484
-1.3651149890600736,-0.9224518967566638,0.4395068877183028,-0.20028747872997188,-0.11598047775063303,0.17938073019000841,95153.23721
-0.6585409826983951,-0.10958339909301679,-0.8102350695766942,0.776695891126831,0.7673624734049167,0.2836653030107307,333044.5036
1.1632916182065358,-0.6585245135772193,0.33321923523296654,0.2373308750076833,0.7479094944045044,0.13583983227643137,294473.2071
0.49595197813515723,0.00876869769396718,-1.3084056331492389,1.5654205943170743,-0.3285761661326009,0.7504742268308119,414809.4504
-2.574024879497585,0.5393888877095884,-0.012045960774918624,-1.4336128784402788,-0.29399702311312276,0.2549230964860599,102361.1318
-0.8974690360274062,-1.4182653449895704,-0.844240624007522,-1.3058653261526323,0.4760312899752355,0.2971169193493426,288106.0885
1.2822466154649539,1.619736235418941,-1.2790937398149071,0.397159207808404,0.0666823473286012,4.381365105658767,385022.8356
-0.5174282894232212,-1.8810369540670029,-0.45698610161329806,0.608285097781925,2.093381297825971,1.4976600322102596,218450.2049
-2.843258692623078,1.8294210754673903,0.887859972960147,1.059275098035017,0.8148004532595312,0.12648662640615452,217689.4574
2.4228963337005776,-1.1479737658925324,0.9220567939243209,-0.38490446152229274,1.0260162673984539,-0.3032187407286993,420809.5649
-0.8930666119862353,0.9207524808119424,-1.0483502934737672,-1.4203415844185132,-0.5361013317662976,1.6796963358506942,192581.5685
-2.9266529050837398,0.8848273266584147,0.3946227035547165,-1.1399767200712658,0.007909703633552069,0.00511550784344978,180672.84
-1.7647458587928375,-1.3988229984420906,1.6346508123556185,0.604583608815817,1.1370540824451136,2.1490722439485612,151369.7369
2.4023452920902284,-1.220927048241292,0.3796093435492904,1.5881223739133665,-0.094342412343585,-0.004205391545656848,653440.5314
0.40060050510426876,-0.9606019047267863,0.44713929652927037,0.6853238242831727,-0.10701836190579912,-0.028790654782026692,244050.2982
-0.1282011192392,-0.9390582408124423,0.09186276269737412,-1.5444549286348723,-0.6029073060646571,1.350815332823268,207894.5331
0.3844650070993039,0.6209592226730211,-0.2640532881147957,0.1303186160347585,1.5158229931534388,-1.6546873831191824,229454.0694
1.1388979463868705,-1.8322867326022487,1.279542898718233,1.1746761786816378,0.6845558357296567,-0.1717244097841512,461043.3516
-1.828351969635675,0.43591770483300213,0.3429725705050354,-1.598765132065859,-0.8214661177186088,-0.01928050081302814,270178.5985
-1.728745472856694,1.650713553357506,1.2422164749410465,0.8143361244701138,0.9455257315215603,0.36690028396111685,110274.9103
0.22474123041537916,-0.3206520491497983,-0.8706154400559527,-1.3857005824935924,0.4717402795024309,-0.348719263127334,218414.7041
-0.7249215952921059,1.0354602868603198,-1.4163270628745201,0.22958273254169934,-0.9476784539286942,-0.5904267630637868,183678.3238
-1.4177569004837915,-1.3389851716654628,0.14896036967239024,1.5008901236800454,-1.0880113324457474,-0.7415543699775997,232875.4715
-0.6295997711108029,1.0787083179657144,1.2173043220524755,0.41544007881396927,0.4084842250704444,0.10226391450422706,354230.9295
0.010404902946803596,2.1486390461233675,-0.1439451262810162,-0.48842091761157125,-0.670759462077347,-0.9055140866286646,214175.3206
1.9855077401825552,0.6818383261520848,0.00905981658879634,-1.2411482598128014,-0.6192356707049973,1.0698130878060916,297423.1277
1.5589314652766806,1.764651492781816,-0.021153752285014107,1.5996969443140805,-1.4538236377840692,0.9046683422282967,530254.5409
2.1254895079434255,0.3915559692240136,0.1408657260511424,-0.8317364093233961,0.788205915921625,-0.32075939351865984,410194.7332
-3.82571895057285,1.6187935511265223,0.46802360067036775,-0.02196366780297247,0.4646927657985323,-1.2959995367258519,144485.8132
-2.4973977850375433,0.22964479556922382,0.5578601387334093,-0.4650818289717412,0.32298515467084987,-0.4450138002573768,138310.3571
0.022368502989730463,-2.0679463314564326,0.38813626767871506,1.4709647991652572,0.3402216618417301,4.014058501135324,305092.5135
-0.08595226624745486,-1.2060789944690808,-1.421455277654527,0.19283464240933523,-0.11317842693689889,1.5161812784940307,432917.1193
-0.30062637426058275,-0.162774859885432,0.5231930100631369,0.13277498461367032,-0.34854615943220313,-0.056176683580247994,357762.5729
-0.03999465412818048,0.6255383187567235,0.4397092527976849,1.2683603065423974,-0.2855920287267259,-0.8161072506799533,284402.3429
-2.1056469187821287,0.3695662393213544,-1.5744623086552694,0.4237971030572558,-1.3842050845909728,0.21569695905223,197307.6923
2.782445009491548,0.9592154147742402,-0.9740027652700258,1.6555815634957103,-0.9465080031303257,1.1489513786510896,475681.4227
-0.9566083793350342,0.48686483193328156,-1.1776438564608218,0.6008930192120374,-1.4479033150304443,-0.7441327559037961,401002.3532
2.0231091598568933,0.8773038600186185,0.14203664581520078,0.4064309241654876,-1.207626798534475,-0.2734958742488835,431435.5791
1.520646107675587,-1.615656880392284,-0.19686864229335443,0.04056317282377904,-0.12988893872507004,-0.40852266865479353,334194.8309
-1.9331706811795528,1.4788391106081809,-0.3353376335387255,1.464231292484028,-0.22892405524879372,-0.33325484591250665,271846.2022
2.665676229869751,0.4964985448517198,0.8995614299595286,-1.4751350431278294,-1.2114522862255055,-0.00809237249235854,330865.3714
-2.5660578495736335,1.3655066147363812,-0.42255707825722777,0.3244678598624842,-0.7460058901954911,-0.1063712403909854,91512.09051
2.303741882504745,-0.17622239382721366,-0.24977874393075183,0.47521043967352117,-1.653555283673027,0.4340840750094379,486068.0823
1.151501205337233,-0.10976139955434862,1.1763780676925897,-0.8497830471779761,0.7232100247385348,0.42987925041992053,281753.5547
-2.6676205734576244,-1.5435960084683007,1.9222358834793039,-0.39743949361123765,-0.34727554924866477,0.7574143162104483,197046.1664
-0.8461488886397139,-1.1501616684192544,-1.4637105344752726,1.7719471875535882,-1.622116195819204,-0.9369411357190752,293998.622
3.000331765920135,-0.4504025922486234,0.418646475756199,1.0509422373505874,1.1628218664834418,-0.7743894635859471,898733.2881
-0.6419348967666185,-0.9379906117699399,0.43769001613837477,1.5711330572895135,1.317990036419895,-1.1442101940406335,206992.6136
1.0115617567468518,-0.18912942336966015,-2.015637451750273,0.16233787437605735,-0.8045281956286151,-0.3484572096060968,190732.4501
-0.9763685036650971,0.12515858383650744,-1.869792101193605,-0.8523273712392173,-0.5382523363631532,-0.4800517460369418,243122.8524
1.3054495889878313,0.21922158931993554,1.8438424387597656,-0.7353664295230997,-0.17924082006680947,-0.6447566962412685,417647.5648
3.1065840286460746,1.4211202603714543,1.0469583481297136,0.005138354942982349,0.20517593949508964,-0.6060674205030424,336680.312
-0.9323996775673704,0.9348310759444148,0.701839948681737,1.7116357171474803,-1.2643534449356135,1.3855597359500864,286606.7534
-3.30818140149784,-1.5923386544632634,-0.17082424427960122,-1.9164120049437845,0.28091916771430314,0.025931973192904755,237962.8901
1.795910909435301,0.5253941669306645,-0.43409937212458616,0.03078768112004066,0.5493659192704559,-1.2970776106597819,416588.5502
2.473066563915013,1.1308529377026544,1.0966947923781418,0.6108607563067597,-0.9964028931401632,0.3744844804960065,359337.9394
0.18243630656145726,-0.30008426725861204,-0.8685372293049404,-0.7981976701410314,-0.6528847460375605,0.12934367673736177,312625.3158
2.682929639329445,1.0573053185270405,-1.410131765618247,0.4874301991791421,-0.6393202136884732,1.3296286087727986,475264.6945
-0.8179316401735292,-0.9110613129428831,-0.9651432367507123,0.2566455517157212,-0.5457813612171382,-1.7237720640743341,266182.0228
-1.5276344553529002,2.104867772786736,-1.4101509361422195,-1.121143802526901,-0.052753537634430844,-0.1657186496201412,116537.0207
-0.04571013752414281,-0.2123130791590912,0.6215309832193945,-0.3072264220200577,0.19794821617300223,-0.5499200902598277,248909.1914
1.2823349975827587,-0.31566794287422434,-1.251227812879572,0.2864434630110013,-0.6898162450148456,0.742406563945074,540968.028
0.623700298418432,-0.34683365162525504,-0.08735730959642377,-1.4142715366885938,0.4124997540179022,-2.2938855229076704,481998.8766
-1.7641294036552666,1.1540967274958813,-0.1437282225519517,0.09133793440081837,0.18925654705988304,0.9331889467018716,205821.4283
1.2587912099573533,-0.34370870740865733,-0.8003599619466774,-2.667391946274617,0.4814629719947058,-0.6605003838415696,469204.7181
0.2070144979531398,0.949310625220506,1.0599716810874587,-1.2171959715683558,0.6554522449008602,-0.6373082232930746,332227.9805
1.972958163288345,-1.8716541202292933,0.4146400769056116,0.26856560972845583,0.0738972265483688,0.6681996574170471,411915.1851
-1.5041553178648297,0.17722469849369654,-0.33590357078478483,1.9623645207772298,-0.48132109055845823,-0.8311712095218744,250971.3034
-0.6540488419862067,1.0569377653743475,-0.9526243788124247,-0.7867622903061455,1.4577138349454013,-0.841639601727861,158157.9756
2.2477272097305674,-3.1655054728995746,-0.4497913647043193,-0.9385170742258476,0.21488742056371865,-0.4443522553184555,356969.6722
0.9636567550956218,2.3372278523770693,-0.3882702999537861,-1.0444704518865908,-1.5555229243621302,-0.30215176233617075,299649.7369
-0.6559433087966747,-0.6234686007062163,1.0181616867501777,-1.0533364937742156,-0.216282906190909,-0.27995931039851735,255614.8992
-0.2737722575055291,-1.7733969734126034,-0.5703206388751055,-0.7163894360579943,-0.20702479677113195,0.4086806534750455,483538.6537
4.108768170350437,-1.8052695298019883,0.14386995852935602,1.5514667294973186,0.406567267454083,-0.2530838725069296,678856.1535
-1.6803855904171574,-1.4253473074173815,-1.9452181088746583,-0.9952246337456576,1.4329633501486398,2.2628847962192213,156162.9293
-0.6009434705869666,0.2452014585896362,0.8208446024781545,0.5876990108950251,-1.002291259147648,0.2884317757937212,268522.6089
2.151306659288504,-1.1356961786144935,-2.1954280629525864,0.8630946190333764,0.820289143691458,-1.6064632152961145,395108.6609
0.7297940334114078,-0.1931956722898299,-0.4391161745825485,0.6362390183109041,-1.0774329669637488,0.057688768525848394,313336.7835
-0.469946650134283,1.6541629099339281,0.9950503230222756,0.7511396573943665,0.6994565324577504,1.4438497200135174,380664.6365
-1.0190000472328078,-0.39792360766909907,-0.1088319627219966,-0.20967526020373833,-1.0701568145449605,0.09005088062338552,197164.2005
0.5696234754434747,-1.4219622262874954,0.45609550101872565,1.8643163254023527,-0.12010206203840312,0.149966201772867,466152.7444
-2.274831565527585,2.0552548980987417,1.2838599787817955,0.14186240845283957,0.513999530891666,-0.10691427884747333,118318.5553
2.273119501616939,-1.1441659888184064,0.5967452629832448,-1.4569981436813602,-0.36337581923943335,-0.22304374197159033,293738.7038
-1.8117011347829994,1.7489186582056284,-0.4014041901556993,1.8856289581137005,-1.0544132933706463,-0.5600591313339381,235053.9275
-2.33372653804659,0.9490749640499665,1.2496157923085818,-0.24200038973094828,0.6482094959259097,0.07120567121482325,260262.293
-1.7928895231627915,-2.3565997509424337,-2.3929214119168685,-0.638744484810848,-0.597999286550583,0.0855981645374396,309973.0901
3.191879112767772,-0.5993141863386346,-1.91877381405959,1.3614770157156137,0.20227184375063142,0.26669327298052237,467528.3796
0.20164675728907258,0.9980577210457262,0.43054224985739487,0.07046395159806906,-1.7218006285029324,1.9384232357012599,164865.8263
1.1021654226903852,0.3233162919523862,0.5320128978970624,0.3312446199095399,0.9949322113885576,-1.3544057583516462,590336.7802
1.1488757357713222,-1.57489083132442,1.0596124418405222,-0.657282577772391,-0.19257351279390608,-0.14646884220135917,439672.1542
-0.8055182475002898,1.5755732973730001,-2.6144757224356026,0.3268598275010735,-0.4023493535103477,-0.15214422710834433,489941.7627
-2.2303746737217818,0.9176556815148063,-2.358923803925409,-0.2794410543235376,1.0244422419820354,-0.5272727317727415,262495.0027
-3.4725445398187462,0.1461883647698645,1.4723151976221656,0.46570748534489564,0.30856036504332457,-0.3840346916663525,251668.5837
1.5885136595240597,0.16112228044478488,1.129853244219472,1.995095326227055,1.2219329387859432,-1.2143555978013785,655655.4963
-0.6625105806694032,1.7978523640055168,0.6215613023053749,-1.3336069991909936,-0.8647041841439791,-0.12834858621129414,202699.6241
-0.7191528600853071,-0.8054112297118899,0.6601629498589415,-1.536619350662369,-0.7187050398886033,0.5609871524942618,168141.7004
-1.9533942366614345,1.5911596684464484,1.3642500056195954,-1.1568201367176656,-1.291467802689486,-1.6473875326534468,218338.9366
-0.24779856423710414,-0.8743371827598821,-1.0807624038116446,-1.142353915531506,-0.7557385676201878,-0.9921647661320677,314184.2177
2.7164408296358227,-0.7619266892061893,0.8873189288824935,0.2357851573951006,0.48933372652889756,0.6660079809974256,548708.0646
-0.088807693022725,-1.118621589559199,0.4457535098763286,0.7993428074012598,-0.08739445643796513,-0.116805645101034,336400.2977
3.665998180956296,1.1440744672980596,0.14448456697375447,0.21729110511626792,0.11955768277873981,0.3998667835641537,637118.2194
2.4387947461907578,0.5867144254608576,-0.5678250823191197,-0.6833214188858142,-1.8768428783653672,0.5287492964695923,830298.342
-0.09194125708627597,0.10921388790180393,-1.1842613846776537,0.9105370878981747,1.9185807400975137,-0.01694324725219241,386724.8723
1.5628844568990008,-1.7020735696153453,0.5160624910184214,2.057363726057282,0.2855201669223988,-0.005977595219060263,401983.7276
-2.4875753071473934,2.3741747496217966,-0.45682028219956583,0.24679764778967345,-0.5329638558846355,-0.9362876193327658,167842.3834
-3.5437760537909404,-0.3563723083086164,-0.18276426047570224,0.1516427632705711,0.37440875160861586,1.0243472397521196,105659.5162
2.1439651347316357,0.05672263239862533,1.1252341570937952,-0.5401597711424537,0.0883411397269425,0.43460803205471804,409191.0991
2.1348001897119695,0.767781243619048,-2.0669193090148625,-0.03378495790017129,0.5022564832965895,0.6278427752975626,317686.7158
-0.3966136681020439,-1.7367408149911645,1.0024908886826067,0.83502881504001,-0.7566807172086679,1.7508308037644704,356729.1921
-4.257196886432193,2.035781669237766,-1.260407086521473,0.09657678141324673,0.1656256281832123,-1.3925450960626282,168440.38
-3.1587449821292988,-0.40081004301775913,0.6869674671270202,-0.07778293706016948,0.012101103538413796,-1.011079206348316,98485.69882
-2.113162391734932,-1.8797720881429472,-0.8539610606954489,-0.08755597196657355,0.49111110134114766,1.3574712121241492,265594.885
-2.861782907907354,-0.42138827092106695,0.8561348701650924,0.08592670682558613,2.2314274447871845,2.1350599430480077,197659.0477
-0.29563024696732787,-0.6386387715137843,0.14820154599764804,-0.5114018277347225,-0.6883208803138864,0.9369455609098084,95078.5366
-1.5016078447797059,1.4002884951024654,-2.0248324081080544,1.897862431419213,1.9738406708176328,2.1714390496321685,281220.2829
-1.8613766719376912,-0.5421720034191729,1.8010236610797716,0.5370477708024683,-0.015546885063436882,0.9294626920345515,231996.9865
0.345904939894705,-0.913715566798262,0.016074426338213054,-0.43922780026796665,0.8672627052563397,-1.864679596247776,279742.0998
-1.8185004143149417,1.1572488450048213,0.0523296935653401,2.972167176730143,0.14033937470893382,2.581677656839759,146971.1482
2.826695341012114,0.9424018168438312,-1.6205421123091985,0.19442665774074214,-1.5648691470297356,0.6211629614380288,620383.6814
-1.7664999581323564,-0.07119061578629288,-0.8262378023953141,0.5903507990187253,0.32279839352317696,0.369428761861721,199859.2865
-0.20866074219000819,0.12575333688019366,-0.05495664174848433,2.3265379839441547,-0.11115213085577,-0.2998161178143928,398883.5375
-0.17298897035762892,1.2633912219556593,0.4800418701828924,0.9785965830983189,-1.5773213985461196,-0.20742127431515328,257554.7764
-0.4112635873349918,-0.1417185358391655,-0.877887830583748,-0.12860121319837078,-0.8449764702004995,1.4038149998126965,220321.5049
2.0702587494434765,-0.8237251496332593,-1.0156525383558197,-0.09139531219707217,0.3787154349178598,-0.37713078467693834,449684.8712
-1.1307895322667643,-0.2197580266107529,0.15736996489713306,1.8707525197056136,-0.5880639389860013,0.7107234891679775,397803.9845
1.7865784732410201,-0.6639105130923996,0.9493375992162133,-1.049488469738263,-0.690504353720769,0.6489619422143259,536763.4995
0.031095275643581943,0.3784808744004261,1.0220921026681455,-0.19337985314404707,-0.5109541591706627,-0.034092097068977166,138503.6879
0.7208896882716906,-0.8614795182125754,-1.3523793116620846,0.21928898304859062,0.3847157681731528,0.15402834168513124,383724.1186
0.020227232396058663,-1.3195666743699477,0.8076106901783991,0.9178280607600766,-0.05260804303712203,1.5340351907259244,247749.1269
0.1650046281651314,-1.6065491046867029,0.6040063690517287,-1.3178883960549743,-0.2057394435074063,-1.074923391809017,240418.5569
0.22599120997908329,0.23239323997533526,1.5590472413787098,1.5191972108675287,0.2984052792170926,-1.0062892184616803,317966.9791
0.469400799830543,0.38621444791290027,-0.9684675207987395,0.6887174285196016,-0.1569328364585097,0.9585775723355464,340473.0578
0.41313960510133463,0.494753324927918,-0.2254409499956624,-0.3757750889791301,-1.758904618869074,-0.4971594083224493,391602.5135
2.581396995508186,1.0584336653457804,-1.546232476010613,0.6753755347745182,1.2252386175264671,-0.5831027892504075,476443.3303
-1.615816774988953,0.706480954472765,-3.7357342488908354,0.30470857791074474,-0.33980458880318903,0.8312799072273973,178033.013
2.8461632659321343,0.4282022490962994,-1.1192126521484336,1.0851295583023508,-0.9181066679545598,0.6063153965497856,365462.756
1.7526853407418292,0.8455821452205923,1.7258871900326842,0.568812200991395,1.3191652250527555,-0.32148152039685013,409934.7182
-1.1015159283280633,-0.7723896095029076,-1.1412785803467254,-1.1253168018422783,-0.3062554604310014,-0.7864058681283785,106487.3614
2.483871856931466,0.7696838724775353,-1.2791809321142895,-0.8760468518404662,0.7961378052789458,-0.34134889110952454,376348.1229
-1.358286566617288,-0.01861406884235295,-1.11422692790826,-0.12893603032438514,-0.10756358970694072,-0.17800653418103485,220243.667
0.5344073770249804,2.1583906850012293,0.031715235035556906,-0.183755967808762,0.9513562343608933,-0.16543883088163638,233860.5597
-1.3629176995039867,-0.06252858335918662,0.33499114347258124,0.05029523817894283,-0.029437133635356355,-1.6478041684675622,176531.527
-0.13152164620189113,1.484451778867993,-1.2689639782046926,-0.345651665790005,-1.7572354112374926,2.327964945301759,415701.1553
4.045397830705451,-0.7009838349298261,-2.0348748594256216,-0.27647725148139907,-0.05499688410997379,-0.14800400235758412,832364.5386
1.2302396978861059,-1.608146420281229,1.0520416666661945,0.4723047755866882,-0.4360661707326138,0.02759574265792766,459692.6221
-0.5558744822900812,-0.5687173835588729,0.9511832193741663,-1.3704117585562752,-1.6212318557412313,-0.6403551808179845,239719.168
-2.1329116180192864,0.24783458360886515,0.3343522314335292,-1.177976323118958,-0.4102614684259561,-0.3566161624308009,250070.1344
0.03537813256784279,0.8614918336733279,-0.2646108467073456,0.3171258759658476,0.6150950228979528,-0.043283114392393345,452040.361
-0.4922978844516659,-0.1555578384858836,2.1811077568844057,-0.8828962334485687,-1.5344456563304298,1.4288501939698555,347975.5257
-2.7683434171380936,-0.015765123221973154,-1.4019490244682224,-1.4485547785645394,-0.12822598005027694,0.32003584985164596,291636.1534
-0.08707381571252379,-1.5839397464309632,-0.9155270869235299,-1.299051587896353,2.830302080642648,0.32108326178930613,177099.3657
-0.329946571671284,-0.5098285564144064,0.4911019232477611,-0.4307696898056273,-0.1946843747060181,2.3848740845493963,210373.8428
0.31243603054762814,1.2426222599861496,0.36319020860272483,-0.7672725183237167,0.6064475951499427,-0.8838888304088856,259052.416
-4.262708130764887,-0.7538672350310446,-1.72528366060703,0.1474256516927704,1.0056275765289395,-1.6603578571358368,123457.3985
1.9773657610004922,0.8362836636930685,0.6624876376584542,-0.456964709893707,2.6097966847402736,-0.5649663615068832,251924.3703
-1.1747204228399728,0.9653339852309816,0.8222024481434084,0.5268012121394864,1.4892966498467364,-0.4461069729402368,96794.62338
2.8384853457385955,1.4218613202738064,-1.6271649111787954,0.39529339029667676,1.2431049528082758,2.0931301287142734,648983.5545
-3.123473102919975,1.6646685449113114,1.7963387956683534,1.3766818089697255,0.30555360764587675,-2.144760777758123,172212.6478
0.539849211351734,-1.8047314663940555,-0.9530955886252879,0.4642326308777919,0.5578199899284598,0.9073407691758536,274760.2602
-0.967184423506226,1.1622250046878841,-1.1450684344782858,-0.3217871760162392,-2.3511852800206934,0.67372766391878,224962.3678
-2.116622056934705,2.924460830328899,0.23383900391049797,0.9205468707482024,1.6171933332966333,0.2034457759483931,111084.7262
-0.6243741746163207,0.08628362058669677,1.3860729516068964,0.23510863762873435,-0.4695755424424643,0.6092935741372333,214522.3518
-2.196735855141395,1.713087623266733,-1.4137802335102163,-0.5847159121351608,-0.9907721606193604,2.398310863658068,197631.161
-0.22635491221155274,-0.015638365896719762,1.3808382516067046,0.8881855865107322,0.4135579611182867,1.9037634733773068,308470.7357
-0.21072105584139794,-2.2605801960043257,0.8162501316898824,-1.2794224216549552,0.2546583259438339,0.4922831433899259,171908.0275
-2.835277971285306,1.2777077923485816,-0.6213799482297095,-0.012567792086405065,-0.22611601332324596,0.31069970420993576,178681.0914
-1.0211519813287495,1.0611557434151992,0.8414979799484467,-0.066566609692826,0.2675024128958147,0.10745720956497114,117951.9489
0.03890516928611686,-1.4471631190513468,0.7518397779972562,-1.0719236427851997,0.2842222973419188,-0.5514107610897059,342470.7477
2.5080136466964054,-1.7242318132764103,-0.015485704002805991,-0.6785854749942959,0.047842102649165184,-0.06798566161987783,669899.8306
-1.7653480462422069,-1.778860361137723,1.1469170427365456,-0.04016911552511866,1.336326778032879,-0.04237468178852942,171463.446
0.16026664125378398,-1.0812310819587136,-0.08633136442001141,1.042681775323286,-0.11308450601274599,-0.3431658420396411,451307.7722
4.440421359630078,0.5666268332635832,0.3511358809324235,0.7818100644630075,0.08752287205867822,-0.3260449103105982,1021383.138
-1.2654803852999055,-1.0188862836846484,1.4804319980236518,-0.0853145635803813,-0.8412375772236192,-0.910665920754145,240209.1375
-1.8413775494736737,1.295796994478849,0.579642926973142,1.4499914326932437,1.3407650797536361,1.6516815499062731,286069.083
1.1047826703602681,-2.9729420041997385,0.03820655916284058,-0.9007864811060704,-0.4608140092898881,-1.2916956363330403,290976.1554
-0.4101725802546855,1.5504161815813906,-1.5534083115250763,-0.4478626762995142,0.36138884277415634,-0.36456737222319074,226378.703
4.082341114666197,0.5038396574060792,0.22868137164257663,-0.9364700263702412,0.14035620207796515,-0.4159033094293851,467780.1173
-2.280670455967639,0.8248666225171268,0.7183410686336237,1.2717677517987507,-1.9302375878451037,-1.19457115154738,104494.1398
-2.784992730153913,1.1574520722165833,0.5608775377541771,-0.7672470017895661,0.3698924320931472,0.08018151678035336,242583.861
-1.9414586642155856,1.6325518222918267,1.015671103294374,-0.5601926397773462,0.6206052092490165,-0.6943180138630086,175214.5163
-1.0221259738940995,-0.1781099678735491,1.1068824594650106,1.1156418709529412,-1.9428053014498312,-0.14725570437103094,316635.7496
0.1813551243574522,-0.17970169613922204,0.6843550005903074,-0.5646280778189956,-2.162766773352999,-0.5892837216199073,173399.3359
-2.596932740854005,-0.0765047317738123,-0.15389128031162486,1.7949234032146024,-1.3503994711988465,0.036202207235910173,117301.2525
3.4416552463835077,0.2616787525901456,0.1094283772748927,-2.1102894955027716,-0.9617755396839232,-1.2621676396180364,349936.8147
2.722329828991099,-1.4847173985658828,-0.45435247869387224,-0.41174487056760906,0.9055238107856041,0.8097580015503206,530298.4977
2.077265016980223,1.126239897154859,1.292482411729415,-1.2442718106800563,-0.06116716864343712,0.20741252027429466,212457.828
-2.383692204982661,-0.756731657722238,0.6384232426698958,-1.4992362731240712,-0.483845757723422,0.2084920532857645,223063.3335
-0.8073475099037277,-0.42005237950131036,-0.10029675028188717,0.8433977406496221,0.44938888351112993,1.034629053062868,301411.1411
-0.4975195101795779,-1.3068416278138677,0.0769225568883085,-0.0018957105737992094,0.5844910028582786,0.2512992755993412,212750.9135
-1.1712197126813908,1.5882320121943931,-0.7207835036456601,0.35491314963083626,-1.5810737942589026,-0.823753672732955,109291.8156
1.2807530998726486,1.1764041841219024,0.0788684017971474,1.3179622988477455,0.02779234509354349,-0.41228349433624734,494924.5852
-0.11273963855043627,1.8604563091937714,-0.21325850156099743,-0.05586631368646292,0.49080918584312533,1.040838645652029,342589.5947
-0.5677671711742087,0.20910555320053206,2.5963106999609176,1.0461518936159637,-0.9125571870170138,-0.22506330001195096,150525.8601
-0.5353337840609436,0.08858355598588596,-1.4064162701040261,0.5899016319758957,-0.9397142999463859,0.8643566241733054,256951.6967
1.7170133181982228,-2.2857353062362527,-0.05545894499823121,-0.3924852849854557,-1.400379203771863,1.1237566835661899,520032.12
-3.805082161863798,2.3213902258155006,0.9266906210081302,1.7178864629740755,0.54391320431563,-0.22715418957404637,192521.6106
1.6704246432943919,0.5529404279578817,-0.34776662985435625,0.11226186018655544,-0.046220359747502444,-1.5675415623256395,533735.283
1.4524665977445281,-0.53932341686029,0.9935028009263164,-0.5051318104101625,-0.29836688171639747,0.5501244538527933,328886.6243
-2.2260308067497214,0.5439923505391546,-0.8643661092400916,0.8282984769786569,-0.47180301425282034,1.256047372907793,234615.5798
-0.3706979374274911,-3.1791884253476637,-0.49672092574348964,2.0070812862020997,0.01586394692431646,-0.5528813536469228,551271.1624
0.8679536238969618,-0.004401014308532791,-0.0885577067976464,-0.09853331184512489,0.6058961071783682,0.891277930309431,490827.0104
0.48152896330003675,-3.310947523824803,-0.44095922336424487,0.42117128327721304,0.17267807671841312,-0.6756041167611119,411731.8548
1.7571222741459747,0.21511988245110283,0.07222763794716747,-1.1962789110238778,0.011595508518925138,-1.0701043495574625,550774.8003
0.05270262633726523,0.8470595047123778,-0.19507699920847096,1.0898633059053744,0.594415980845316,0.021404194986406205,316604.0103
0.6310687733145346,-1.4808043954020942,-0.4868082332474813,0.8953965088584132,1.393393413881065,-0.6497411475575824,467118.2498
2.491736842546426,1.7917214190875963,0.6666630446856854,-1.0182785229176745,1.0346743242359822,-1.2368311332681232,340834.0191
-2.317709110805931,-1.765477439989863,0.958100856682036,-0.17384360739123814,0.44707259980147357,0.1373477535167185,206292.4974
4.257546263574181,-0.5779406238866565,0.1750573492526125,1.2134093556286838,-0.014160782320476592,-1.57959145455782,726744.0329
-3.306241151697267,0.7484818517108328,0.3849388703668869,-0.5032930684661676,1.85505862312179,-1.4728006174427437,347447.5701
0.3043316660050316,-1.646138130167042,0.8150169065401623,-0.2299663177217254,0.31013006937088106,0.025177123368991427,215208.6958
-2.1065433494189216,-1.9873018399967444,0.12653089269056092,-0.015420295824171237,-0.952756445225777,0.26907095954789584,186211.2944
-0.8541808718611074,-2.3380499721777097,1.8110232532721446,-0.7022251478736384,0.12241958834598014,-0.18697450149971392,268163.8259
2.0037068193792553,0.35896521471566095,0.16129340311156948,-1.498483576614786,0.7325068395770872,0.10858308571502662,292423.6433
-1.992031715698779,0.41116290788766746,0.5071863352795923,1.5136712611575662,0.10369408289719016,-0.7388879606752461,160234.8661
0.3364546900266458,-1.6232991537327193,-1.3301033132905389,-1.2711908627823596,1.7539302495447588,-1.1211617027193657,387338.4613
-1.9463213996189197,-1.4461153982664632,-1.3443177768415397,1.0595964592112912,0.35389967647895154,2.175669938735658,319925.1832
2.180004776619702,0.6819694259441598,-1.1625657813010921,0.1702656896643345,1.4644199995025193,-0.6069551819404347,328246.596
-1.8617332571106435,1.6376729601803708,-0.6387907840707595,-0.14185230437743285,-1.4201646181709866,0.336964966830822,263012.9653
0.4410957900189809,-2.856634392053866,1.3484458710395237,0.6726987989455887,-0.9379164947202591,-0.5319098536799286,481343.2377
1.1882106797921714,-0.306873071730608,0.9179295873483456,0.6755922198489278,1.217027254016337,0.7881948726691769,337965.0351
0.6988669172894079,-2.435931328458824,-1.7161494311736145,1.016856336792151,-1.0395963576717624,0.7124238187475724,643258.8816
-1.844881545085148,-0.4279684227954022,1.5255170822385289,0.006700823477703238,0.4590920851218037,0.20320792164699628,244632.1739
-0.778622529301222,-0.9538881586728569,0.05843162859506079,-0.0066807900226581686,1.1983257335872106,0.1993661735093436,287497.9485
-0.5070378032076754,0.8971981538149839,-0.5880349449960599,0.7576282568803004,0.11871014497432524,0.3124868837490727,364721.6372
1.0927562831861126,0.8864771843642986,1.246609888272217,0.9332825072331068,0.6814258976062328,0.7791485359482402,211064.3934
-1.0023856346556919,1.302784404886627,2.0360108126664658,0.10891821697642749,-0.775185530567002,-0.18583415214382926,137458.5869
-0.20213221038918988,1.0192847275142416,2.2085371136667225,-0.579630686737925,0.7695883635492055,2.429054365963631,206088.2827
0.01081299350783723,-0.15408009093858174,-0.5993539008192929,-0.34660278150545193,-0.8690982465670594,0.151414264366919,361972.9183
-0.8916955902277701,1.9989352665521996,0.9883343042497299,3.471769700763221,-0.011813855686684915,0.8220767833146839,279416.6081
-0.2360938887689282,-1.4310903878497496,-0.46228340206185947,-0.052191801303278676,0.20657633947970494,0.045296359890395634,407186.8924
-0.019620937628396753,0.7667026404596626,-1.2306877233991391,-0.17649889733867197,1.252668501431408,-1.512462254563278,412373.3986
0.922794732313988,-1.545983839793122,0.19869832231800702,0.32223238899150386,-0.3347148639736176,-1.1003052142751237,737642.2279
-0.3821749888932196,-2.2951187360003993,-0.7956133890979127,-0.08750682600219874,0.5987853374756288,0.6072155979233922,217570.6037
1.4555315352373417,-1.4414615524661043,1.4689240041025382,-0.3513073449237832,1.882942017779183,0.48595342537446456,570597.1907
1.0831079613103358,1.1453954353811246,-1.2627790461952706,-1.439154729050412,0.21598732256883177,-0.4958665336827863,297752.7272
-0.7680882042536983,0.9657876418354846,0.07027206696711927,-1.2822173845712557,-1.4968683442711184,0.013283008084753318,213944.3293
-1.9233832410268896,0.3837528372603177,1.4128049772627882,0.8127693301946043,-0.7019633748465876,-0.33368210727029435,138488.8491
1.7674416189885203,-0.9982550743864181,0.5004562197362404,-0.24619372193541267,-0.5279319704036982,-1.0099825144414976,507210.8837
-1.0963019740379703,-0.5230035464116943,1.6737522614326772,0.5813870526894187,0.16201463108108172,0.32137196498661713,119443.0763
1.678640525559135,-1.1009674211412166,-0.5672685692667785,1.7183659973064025,0.338044651447307,0.13080650175807498,482633.7756
-0.25174320067859934,-0.587861683633803,-0.25637439613536467,-0.5735434722916392,-0.3275521849573352,0.33355959717538075,347294.6279
3.205989343117869,0.8820201134088114,-1.3527732803640966,-1.513491391636383,0.3055926227465763,-0.22268607882876296,596493.3763
-1.354044583042212,-0.3419309149830875,-0.575287714013984,-0.9142266295791946,-1.0660035326202535,-0.8373351104282898,131576.8368
-4.449510753306136,-1.6657854912354002,0.3709785104405912,2.308132129475338,0.017126320678823068,-0.48124387923108913,204452.9966
-1.5257854793135948,1.4624117485662123,-0.6350451075368637,-1.2270304501946356,-0.4125714104412173,2.342926807709573,115173.7373
2.4984475228409715,0.6773419834962178,0.18145589816615132,-0.7970406143699476,-1.5356756442079764,-0.07516856146168963,381488.4294
-0.042841181767495726,1.2709713961431028,-1.3228088042371369,-0.01968137664719002,-0.029731433349090466,-0.39563249960751606,170795.5101
1.0413428265167697,-0.86619216099669,0.8250736750056247,0.024840136217812437,-0.19514689430908885,-0.6695853160115136,265321.4022
1.6071402690969985,0.429125391870577,0.38666439715550693,-0.9881385200568937,0.41726855647212874,2.235043193355523,396806.8532
1.0054100816605416,1.4495536937448483,-2.308212342916932,-0.42832244559419175,-0.42206992051730524,-1.3982114571396795,221437.2518
-0.3982744554165924,-1.9304652016378572,0.21177144546723695,-1.1052689459005658,0.15315468252551429,-0.1236390772773369,289809.1616
0.13141623181390258,-0.963041466576929,-0.8066152953180539,0.4776373218075065,-0.4563514374465764,-1.4222243909663992,486956.4901
1.4066960733646257,0.38717128517919025,1.016759544801488,-2.076424352801221,0.8781001228062727,3.1285426821763513,198667.8465
2.734009194997037,0.4650901745670409,0.588453206209378,1.7822812493740654,-1.066847975415475,-0.6279431617395353,468264.3781
0.653552764295725,-0.4594503650705346,0.5939870868639783,-0.5273726347423527,0.9779928413964742,-0.09103324316617782,270524.0295
1.0351085459506362,1.1544756547127142,1.0158710938610696,-1.207757858916288,-0.22458863078965244,-0.32190309332852973,321391.2068
1.6993664758640574,-0.09829322810068661,-0.9609476148169582,-0.07306836704259806,-1.325313869866816,0.6004660404894956,609318.9799
0.1929354426099772,-1.129435165716468,-0.08288981245397048,3.594725540569973,0.7926692318379349,-1.4514510926829232,454508.5205
1.820255000579047,0.4872814254293348,-0.3184354833638596,-0.8049497237245404,-0.35033888343645647,-0.10343726233898638,238164.0926
0.14693217428988928,1.1146647089518464,0.41080834971093716,-0.3648054015955043,0.31648017776269405,0.25286721628859876,166979.9417
2.5289691309586146,-0.7615206452125884,0.10053204655257895,-0.21199983250043786,0.6496688945665946,-0.4573710750999296,447702.5196
1.780489696725857,-1.2579801868443552,-0.31072038835760596,-0.5815695798743136,1.194997580246065,0.34001981396557096,339933.3714
-0.9589743264984326,0.8420995424061847,-1.9945069374744913,0.6156391254954672,0.1584152225257079,-1.1923888327261698,238883.7761
2.6039516509052305,0.6346458582030647,-0.43259285919811735,1.0505684373237567,2.0465751638596044,1.8640272602487464,580161.3982
1.763603139493607,-1.0929285907004909,-0.14485152897364897,-0.5943203343519119,-0.8653262719730165,-0.511276887115808,280964.1246
2.2858230840847704,-0.9857129767083881,-1.1194401731007635,-1.6869776134749346,0.37167968340207486,-0.2770510455217254,267189.6762
-2.378162971770987,-0.1720020454629467,1.1473450003849333,0.8267638033731447,-0.6136405404680836,0.471282716647355,128597.2572
-0.9208097785055245,-0.5704003735892105,0.17892310100912173,0.35085623983216574,-0.6903782013250334,-0.6603791173199667,375822.6095
2.7749474111639336,0.47446563536385694,0.10645698731858338,0.10014028180905347,0.7421825989611173,2.8759926716276034,734718.2092
-3.5922778071220534,-1.568870661242438,0.15858852987651148,0.2964842931653501,-0.7999650974359271,-0.4755361528702372,177565.4235
3.653181115893508,-0.15382756327969657,1.13052899615972,-0.15221929448772936,-0.22876038451694752,0.38300366022547877,458236.3894
-2.065175716144721,-0.27266704601136127,-0.26362325694878486,-1.262950990932586,0.13162404386213394,-0.7368234098133235,146907.4989
-1.2847995104928325,-1.3347624818121726,0.831429314155404,-0.932484280650747,-1.255529466251978,0.991420239186843,173956.117
-0.7775470174493162,0.43891658279794443,1.0608086026525436,-0.629769462837534,-0.03214059067513993,0.05604208758347017,193380.8159
-2.373784366727785,-0.7084046228291935,2.2694493400934963,0.32278262906549504,0.9912022557010735,-0.8198546580355932,163561.6621
0.5850242555535445,0.45627627518317737,-0.4586969018816141,-1.9242834115486556,0.10598488645726008,0.5213465066528089,500296.9494
2.6403533561023087,1.1649212680806764,-0.24726231812319366,-0.6834494386436126,0.02954442752961673,0.16671109871890724,239730.0695
0.5916798354322387,0.5548857924137827,-0.3831799752009345,0.42645763604640424,-1.1118308874911977,0.4154608608406661,457222.6993
0.6062803628424976,-0.28364289392444897,-1.7101712318525464,-0.05168684691914807,0.16212454864759157,0.8072753072213987,287015.2723
1.4563631392014866,-1.3853776239962323,-1.6331151312451284,1.0007495790571983,-0.3357233492580563,2.041182959447471,585482.7727
1.0730823344061007,0.5782249131726419,1.329982842780949,-1.288125769727841,-0.6774466063640292,0.33710913154385896,343701.8081
-1.3971895920804656,-0.042233874551185685,0.27170442075419016,0.9752729779635977,-0.8049340019305443,-1.1116304471897474,191467.3252
-2.6121234500796926,0.8710927354233186,-0.2144948437419202,-0.14067362149391435,0.812318456608791,1.1264387059646128,99606.59665
1.0902658644236927,-1.9815996667537232,-0.6970137316650082,0.09589132697605073,0.46523166908436114,-0.34029385464626993,428629.7674
1.7935686704557732,0.7409788638433045,-1.2936292742260949,-1.0044594137015166,1.6846241125481192,-0.9772974140969111,435573.3916
1.5417615537545193,0.4171932020382862,1.2099146434429833,0.5246708775889518,-0.3064759183252482,0.16917381717676827,442287.2356
1.2221909020365476,-0.15738111332482113,0.6304822278254095,-0.36813973452577214,-2.1154323602223855,-0.5743710932056938,454502.9972
1.1374882668091446,-0.2217702419337401,0.4667755683054532,0.15674300029442703,0.03398267818265653,-0.9193758191277683,408496.2329
0.011404962698362036,-0.8502680788220675,-1.0937779053498007,-0.576520389605971,1.79974901341508,-0.7057171727612709,190524.11
1.1109164336278972,1.3387834722766045,1.2712373722565251,0.4361040670452354,-1.5033095869954813,0.7040254609595383,251081.8918
1.8242892952415193,0.15665771024920522,-0.46235554235784276,-0.6284170083430828,0.7482967219885744,-0.8402377767832195,522258.1523
0.4527067174805338,1.4220720823787427,-0.26885745155287766,0.3708197114321099,2.4149430929582354,1.5668840965344122,267385.6889
1.1591101403680162,-0.5402355066553832,2.1931955934546723,0.11033251039532017,0.278082273759027,0.2617752027076857,381476.7155
2.430315917496279,-0.9706884453496653,-0.675738617204128,-0.8444669182987509,0.573211337392343,-1.0686901146682313,254588.0358
-0.09090108523177311,-1.1099445482081123,0.6075106601366076,0.5292612828428627,1.0521628887945391,-0.28201740133714265,491609.262
1.0781723401139531,-0.39351778837802504,0.06900948767711117,-0.2091230505226214,1.0502250535799365,-0.6505808192359817,281771.1895
-2.298765216812592,1.072169266122762,-1.117390438353555,-0.9923525887416056,-0.5764869345644091,0.5861968933884875,212778.75
1.359846784813988,2.2252567977599993,-0.9649893252299926,-1.1915839198394826,-1.565686433284598,0.45770363000793063,402903.701
2.812003099831886,0.790109880613902,0.8539400319926544,-0.0524334901183724,0.9120571216706636,-1.127341614940473,640803.1033
-1.5053072518162782,1.0774184585135178,-0.8942371119425442,-1.5580714999286063,0.31117463133598877,-1.3236020079937578,110357.4044
0.6210592221774667,-0.17105939792906572,-0.39717969177924184,0.6298655071599627,0.9579040121130759,-1.2643480109902547,262996.8434
-0.1766760154778924,-0.07224783606659492,0.6438266022757323,-2.68597697997102,-0.20244665829603647,-0.37132771801997394,212264.3216
1.184828755327205,0.19294468544135449,-1.0173766158558684,0.8067235638500179,-0.8714830837770131,-0.872949778593594,348766.8704
-2.9091355138551895,-0.9909312058124045,0.28892572600003485,0.5337767903494641,-1.5128085020957933,-0.6076100614872032,245033.0932
0.7127156647995032,2.3075702778640133,-0.46503947612094315,-0.7757400611197482,0.28516436520112504,-0.5055284048539835,291864.0579
-1.5583651480485337,-1.5727788918086023,0.12005692106711953,0.04011939748150152,-1.088643819869103,-0.9786777950290817,156066.8081
0.790613938123552,-0.3699241928473429,0.6545996591485489,-0.4841989237135189,-0.12509765234722292,0.4940149088018595,317391.1596
-0.33909835807142236,-0.05758891622993961,0.38585561669811613,-0.18825253522081445,-0.520303715097206,-1.3396382145419365,255381.687
4.5769516833175405,-0.7952540844800248,-2.2014733712413763,0.11391545316306581,1.4076321168160426,0.09141493627504003,677502.42
-1.2209085954606609,0.5546327440671196,0.4977772962020702,0.24043564542451076,1.9872083655198587,-1.1300420446826085,280959.6153
0.6761196164447254,-1.6575818336668273,-0.7211906174903313,0.5702426083987899,-0.8498536464101393,0.7935635155789609,370193.4112
0.11655892232602207,-0.7751833245534419,-0.9276538417000676,-0.7883591793550011,0.31308109113880156,0.4813040808135357,255525.2587
-2.7616303048234103,-0.68803225954631,-1.4335149098864688,0.10703018120993715,1.663408990531708,0.5680631208178663,184014.233
-0.5008795623061447,-0.02031013952663217,0.7633461146871339,-0.31521215546532394,0.3066319661376815,-1.3975778130680603,419409.281
0.48134179698871987,-0.7749050936082232,-2.2934513638403335,2.1950932331895845,-1.028388834722469,1.241712540425234,571365.9853
-2.8165839028993713,1.212958960445323,-1.8597572005557965,0.06238710885962051,0.8359758023651657,0.9604941501256229,173014.2408
0.03392283848478569,-1.2815676881501545,0.12322642077278632,-0.3218646631697416,-0.933318130646913,-0.43906697589194144,277525.919
0.04132877391925709,-1.1128614668254975,-2.1562944936275206,0.024738521131157386,1.2939128555955899,0.5063777857746657,339707.7197
-0.9666532138377721,2.0324028195290706,1.1245855567532819,0.9335192628473509,-1.1731963002673487,-0.3684287565775775,227731.0587
-0.138921755551437,-0.9834977974795139,-0.9598287054632195,-0.6820533761035639,1.0053915218123348,-0.5933408379761727,263032.174
-0.15513197726452582,0.16501603696174824,-0.37456499609148747,-0.5908985436760189,-0.5500191935709,0.11621481712959113,300545.6297
2.624989035549153,1.689144706128338,-2.0121629684387,1.5385701530899631,-1.6868362852575236,0.3356604661800416,382450.2242
-2.411743214279974,0.2708113811998838,-1.275664976886774,1.1040307141392387,-0.9479322709464958,-0.5461661150820468,261979.9442
-0.3740649432201507,0.8020907979264031,-0.056626044132300234,0.34485189301252106,1.5625168138844767,-1.7303648570998043,285859.5581
0.5794949956358394,-2.125279818221696,0.43938442311461934,-1.468501602478091,-0.20810460272852863,-0.061119515226647464,182601.1792
-0.028374615416991524,0.628802947700515,1.2982877443777385,-0.6058082188631939,-0.13360546707119308,-0.11619106948199044,186732.3028
-1.4213631661169606,-1.873227110397912,-1.9081335821312038,0.28144952725250805,-0.6280838594782572,-1.6550193388463361,530379.033
2.8841869457975355,-1.079276695517242,1.3023083285730501,-0.8850310592308058,-0.49938637719093476,2.105185348194381,332210.8691
-1.0629315154916557,0.2608316445174103,0.7770082718695955,0.48386012608483575,-0.8980255860430547,-1.1010009992798555,136195.1048
-1.38491918888367,-0.9441700430097864,0.13868678188449998,1.602860152249024,0.5491165513572269,0.7262741364427019,407233.324
-3.587104351389738,0.7768660213324714,0.9872769489162252,0.31093445628116706,0.12423785558299509,-1.3918697992742395,126350.2557
1.3496548698499393,0.09298468482253797,-0.25529474107038885,0.9056756358549183,0.6437823574582707,-1.5666576343987686,488847.3307
-0.03173526472315429,-1.4526398513066896,1.1180026090156565,-2.0024038266329596,-0.19812284117926215,0.3740128774535295,241383.5785
-0.18130570218617906,-1.3321051740105034,1.5740572238061705,-1.0918677654450757,-1.4196462636318508,0.06384394857964701,99936.5567
0.33931272029453813,0.7517988401397826,0.46463138104967633,-0.9544489770576012,-0.06725837818442344,0.38332376392081613,312273.7125
-1.7375402380298353,0.18316997073560431,0.9774490522606955,-0.5048054790393303,-0.5471338952743617,-0.7100992171518554,181429.723
1.6107740312261343,1.2098310356620172,-1.3087343075468052,-0.393607387212342,-1.1041607336826027,0.042845649962314956,342213.898
2.6098879332463762,0.4290265093349263,0.5895278198562658,-0.3224659010414422,0.6667003324944695,-0.8614762031295314,289920.2097
0.9991209001837824,2.0281034508697404,-0.6791174208626859,-1.6777702378593413,0.8627647723233506,-0.7404820442704051,379183.5131
2.131072718535295,1.4755099543721004,0.6887013967213156,-1.4090147370400912,-0.4735200651935416,-0.5260278404636864,482617.6292
-0.8878979784997687,-1.3202598775025385,0.7103803300249218,0.0826556748841498,-1.6034555506448707,-0.9945792403454057,176290.8751
-1.3868967352722399,1.9002731903791994,-0.672192805730679,0.36913134611435217,1.047754165273905,-1.486692757035886,160035.8175
-0.6141183561059048,0.09862133169595694,0.9053669955426205,-0.10727856692899566,-1.4113544450028468,1.0299001237157852,209297.3314
0.41224247587084806,-1.1845448788636028,1.1968514459036537,0.22269385159638663,0.5719771458541835,0.5636308928526108,373959.1605
0.04950046934419991,-3.0491740210900544,-0.5606142107366735,1.7742876413884863,1.1681050657339827,2.9187178040395665,417832.9095
0.9649305062900767,0.8399249427592322,-0.7189564314419016,-1.3568984886892796,-0.973611275190182,0.13505581510770132,303131.7829
0.4725605120178479,-1.4735744684349972,-0.634005737889519,-0.7392609675604371,-0.6167338805927608,0.22780807271652273,518283.6632
-1.6612225804713476,1.5526422475294637,-1.7341302371803335,-1.9487304286946097,1.4851232379268124,0.021868659449333284,196530.6017
-0.5278014784793766,1.2900018839125809,0.09116595813693133,-1.2910876498157793,-0.07123652597970395,0.2930779924780824,148202.4455
-0.313165308854603,-1.3553261192120474,-0.8858590693361655,1.0197110538292398,-0.33480561158554606,0.9036064666637255,229348.9249
0.771669320182636,-1.6466637929141033,0.749830506937097,-2.3247507643512715,-1.0333631957628513,0.8943690904081325,392054.2836
-1.5698122389645706,-0.29774351479416555,0.8194173919079221,0.5791839880234313,-0.3396894342218736,-1.6780981370483925,176391.7665
0.5931298555122075,1.4436248276639458,-0.007473386558612651,0.5184405591183515,1.278213673436947,1.6489254888228595,243330.2826
-0.11582965305420889,0.819371509274695,-1.2814512483154874,-1.16107292522926,0.7052854397675614,0.6571880096058487,495124.7829
-2.244026907015534,1.350828767592367,-0.8809687538471414,-1.5204961332631899,0.679769914925207,0.03967511972910792,146256.3008
-0.8963768791393675,-0.5286894146048552,-1.554385506391565,-0.4315076958162626,-1.3367243162928006,2.0565603094166365,241788.0642
-0.4468842135462093,1.6910086742280388,0.9339735195677046,-0.06278180338742209,0.540894025175253,-1.1705885222861236,322815.7941
-1.2250104397236445,-2.609334283231876,0.6327033360308458,0.46451073426775447,-0.7224469493822833,0.5631813623908739,402125.0531
2.249235109942071,1.7648184718044075,0.12516577848063654,0.34718824543701354,-1.0903327400743599,0.1932913470003434,278796.2627
2.886542941261552,-1.8981762764883792,-0.60845100721378,-0.4624291676251327,-0.29149933838795533,-1.2376920638868423,648483.851
2.1176539824081595,-0.10421641994488667,1.4174789276944009,-0.2743762696666697,1.0972848010330916,0.9864590341136592,431617.4945
2.005485316497319,0.8278920298596835,0.7493564536819491,0.9406751127416045,0.3422544510469263,-0.12047419223489562,682259.8491
-1.3272493733538564,-0.8829005682092519,-0.09790411575650808,0.008393150854090972,-1.7984056410039264,-0.4336987077493875,304336.8266
0.9794122161175245,-0.09422744585893347,0.14258079529674594,-0.5565467949251297,2.3790696810812415,-0.031103541000524846,253480.6175
1.7512569416559876,-2.2702044007926303,-1.0569236947233442,0.14073180741089567,0.2167156508971802,-0.7944334594476699,344318.0144
1.3306022288634651,1.4479689916178828,0.26706490523810883,0.584072341038727,-0.3686176934626699,-0.7380209871295303,369014.675
0.7535911559128488,-0.20377059044849516,-1.1728695535213916,1.4547567944208242,0.11586353309349444,-0.9030161734262357,374546.7069
2.0824478519993566,-0.3419630568413565,-0.4063424558664768,-0.9754392880941868,0.6822492032384063,-0.987737944851978,334482.7915
-1.5159362251394173,-0.6568020631818966,0.44519413217470283,2.294724234095621,-0.6233714678410182,-0.27689072127701947,328549.876
0.5376501298293133,-0.8307675031401325,-0.5259358208407214,1.2481198376807288,-0.4575626756640021,-0.3024127647202661,465682.7256
-1.4945690625863555,2.205211529694102,-0.5635859053320781,1.0171347104122825,0.7957450536710201,-0.530717964666204,131801.5547
-1.2929744096044538,-0.5318904083418396,-0.002514035746512217,-0.14045759724270757,0.04107362468888423,-1.323140290462787,171058.31
-0.8894618432451371,-1.4753303513698999,2.4320945467109913,0.19364761303557534,-0.31349051185657634,-0.08911427847461663,173633.0734
-1.1853743747878647,-1.1535399536096285,0.4979977479092912,0.780601289039488,0.8792522676140575,-0.7153725124343113,378964.0034
1.974628090716494,2.21101556355188,-1.552279523821403,-1.1776141485271117,1.3803172977686355,0.3869956660089993,453458.35
-0.9192637061341835,-2.011111245939527,0.05990717267364184,-0.13487324754940533,1.3946506446338554,0.8420186926730444,400419.9643
1.8486166129860508,-0.5395396916792148,0.0016388434805366245,0.2593255523286057,0.9139872412734037,-1.304805005785856,526160.6607
-0.32614271759750074,0.7468344103182176,-0.6141113918483428,0.43067881955861015,-1.1641455532115617,-0.03865634008755433,360219.5148
-0.6103446666055,-0.4025352267370243,-0.5810099053369998,1.2434051576831469,0.8140248056537162,-0.876153054058204,294272.5689
2.1089464045947133,1.1134899610443822,1.043906110644376,1.24704892773163,-0.23127048722871413,-1.0300596861667664,517017.3736
-0.23654248097175956,1.5825670272153942,1.1287875570598849,1.097841368373464,-0.026889306183849174,-0.3605139659417925,95433.65204
0.9973769691954868,-0.6998720461268955,0.637087979601104,0.38501923945308764,-1.2238005481877612,-1.0795987404731022,253190.5315
1.0440381990383467,-2.2467812991214426,1.1603626518044192,0.03784583897758649,-1.6833066568788,0.049598374300379965,280736.3999
2.644548474610132,0.6895717129691518,-0.5767714062429931,0.2098826785299306,1.3369921174356174,-0.719959474374972,314442.0345
-0.3594529011568249,1.3015038863468609,-0.7233122722235507,0.7618991339446791,0.5693327669956092,3.2709523469067285,437663.5699
2.6522697930073895,-0.506026083509174,1.2417062252939062,1.6025236812267836,0.46882601925854805,-0.4881316278059354,485272.1414
0.9984752407285205,-1.0118584591855257,-0.8601628661756162,0.4598724806276809,0.201404011765843,-0.8906874734509752,407645.5491
2.811860479402917,1.2817588057613272,0.5095332197354417,-1.0376530341895704,-0.9504876834905437,-0.6599164648178767,534702.9622
-0.49439480091195875,0.09096753344363585,0.12033084049654567,-0.12409434847751999,0.26321629244425254,1.458102510021564,198687.8753
-1.0029745969388828,0.5743709002749066,-0.01602110117248065,-1.6336029012061553,0.5024221331853191,1.920508816654689,434388.6594
2.4853994583946863,-0.8273067351131507,-0.864585071027809,-0.33652842228467406,0.8122707671912425,-0.4084248963539878,431823.3071
-0.012918865680664925,0.5193928936911224,0.4461718406507893,-0.11770984863157599,0.8712966444540738,-0.020164370960789917,205001.7894
-0.372992897036591,0.9928221621162138,0.5414046007130451,1.8325172661938953,-0.5897856470982916,-1.446149509495803,205791.8109
0.7095531434982535,-0.7477549482703584,-1.7870367153604934,1.064309882357313,1.2578968327573452,2.510274323713761,371156.6215
1.4486386775889915,-0.3342060816485591,1.2052889045429829,-1.5237389444552158,-0.9526994245297089,0.6879579660851705,426660.6039
-0.8422088042578206,0.6173314508923667,-1.1912687950662268,-0.0743865914870028,-1.2821834533461534,-0.26590185996246285,218798.9246
1.229650364561348,-1.4543402447895053,-0.767594829729,-0.5031905727211476,-0.5329043571098795,-0.680916920940346,288091.6363
-0.4385124190324724,-0.7383114682862404,-1.912267659810153,-0.05169945869399461,-0.6450015396854507,0.524131151378817,204872.0204
1.6163426483872354,-1.5100343358689228,-0.5675889662109446,1.2555016305570832,-1.9916619199844756,0.24741562595427816,657127.9763
-2.1679738816056355,-1.0973251518768374,0.3731490981998876,-0.7130044354323302,0.875919126607747,-0.6668369547865517,200723.3825
0.47007286249006586,0.0069726905175555975,0.06491664867427747,-0.68073541595393,-1.040193901284515,-0.7355818302849707,348528.6559
-0.592222426562823,-1.5017635444919821,-1.2003159756231803,0.9931489025657179,0.1040208151632928,-1.3468744980809333,430986.6528
-0.804324520493436,2.018777499193152,1.03487661221665,-0.7666849857335878,-0.010790808765053877,0.570425679168828,132716.068
-3.576769930736513,-1.3321591202325707,-0.08556942198028127,1.1516217278749474,0.0006128198564491253,-0.228137088638308,185130.3115
-0.9258658952679149,-0.7988211020918528,1.1195075923722828,0.34906792800720626,0.5974631747257958,0.6840756421892408,220975.2677
-1.0450746598254728,1.502364781259672,0.31962160654124333,-2.5419780001210746,1.0213264683718972,-0.3261103108180306,163050.2762
-0.9747011826052896,0.716558640876128,-0.8368957401378551,0.30934195546867405,-0.9455299962463898,0.523609536877476,186999.0163
0.5382106771975657,0.9455355835986914,0.997072418732223,-0.0021490494090380383,-1.7266368200526716,1.705545275346145,525904.4053
1.2577701337014309,-0.20280381737373718,-0.5585672977786666,-1.783481094834898,-0.33459944025963934,-0.2923026313634781,355199.2606
-2.4784968105063667,1.1114196438229693,0.665007347566496,1.0903308562321479,0.25446836845405885,-0.6301647555137765,143656.816
-0.27851802616567034,-0.274012486789226,-0.13977095496768074,1.4592311782469505,0.5023141025149339,-0.9555825369127477,263709.1885
-0.16070403192047308,0.1328459724794618,-0.38939928154562886,1.2304952466286796,-1.1975272620041295,0.9618627514874128,214391.3055
-0.06816337459643573,-1.2088129563930343,1.5327187368262383,-0.051452381661455535,0.3733026343582751,0.4159267734675969,191026.5823
3.7493924412157065,0.48207797457452645,-1.1535810930033343,0.6199481618309225,1.1890136777326326,-1.4179632854785416,495641.0722
1.4031044317251156,1.5455971091976402,-0.02053055864949494,-0.8136568707520432,-0.8593642297233344,0.16100432309328486,526297.9108
-3.2765676855053156,-1.239027017361154,1.1536318834988604,1.5925997395491576,1.8633603259153928,-1.651308004143311,153280.776
2.296317768510804,0.03740558714348027,0.20600458594874427,0.15530891377298248,1.5840540042870057,-1.1410315048243738,494321.5561
0.1454261305062843,0.5375828566632169,1.0839583647851774,-0.8034223547509586,-0.665165197576559,1.7224505600343267,227381.0904
-2.344834017643931,0.20942660754280748,0.05755194001846317,-0.4247193255372133,1.4132528991172197,1.3034628314510905,189641.8097
-0.8363314396177833,-0.9232744525939162,0.09485869475848144,0.7896598780418078,0.4868318659531702,-0.19925269144602456,161515.2686
-0.9451277003077795,-1.0830439111143177,-1.6016183795476573,-0.41514688262174165,-1.2846428689909168,-0.1427597099063886,247243.8197
2.4869168665257773,0.6876621149969359,0.15093694155247198,-0.07986432823954101,1.2631046757815043,-0.023695364983925087,600382.1171
-0.26778911531048577,0.2090047641921518,0.5908624577014508,-0.029294073636868073,-0.4013697983077704,0.31731001954746757,151697.7123
-1.3488185519875138,-1.1239268470791968,-0.25767770591378797,-0.5167335495122324,0.07719379379473733,-0.42188969554173616,232339.2558
0.8097343325748341,0.8493124617361677,0.4324080017250648,-1.274939136864113,-1.1858066818347635,0.22469804362858453,228188.9861
-4.385364479485744,-0.5911643318023064,1.2766503598352232,0.18759398678671374,-0.279872274997969,-1.5914377982532772,435343.9722
-2.729202530784492,1.7961136627246959,0.6369476031650891,0.43963027335586585,0.14347329210138504,0.04281178832964672,112603.21
-1.5285994971376333,0.5887574499386026,-0.9638448718356942,-1.1564618059475478,0.8324549492687731,-0.14321865606163686,265497.8918
-0.020740323686871908,-1.4734772039527286,0.9433036527660682,1.147822351515725,-0.68297861711467,2.229383024715753,619118.0958
2.911391774277863,0.3593164096688202,-0.17387990182996532,-0.39266406016557415,0.08175341835891127,0.03177366946745606,484760.7987
-2.0057095539101915,-0.10921832471069655,1.1573150824092553,-0.45082453764705865,0.3666540003651427,2.1905981709297175,177463.4998
-1.5829967206634685,0.6792598541622813,-1.1773824259287036,0.8101937420249931,-1.4924939412432763,0.05084980508470634,194015.63
-1.767923482341723,-0.3345653231254219,0.047150186472774754,0.5212479930067611,-0.16212585257394688,0.992219069137519,158445.3716
1.9368251910702041,-0.8083874639210411,-0.2767254405461078,-1.1409856727044345,0.5676821117447564,-1.7310501733511818,269629.0388
1.3529701338691988,-1.0715292050326475,-0.724212632892257,1.8403412739033476,-0.6307431083119293,-0.11284722529699058,525938.1543
-3.2412703107444325,0.8235415433628852,-0.07629099475136526,1.4072340629812337,-1.5951739179476991,0.1901693591573608,126925.7731
-1.3941767321496585,1.0132646202847548,-0.9249260064915908,-0.29506648731451024,0.8572496477301579,-0.28001589668163335,105192.0811
1.3802335004851567,-0.48442528955426545,1.3924106375054361,-0.6243298645555201,0.7805642957492673,3.226658362808234,608734.7679
-1.510491955359233,-1.1958796735007993,-0.167270820316791,1.6037109871070871,0.9497601974260973,-1.5932494971748636,304735.3154
1.0185386945290902,-0.019540283935540474,1.4858593988553106,-0.9038767052459696,-2.2056438224572137,-0.5328958057915957,300761.3612
0.4003802775077377,1.2245314723058012,1.0472070926645747,0.5396011771305134,-0.7071022688764789,0.34902828268133684,353152.4661
-0.7554967954948336,2.5165401495374655,-0.19646748750265328,-0.2467230285338027,0.24409502068983424,-0.32082648277287046,198495.9734
-1.546893605781223,-1.494913679680958,-1.7795308604907503,-0.04511993652071636,0.24417052660662678,0.0793233554596915,161003.0709
0.5323440754857607,-0.5480863633570996,0.22138092793569766,-0.632043790383837,-0.4478766551708126,0.8741862387928134,376548.3196
-2.7725389679964128,2.164416506680387,0.058797265437506935,0.7326827087080107,-1.7383614632172428,-1.1233379919156385,155927.1016
-1.4399292576590237,0.6504080207352649,0.6903785589707154,-1.348563632859968,-0.11477977742410345,2.279343771292175,217705.6329
0.14791139302261833,2.435415486972805,0.012038158594228895,-2.48258258350205,1.9482658110368642,0.15535715512443032,221361.2166
1.9743285218680489,-0.6092247621371973,-0.38204069125954193,-0.7063616979281574,1.0402461096164912,-0.37714612095559025,504143.4412
-0.23506191164127654,-0.9288148028941609,-0.9686986398677485,1.9129977523905177,-0.5295926755542325,-0.266230679358112,397818.3873
0.8884087587896649,0.7964660355112196,-0.5091021519763871,0.9314017139943245,0.7734132029372295,-0.37489585683177346,419687.7832
-1.992154234412939,0.02548897802168861,-0.22077228489178824,1.7119757587496414,0.32055918905970376,-0.6269662972485772,184673.4119
1.6407501323009586,-0.15911038685106452,1.0329497568647146,1.1230759348571617,-1.1209709329734598,-0.7314627672773635,598525.1942
-0.38857382101955473,1.2759889625483318,1.0098043507171788,1.4568338953837807,-0.8571993987921374,-0.4552697200659127,169087.4955
-1.8971570859790094,2.0952668264993948,0.5575980552588865,1.1628144518040635,0.6189005925828518,3.2048679119035737,173075.952
-0.8281254860679275,-1.2865893051483632,1.145145673200764,-1.8426951927249235,0.9091112297904723,-0.060607829880057806,216188.775
-2.736582282202226,-0.9323680520585312,-0.6346665225320451,0.22106851031520783,-0.6148597916877694,-0.09918773399842885,254403.7403
-0.3687478396065795,0.7142671737675185,-2.448403957332157,0.3421549917792826,-1.5069168582237862,-0.131588225975684,336339.7509
1.3652939885539337,0.733417519600372,0.47552000459993193,-1.7211860235606198,-2.0969451857494095,0.44584129975214326,414412.5618
0.18299249952414792,0.915800162381363,2.6360300784361472,-0.9394724364978722,1.6394554615450507,0.2830417706996951,157820.79
-1.1289066554706018,-0.5739752026837754,1.341244236436114,1.3607713651084887,0.5808932198566763,1.1672160272989105,155738.7254
-0.5749020011030243,-0.9747356027159106,0.7285946095926755,1.2316561189474735,-2.01995008738482,-1.4939999189987718,502763.8162
-2.515037644747472,0.7426937281498831,-0.08831231926050238,0.36964592847755784,0.4494574925795196,-1.610460763272708,255664.0662
-0.7359415962679575,-0.18073330976079038,-0.8719112778997253,0.5231901762835641,-0.11215120244866554,-0.4368874021749293,313708.945
1.8092967707942824,0.20857538074230006,-1.1849798107350993,1.2401555655618566,0.21240912878660487,0.2740370428443941,723129.0195
1.380770104923714,-1.607647493278426,-1.1820916952130303,0.6530957463121612,0.7145524700443521,-1.2027763171609236,425611.6652
-1.7217975657774034,-0.70402458579931,-0.49619969035311523,-1.9350688165074557,0.7661554705075709,-1.0654974563795236,190459.3301
2.2059413709581457,0.3225520078336108,0.19564314368072422,-0.22243725592020228,-0.44518937932569497,-0.800134200540464,703023.0198
2.0159544259259317,-1.4663352959071354,-0.6633872395070004,0.2634366663672011,0.9700342178498449,0.5084281435365792,373244.7733
-1.3710137732963545,-2.1872183287158182,-0.927107396515168,-0.03003048220923071,1.2469955355417863,0.10120644483484849,200241.5569
-2.3904469772965675,0.6167552345415683,0.9883499377001126,0.5871987153753598,1.5667362077375617,0.004963253491322523,115497.4784
0.5674017905452383,-1.7856772645472672,1.3918096849731572,-1.44982439672345,-2.361298866427348,1.1645893081663143,396197.2993
0.5424252186093582,0.5449484050728552,0.742097744392089,-1.2856887426267811,-0.9456327089165939,0.985152471598572,327234.425
-0.8856942528802947,0.39422227466350285,0.8304848254121042,1.0313384350600945,1.122549159936585,-0.5271828792264159,120333.7165
2.1258291579605855,-0.3702550596792119,0.12826359536048035,0.41787549543559604,-0.49622490958496557,0.18115665911410703,405318.1143
1.3341665228445265,-0.118736007020378,-0.7400863341904631,-0.06160711845783548,-0.17469697933579736,0.4474411804446306,494961.776
-1.5397348919108689,0.06291497247337179,-1.0053123811961695,-0.24052522110786434,-0.45023557191616265,-0.12982157822877108,321483.2509
1.3853047732648498,-0.013173482242195266,0.12359448904758681,0.7873322258313518,1.1816686460539068,-0.335573386446391,307637.3231
-1.8510963773687914,0.570823414348064,-2.4204727224805556,-0.14368013763779772,-1.859294500251969,-0.7437643507608032,242853.308
-0.04242807216097701,2.352455738580874,0.24895413516123335,-0.2142180942820624,0.375389926955637,1.5773622190582315,123982.6111
1.6280432972749805,1.7194999231235868,1.307651645879864,-0.20713825658982601,0.3213933160318273,-0.028093500636575952,435836.4462
-0.6152422497279938,0.1834051308878893,0.12666210174409517,-0.3320775471288163,-1.1948825295355505,-0.03341563142162124,374614.6022
1.2931829518778686,0.7124778297568546,-2.6726211650755856,1.121702204625844,-0.8989918773664441,-0.38303699443039446,373283.2345
0.6658888931359532,-1.1544052706174628,0.07505024548636044,1.7834969358909887,-0.40634471729020566,-0.2619079030349478,451607.1293
-2.029992152514039,-1.2790645886531513,1.5659449822396956,-1.0583936839119912,1.8960017324164655,-1.5275759529745465,124213.8928
0.3318034369044467,-1.2123944027409181,-0.08580976347367018,-1.0189434387840919,-2.1898150418761717,0.6655802446914912,417684.3441
-0.1757809945475044,-0.23461110520428377,0.6006583937889048,-0.4665027774896362,-1.1659694442498738,0.37816344289487025,298794.561
1.6963474209751652,-0.7722241012909218,0.713389783311539,0.4765491101839341,-1.6808185526483341,-0.7380892625118392,560068.1806
-2.706024410910364,1.256158048673205,0.05551066277620517,-0.12064905144213486,-0.3847079013074899,-0.6879721261718837,340917.3854
2.335353537017553,1.4105739021959844,0.5357141392213797,1.2894151811553418,1.1421757430106176,-1.910350588182935,342763.2987
1.7892749215476997,-0.6077845931455925,-0.8572549236617716,2.516739972164411,0.3833131896069868,-1.1475452602492022,523778.007
-3.2630275021555706,0.02884535754302503,0.5087230638549903,0.2637156849612228,1.3408221619787852,2.9230511518235636,155752.5599
1.8167460057747398,0.19942074411849403,0.5579244633394684,-1.0032638300563506,-1.661842254845761,0.6460904430579659,486352.0095
0.8442020892899048,0.9770992230941605,-1.9012003263625898,0.9691721382733677,-0.2816279479426849,1.6540611151053526,250923.2967
3.20932316306884,-0.13199595573946357,-1.5758463575089114,-0.21374708035670434,-1.6032207328579162,0.5487671153877728,667923.2014
1.691840235963869,0.6077636552683371,-0.40553770717283033,-0.6783898318965017,-2.0214228469510793,0.624398400450798,475596.2442
2.290492454288918,-0.8383742601272045,-0.8748978638364231,-0.29644000409219795,0.14261670159204057,-0.5580503883384852,419842.9604
-3.09572573689502,-0.7247087598622165,-1.0698522519376548,0.37518824352733005,-0.31838522562437654,-0.8133045139063948,150163.8716
-1.1876746950212569,-0.2829703619630003,-0.6779307371408098,-1.4146077928154708,0.21349617933397208,-0.9036677898907858,157124.4944
-1.552748680265413,-0.3098656188012645,-0.8923912866613861,0.04509868963968511,-1.4698896803950867,-0.4100303831878558,197612.8364
0.3591274522300933,1.6388049081546894,-2.0208313585405056,0.7703912552862348,0.17076299816043286,0.14503664224017443,409646.4482
-0.41891174471632364,-0.3221637956912911,2.0725075836595215,-0.27053640453432193,-1.1848349711856707,2.048045485497203,148770.5336
-3.1790775694184394,0.9346899760936953,-0.10196028589205137,-2.0556160461829456,-0.038282156651787816,0.055205414479990424,213261.663
-0.8289790411029783,-2.4344931729006847,0.6257745047771293,-0.5904600063652311,0.07711899389567062,-0.005027324852402358,216433.4357
-1.2197662082482574,-0.2877555330778752,-0.5812705352829424,-0.6615037600396203,-1.587530952197124,1.5887385220834573,212162.2289
1.3191699171788671,0.759498597868056,0.18079545678618703,-1.7285886602282292,0.038697779849074215,-1.0821466011189966,201706.6066
0.05805136539682109,0.3420369813515134,-1.1263313148810905,-0.11856720334083587,0.40751999641908965,-1.0358140057924694,261627.3172
0.1701250903419378,0.12206228801013827,-0.3884274937946117,0.7911834014008393,0.36680257478937855,-0.6390352914088228,377300.6063
-2.5428098686593064,-1.836149401238255,0.6376464615595997,-0.10074960879463134,1.4340220618029784,-0.11071567808318213,211992.4724
-0.852948679804259,-0.9740878558061024,0.04009271245716297,-0.965582333019134,-0.27584845821847076,-0.4308538306750284,264839.3572
0.5233599598777066,0.751841275077192,-1.3454921707380965,-1.468976872024497,-0.9754980419613374,-0.5340187859359599,489802.9489
-0.6150279962194342,0.8881188679645055,-1.0974660100211433,-0.8817140261517923,-1.3633438801865136,0.0034445383440728887,315149.8746
-1.1338420104657805,-0.10016446460766983,-0.4086280158111754,0.0948164566057452,-1.8243383558213613,2.8822496768540904,213942.7096
-0.6412317468597475,-0.7909766671312854,1.3380395020969178,-0.8649287944161363,0.5914740549672622,-0.31634703083886995,258971.5503
-0.9767722505051776,-0.30335000825608005,-1.5469742084466969,1.6502959905101442,0.2519024282265934,-0.5195268364768943,326000.9774
0.17384593376683685,0.9976969015265382,0.5318183008609543,-0.17376065220951728,1.5638842465254272,1.130978347787693,312373.5076
1.0048417408506913,-0.21258645803565923,0.23970586107549,1.0830376701079962,-0.09573144815370342,-1.1900535087641424,404266.6567
-0.01188537919659995,-2.308180856073274,0.2943745331095182,0.853703421093116,0.8753680604674728,-2.074453704898873,200522.0759
-0.22365799572334855,1.9008944708381132,0.2065169568097987,-0.5809959592325203,0.9115363189408192,-0.7407245454213616,146466.797
0.01701374021341788,0.09189198024240731,0.23840858546920893,-1.1018287760480892,-1.0502375146612075,-0.9725010371182873,316356.8508
0.4399126164722607,0.7272122146535135,0.03558973919782148,0.6968443707013436,-1.8428953994505723,0.8033794372500673,614452.2313
-2.1202494652378805,-0.8774999677912891,-0.3356061485872659,0.08807927216243727,0.23796496775090248,0.020026859953862722,109675.7564
-0.048337012378660484,-1.0615601011052003,-0.09701739416418946,0.5620319597068673,-1.661974361186788,0.5170572968202984,188197.7996
-1.4791287456033242,-0.1249186775419539,1.0038898405891852,1.3418083225666448,1.4764823330749486,-0.45757952403987445,177950.6854
-1.8077234741806782,-0.030897159369948544,-0.3329377881182348,-0.03557889621698193,-0.7593027476597888,0.06657799660293309,267719.6513
-0.15440615603778038,-3.010595224919959,1.3442626391790475,-0.10559970059470396,0.20392363000275768,-0.061464639588547164,313537.9701
0.9122098325042718,0.8897948007259894,0.6211134774620266,0.5571891178360939,0.455210677595539,0.15385528920080088,364494.1333
0.23589908848988644,-0.724653798049616,2.1901810945801823,1.4861798260419317,-0.9354079016467194,0.09186734261569088,231084.943
-0.12140319640651567,-1.3399160703257535,-0.6363848692312826,0.47386873728192264,0.3274266152364352,0.11028278737114526,645447.0741
0.24456289375214346,1.1121167535524996,-1.1654686939528147,-0.5148614462468656,-0.2857948642378927,1.1582472203793615,429335.8056
1.5508552563355622,1.6272797680042077,0.709900514660667,0.8400751114604537,1.1262185357013268,2.0275499249423787,305869.2898
0.551347518530876,0.39304208784350464,-0.8796328181127349,0.5279536963769177,-0.19621515802156547,0.6231476495074659,271978.4914
0.33644683382279655,1.7215515371958814,0.7755277520953257,0.9885179207357698,-0.21571174161608153,-0.6568262637096676,239669.8073
-0.6005493083627264,0.6939382539188625,-0.0016427622725862857,-2.4515171799102466,0.018565048458060507,-0.010430628805226291,123193.9487
-2.1157966317110293,-0.9414421956414153,0.9388466158025941,0.35140920412717036,-1.1381555352220338,-0.10031005397570193,152463.6497
-0.5232214619462286,-1.5831538102409863,-0.20860099067583135,-0.4021159153381325,-0.5998974914938648,0.21790601360915443,316639.2276
1.4506816915437164,-0.639628684468199,1.5714702551897684,-1.3837545901476558,-0.4887079664494843,1.323207781195206,238850.653
0.6258226952155297,-2.008466720127342,-2.327240244001022,-0.8577142889744103,-0.7536898109870905,0.39898571914950276,237290.0276
1.3389346251218799,-0.35477784416879843,1.7937059091238705,-0.5017885045270312,-0.34985421170986547,0.3583452017010394,314516.4965
-0.8664083803505351,-0.35223253493706974,0.7844751640096158,-0.8247208209124901,0.9034604151993428,0.700075221281272,139434.7349
-1.2669550973626487,0.878824637033259,-1.7468582868687603,-0.610847130511544,-0.5995928596294798,0.28857934033136656,208095.515
2.0920744582124775,1.1772933209840362,-0.9446854479347221,-1.0031315883270169,0.2468307750369076,-2.3644458515405478,390564.6804
-0.29005753316496036,-0.33004305417032614,0.30174305425549625,-0.009789913019281109,1.0310713262808722,0.7118362589669424,136573.2213
3.0085453302738436,-0.13384662802830707,-0.08642472255139583,0.5534166084345182,1.2549330083276675,1.2891766715873625,626404.882
2.1433356828906134,-0.8443916895707041,-1.3079808597839133,0.18100700594466299,0.7551515122501462,-1.6990431913216322,350775.5173
0.10596541237399454,-1.4400872149638142,1.4253969799421513,0.28523347344945366,0.4884989714126432,0.7904242740104728,244689.5845
1.0180805455929196,0.5133805871132744,0.17306529839993384,-2.3882078405549088,-1.4701499877750017,-0.2420012417492363,240373.1799
1.4159028088554255,0.42933711370479294,0.03002754946202247,1.247779185367262,-1.0696538639738573,-0.6003909329201534,387250.9039
-2.3849471466897216,2.1742986290313677,-0.18214960217507692,-0.7530273975005487,0.030546746099446905,-0.1027182994565183,129689.9637
-0.4781912493394071,-0.6599443959270909,0.9179036864326552,0.2925347537801506,-1.7199206022773317,-0.4170467817725593,293707.9213
1.8963824378548384,-2.0134851371023523,-0.012748982007078009,-1.4943300826412993,-0.16000923537255213,0.0848910809061809,368139.5903
-2.8183868968138923,0.7722238683396793,0.4913228180891757,-0.7420179723529398,0.08167517368609534,-0.09943992889633864,179974.6589
2.0188695824121967,1.1192897189061186,0.8369126675332611,-0.8953016451376671,-1.0160264723039298,1.3980061881351946,259050.8582
1.5704941599896343,0.2448560884447009,-1.962808957660325,1.2710526020335688,-0.5356676320912277,-0.3681474257396002,326597.9895
0.5123892655175807,-0.13203970892882425,1.8646901249345984,0.6602119345627027,-0.060842977684235404,-0.017119132101158892,175103.9545
0.3963799446041771,-2.0542666298961065,0.40089746201475956,0.4120659720748864,0.40436211515742143,2.305529141493057,533177.8282
-1.2943521509143938,-0.7685691511950657,-1.3364002410419025,-0.7545081293769061,-1.0835899250558978,0.6727088678796385,316008.5649
1.0262422727068081,-0.35681609098452977,0.7870497909156899,-2.1944576516847025,-1.5006171531024086,-0.2163685609653649,288943.0812
-1.3300884792356877,1.0907522502927283,1.3066970030041054,-1.7321718803986752,-0.39835898843380224,-1.061222515267996,151346.0076
-1.025455193534107,0.11854115336914733,-0.8472613047354732,0.81252527903479,0.4266480495200359,-1.243390872355839,189832.326
-0.6256561038430792,-1.1223546568288434,0.4677766523669093,-1.4531132516104073,-0.37136074797438867,-1.0302133447075583,165314.1196
0.11853440970617644,0.4910138706185637,1.4512593031473002,0.35634819717587435,0.15549122542447807,-2.0331737348517196,568686.5643
-2.0744845804321987,0.20484045198236883,1.2435757773018845,0.5375411666623607,-0.44467783236259845,-0.7447376511224307,211134.6658
0.08975808714352798,-0.7386293493615654,-0.17051011676897274,0.036218409819445706,1.0139375324602844,-0.26101001516811684,212058.1
1.3104320972392334,0.8575233287945742,-0.33215615155826667,-1.0363826114624404,-0.3853128350602471,0.40487625559077156,366239.7416
1.1130882682092356,1.5322382636637564,0.9461063839371634,-0.028033143962847815,0.021381392212029275,1.6424284329568126,228390.5602
2.8244013402666517,0.47714912565730677,0.21880101913893296,0.9215379885601511,-1.603836935190257,-0.4479603266792094,456091.1396
-0.5607416693431981,0.6570205250051848,2.0807695695492576,0.3528204793933434,0.8231567209459889,2.8736333623118626,300847.7556
-0.6705597370045631,0.9785856203639721,-0.826133009863006,-2.1158752636854663,-0.617107347547924,-1.2002563849658776,160527.0884
1.6395565686746045,-0.9391065779966435,0.9086860822524874,-1.6771185502100892,-0.036028270103535674,-0.7152294698988733,233758.1789
2.5261915924168052,0.10038150757731532,1.285631401802199,0.8659558831929696,-0.9997123136869079,0.2900587004025193,620761.0913
1.6702700972813262,1.9981070751432917,-0.13480510325457745,-0.774869175921399,1.6018786076604814,-1.4884821742808318,417029.354
0.573787420586496,0.1408529739028318,0.22146517623836218,-0.17030055021424248,0.9716925905889101,0.34313046018047916,583594.3052
-1.367884588354135,1.4813367226728416,-0.39751295941190173,2.1018673184974284,-0.6387406209201685,-0.41781915125214714,206009.2135
-2.6745263668570414,1.8139609579002098,-1.8563999807916975,-0.7976698334903358,-0.9767786522430957,-0.9630673000636848,133702.1794
-1.5578146793083365,-1.9535411112240093,1.3011984971162587,1.4438142719585927,0.4947066550960469,-0.8670835839034965,212495.787
0.1173246535949189,-1.5293635249934563,0.2028400743631707,-0.916630166255471,0.7396474644665837,0.2620613477920927,221981.4242
1.074079140353736,-2.0161693976330466,0.32211131818201766,-0.4679429714816905,-0.029448569304699773,0.0634177232598621,474034.7618
-2.1211747129362264,-2.1248319582507706,-1.2200049414078462,-0.5184987202809891,0.16383174562113018,0.5466651979098003,192633.9577
-0.08078252017655974,-0.3057021610606243,1.4291623586501603,0.4293341375333825,1.0373166697518554,-0.033179970772350735,427431.2759
0.46457930547572546,0.37093007248690474,0.8884943512837408,-0.8120290792476186,0.6553576211217447,-0.02093671872437661,261047.3999
0.1533308943109349,0.014861477888526353,-0.7733819617418141,1.460531404380951,-0.45767627118984583,0.00967872207948532,296217.7279
-2.685488383021982,-0.17061353684433203,-1.0263476409569976,-0.512710341544744,0.08428689218469103,-1.0103320287855413,129388.4959
-0.2184537261575876,-0.18567413305250452,0.7230401923258117,1.0053454187823028,-0.6974729519034386,0.23980501215820707,409878.8723
0.511174678992158,-0.6465110639527627,-0.7760384376039423,0.31851192905196263,-0.4564339349252633,0.25117684356273634,495929.0495
-1.8113928628524743,-1.110228257371955,0.8917843160909994,2.1737015140498106,-0.6412416662526771,-0.5831325056049386,147745.9663
-1.6200816861949543,0.7139980376952917,-0.7913607122349317,-0.11381780095807162,0.6428572157189208,-0.6444317227491834,219864.9676
0.5883310322390934,-0.5796842901921874,1.2251080724453602,-0.4877400635567273,-0.9256252862476835,-0.2288776269763677,475695.0762
0.1758133793308641,1.4556628219125418,0.40341478325805086,-0.4409845952611243,-1.0285541750988714,-0.9231824512883882,316529.5757
1.0018540722361344,0.5596034065297595,0.4340586706537815,1.300331485501438,-0.07182952007737468,-0.23130106752463814,423017.0623
-0.4410453703471152,0.12300752383448516,-1.6705551283513314,0.519899308478167,-0.21757517884182218,-0.45252752009934494,297105.0299
0.5435116991606818,0.8932093909307042,-1.9824551053691986,1.7230133006456685,-1.112408959471261,-0.5408692391520493,349472.4024
-0.17516441444383463,-1.8317624956260454,0.42217126198950516,-0.3971003082364359,0.021928904830360432,0.7536284518091264,238200.4947
2.273182152196363,0.3819672126195819,-1.2385567117439844,0.7790333744862364,0.10740364790878275,-0.8713637928337623,792610.5784
-0.9876547303789107,2.3197218759648353,-0.7742072666017118,-0.5913794576382273,0.45748127277534933,-0.15541460966264906,344047.9713
0.6586225898744146,0.9964878575192494,1.8279633489920346,1.482546638801187,1.0864197149163917,-0.7825348763013691,211818.7781
-1.189359083502906,-0.3435760639382567,-1.4042648686203523,0.257017456473178,-0.791591965070586,0.2792841750298941,285620.1963
-1.226870223659996,-0.31865101123002515,0.47683426079444763,-0.7842700132624356,-0.93226880012305,0.6921031705493514,210535.6385
2.0530995740882743,0.7407767146660166,1.2592586788388906,-0.04101089069934319,-0.050115775478783944,-1.7170201553041886,254107.183
-2.4801323226123273,-1.0177112316095045,0.8670926188577859,-0.4813944579932371,1.1526396168598851,0.11901708898138257,272714.9805
0.902692057209423,-0.11184769643275694,1.8903281505722025,-0.21241669684464143,0.6211119838181862,1.0321930978728495,398329.3149
-0.9231592045621304,-0.18003991661754773,0.40046106970108214,-0.3230663170237888,-0.1083027436196813,-1.208420136973263,245087.8371
-0.9164481524288365,-0.841339229383683,1.0833763940313448,-0.9108845228597439,-0.3177742871022877,0.5658667004748096,170927.4512
-0.9951078229157124,-0.18924703302819243,-0.12463474924113369,0.327621924860935,-0.9878699187401273,0.3524137985615012,237038.4748
4.468296905502842,0.7517527838701008,1.0838040994682256,-0.0044970117434246,0.331508481828499,-0.5734942166120267,461624.9916
0.6334695305620378,-0.1502505045969655,0.2612183099638322,-0.7554225914424666,-0.11610190573459149,2.7551086922882764,224554.9565
-0.5614569614055243,1.5031131520519787,-1.1016011901354437,-0.5589109041195769,2.745449104730903,3.1951491817006135,140612.4978
-0.881925171482334,-0.6406724289708904,0.3753943696823524,-0.8044160963495003,0.8358100366074179,-0.5415512154081739,122369.3828
-0.7782781488334062,2.6828865669779747,-0.8154826835813205,-0.7418684719749398,1.3012994882360718,-0.7983326794206989,122942.4841
2.599185354849673,0.9708121532861992,-0.3212652921201995,0.42625177293089744,-0.31003959580758383,0.511242675787195,569970.3125
-1.525798637725524,0.25143222043827135,-0.587042211373078,-0.4078730976425293,0.5813723678968302,-1.253358910589313,150732.3466
-0.9662963330672915,1.642362663722238,0.019910877339723965,1.4104772147280782,-1.7670074098070319,0.09056621196919581,316067.8247
-1.0299304361051675,0.9699798571577574,0.11994449884170928,0.769522514986403,0.5692803723129921,0.02875182701726244,261671.7439
-1.3352616433553328,1.4434024612920389,0.818817753838113,-1.9106579897626403,2.3865757424996383,-1.3608579075731815,133318.193
-0.5878160585219941,1.582378627665139,-0.9124717943405186,-1.9806889956350304,0.1821659946705376,-0.08914812961560094,138399.473
-1.5495314908219868,1.3537484542302014,0.7133870252996943,0.146496852095209,0.45283376509581985,-0.5235285215888772,237929.7921
-1.0121051449222047,0.3453306983373703,-0.24681912291047634,1.1464514941208526,1.1420226105390006,-0.08857165016823856,315406.2612
0.5424584753661604,0.2665943788145481,-0.8663031690951908,-0.3173344743687363,-1.2257437732094676,-0.0925347326054503,392453.3512
-1.4479572599476338,0.5128967329379651,0.6014266943513962,-0.8040957442594984,-1.002743568969866,0.25446279980761305,114903.9616
1.019763280275817,-0.07262442811743093,0.292740508705809,-1.654641841175849,0.9234286689866268,-0.7286419087196718,237640.116
0.38679888296007736,-1.0310183413643128,1.1204402006628202,-1.4596821507694844,-0.4712665996129987,0.5827264963262836,182011.2419
1.7730977853367058,1.5969431888591314,0.16669847362819848,0.09989247795955149,-0.48876507810693803,-0.0750864329754706,470823.9488
0.4371928140032264,-0.7148496299485053,-0.9136575117343477,0.3272025331693605,-0.8585050422962313,-0.9255556563611812,202885.8129
-0.639974737809972,1.6991250912567422,0.6964997504081722,-0.20329985673192855,-0.4187914278715308,-0.1486386730394082,111416.3788
-0.8348185304198628,-0.05237726086775032,-0.03200806640138856,-0.11987859641600676,1.2886997099031943,1.140670723158742,208725.8216
-0.9821075223504541,-0.18905162369116188,-0.2758627993780569,1.561894399427108,-0.8089736567014351,0.6577147522787782,314236.1486
-2.4000626645766086,-2.2570883166976223,0.9251604147696837,1.2546910213938303,1.004605218343783,-0.05084616993249868,284879.1228
0.9344370113713968,0.7980626011582374,1.4534933420884426,1.1216125541401223,-0.7302220393152338,-0.7266388846393403,233957.5616
0.5716303051469174,-1.0015222856713524,0.8526811835629761,1.3104986777048964,-0.5379807175085947,-1.1883893414749855,383769.6262
1.4431559461286618,-0.13066242476330936,-0.3550919661974646,0.4068014977070625,0.4228662854552784,1.0714468082029216,272141.8741
0.23477048027267677,-1.1061023291388383,-2.8311662563743125,1.0758791907167355,-1.2505395204543235,-0.6686122930830944,434302.9891
0.3634484617001022,1.5886084579346311,-0.028359248842855175,0.24280360269541051,-0.46317383946951457,0.07487161043470805,514905.4143
-2.192433418728657,-0.4055358463676606,-0.3072775427240907,0.09175611525602996,-0.6575764795268354,2.35940104459382,235906.2019
2.194160398609835,-1.8403586573028363,-1.1683097600061318,1.441796269658614,-0.27924536000806416,3.199219992939275,690817.5719
-1.6878071030118253,-0.9238956706249302,1.1198088591005075,-0.5287748349763515,1.1743669005577664,1.3947364622742444,162023.5571
1.7117771134795046,-1.8595913523753618,1.657908796673726,0.5073048423614396,-0.27166255024643593,-0.20012213872548734,538399.5854
1.9814134884676686,1.3308935369086075,-0.23613864230924206,1.7400748981373344,-0.6316082292670137,-0.04956749966847955,254576.9433
1.0724835215379147,-1.0515961339556483,0.2818277757496288,0.7632248410935573,0.7662294296959494,-1.1027927700323674,397727.5906
-0.3861697784526887,-1.6910606798228573,0.03215434058439432,0.4892986201254766,0.6421467910572015,0.4205787951095936,291232.6503
-1.864160793084245,2.1639693362032357,-3.060934819575144,-1.6155956453973612,-0.017314199657548972,-0.25480481900481433,125222.8788
-1.743724232839751,0.41631180025026815,0.21380508659475486,-0.7218353437370735,-1.475345140840977,0.5237044476128594,166647.5865
0.021883464348898173,1.0584887987647071,1.1298544100996184,-1.1196931476602172,0.9378967175887746,-0.9131790961926184,156166.44
0.025140692316831685,0.2871118860013865,0.2976303000240801,-0.19683253015794944,-0.511276537237291,0.8400295520307972,210119.1061
0.18669260426100212,-1.0057148674550385,-0.1551819231295599,-0.6062517684133647,0.8238638516534682,0.7868548342456795,241756.4496
-0.4790115277736713,-2.231994152118921,-0.746170675800787,0.03965159404944095,-0.41768687180512587,0.5133776745864043,309935.7079
-0.9844856606921566,-0.5127695578853462,-0.30926293652222475,-1.0049334075282994,0.5697013288710355,-0.6079274692300208,218627.8816
-0.6070428107857572,-1.830222116282343,0.5500087427903406,-0.20434922540838596,0.7266850038261788,-0.7109461024187387,143641.9416
1.0805225063532238,1.220117842066496,-1.8574358245296576,0.4176054503528043,0.2040331332211288,-0.8163828757452347,286044.0372
-0.1650702944502948,-0.06562256518587901,1.5183631703189104,-1.736905172413626,-0.5924212867693847,-0.7778903148311556,104023.8176
-0.31067790508498605,1.6331654550776074,-1.6596511379551884,1.9098028589055918,1.1912023800656906,-0.9588070516913061,339797.2043
-0.3977133704867888,-0.7634946326891059,1.34787408558294,0.02475245290975369,-0.8019533170333185,0.40006117602512475,200364.2045
-2.0093060178830373,-0.43538074600631543,0.17795935123284126,0.9069206743666538,-1.1348309752097714,-0.5718214560661046,169634.2876
0.6440124955356221,1.7714207671388156,-1.4142446172002945,0.8436968737903898,-0.5924032948332008,-0.35909429231480455,352065.9162
2.7892076559912122,-2.191130609761071,-1.869844866376576,-0.10724749374831141,-0.2993053882692041,-0.30266467544382086,886794.5153
0.17643074951519327,1.1963423421067358,0.6225357297354868,-1.985963575766553,1.0996506558850863,1.4165023397535972,216799.6083
0.6635898819383927,-0.8708756804421431,1.6738318844216653,-0.16503120939548857,0.45316399353368464,0.6064009089680578,315392.5697
1.0585508720144012,1.7583526149925965,0.24961570599324467,-1.4389918628972658,0.3672181064306258,0.8548073518499743,186050.0754
-0.07520030391577513,-1.4456436545626308,-1.4594743018428524,-0.4610611198737483,-0.8065796944006203,0.19500929790681695,351693.9419
1.2382692984411643,0.44866307957005414,-0.401492588172942,1.3000805166485663,0.18993342715890804,-0.49973437670398824,443988.6118
1.138298664650677,-1.1924964076914004,-0.6017677122080789,-0.9542063705204396,0.17257485101732792,-0.3346914040452219,617207.559
-0.2228864268825803,1.0108381804144442,-2.763774175361581,-0.12827611970840533,-0.12810736262130457,0.420310360737181,149241.5454
0.8565394403385915,0.8305750111307232,1.6169565860698165,0.3328228185144013,-0.2268426609818432,-0.7915615533840091,269009.5188
0.8601051462228804,0.12552500773169906,-0.008355820183204405,-2.0507911407083923,-0.44021935183304584,-0.09528903769189243,333735.1911
0.11251453764683021,0.20991384053572132,-0.5743860351759089,1.5784135896073843,-0.8759725189414986,0.3187903778414174,427831.505
-1.3618300665850973,1.0254159504675835,0.17728899918648242,-0.5665486790477524,0.8357618494647615,-1.1577526469795345,245490.2744
0.7610641085729207,-2.0581721781189533,-1.4788268988953217,-0.47750467731336055,-1.331791563823106,-0.5938740082344155,608847.1727
-3.3811987702255317,2.1119117907023393,-1.7985664603945128,0.2796913761708772,0.1411787162225901,-1.5480635594729955,286517.6173
2.591958983980085,-0.09393304945589398,0.4825023046473465,0.6473954184146373,1.9457611053944135,1.8032899625389984,593545.3229
-0.6898289014173536,-0.5658982328363706,-2.0735806460223296,0.7432740451617851,-1.3532306981304065,-0.988411039341841,295655.806
3.1792212196309335,0.2651393513090749,-0.16358012695923857,-1.0119502980823727,1.5325772081204785,-1.2697860492865631,301531.291
0.3787500821885219,-0.7269865439399029,0.5526057952371074,1.1022840860722984,0.7620736315228347,-0.9722809291595016,210741.0948
-1.7398102410570637,1.0969834604558868,1.1125871783281613,-0.756156001096734,-0.5740545989780776,0.7694486780322235,347354.1662
0.6936424754265053,0.6480631399912802,-0.708984265102624,1.4161273261224119,-0.28725747392813417,-1.05599238879542,278669.5552
2.2065083119862714,0.7978366273644394,0.3766334086294457,-0.48334439513803823,-1.7090923076781406,1.3710122385194758,477165.3027
-0.2817441896495774,-0.5325985668914992,-1.1219181836009136,-0.11123369167426202,1.1899708666913764,-0.7327635924901063,232895.9821
1.3551252401317597,-1.4305266791720457,-0.864539987674286,-0.2741890075291107,0.2770697711904959,0.6036817165474837,286157.5785
-0.3940163433502606,-0.8142274152782479,1.1494118378450637,-0.49039892735032903,-0.6386236076416816,0.9274781253227297,281207.9236
1.3759849305182577,1.1018510485805126,3.522295662674543,0.8327931762075896,-0.1182573452768429,1.2924819931785436,353661.9706
-0.632353439733987,-0.25871164531208446,-2.932981555685849,0.9613413560896674,0.527004276219556,-0.9210641480065844,381979.7939
-2.5867359981063967,0.3500141904051856,-0.7162504592169322,-0.9122974255962304,-1.3303884682191778,0.3598088198064188,471910.8547
-0.44867887791456623,0.09919511639639225,1.1948746789554858,0.09103517959004882,-0.4173949135274069,-0.29752618044658313,219383.0633
0.829357073034984,-1.1205514290884622,-0.3962648365640921,-2.488065720265115,0.4136332693682822,0.10650374359056382,383782.12
-0.8930941226684311,1.0126909900805503,-1.7724970692938125,-0.509246439522328,-0.6504281417959491,-1.0153187743900722,208066.991
-2.0949690969024584,-0.5035949622059954,-0.9784418078539349,2.047677424295564,0.19583674078346106,0.565108800002979,361524.6245
1.8449111902534197,0.06255676198450132,0.254464150643564,-0.016271590032233465,-0.9489436046698054,0.614949801000075,659953.378
-0.28136037973077965,-1.5265541840100019,0.44460860694565885,0.9511766670677917,-0.5819242500527886,-0.3258296487502232,224359.4159
-0.8253122577407495,1.9947050145984555,-0.9474097745375892,0.5918644316020129,1.3036774975130945,-1.5426728760745934,332770.3718
3.479045146415561,-0.8416266724380222,-2.0917110444084748,2.9651100442339167,2.286484057137832,0.07591485625953877,482770.4988
0.609793744047053,0.17387255818930814,1.4034902524458972,-0.24378856094808068,-1.1538398517969009,-0.38711881484602173,216370.6087
0.36388791509096824,-1.1799471405495905,-1.35771379561191,0.3604260689278524,0.7419273919455605,1.9429646249029533,418251.3239
-1.9964760348955197,-1.6450393623556865,0.9076049714708906,-0.2519349428663866,-0.031748152148768125,-0.6565438891527741,254496.9435
-1.1827349655550956,0.3484227865236424,0.38611484175418187,-0.5382698515966281,-0.6898937316076055,0.32323372027375097,115019.541
-1.518615955170641,0.2725476609104849,-1.4972341818491672,-1.133039737101745,1.531524949541158,-1.2992062419991988,100174.4082
0.6662512876028107,1.7950893649956499,1.2064420983172548,-0.20555081109245843,-1.0708397174904867,0.3374172735369403,347081.426
1.8876064964131671,-0.22220680226674278,1.8647481423483228,1.3721743333454197,-0.13320403851746487,-1.1605055449871031,525363.0919
2.6342544828751686,-2.1283623723814267,-0.7336129108716091,-1.1810539434744907,1.4462493751024392,0.13366841050878936,646044.7923
0.7199631635436788,0.7163084555354219,-0.37770108452928713,-1.6626673854440008,-0.7530400575355838,-1.6157073242049473,387011.2144
-0.8155486227245984,3.092685557867643,-0.12378900196478841,-1.3911561951329892,0.737813745890196,-0.3463335512161261,240366.07
0.747102040904861,0.8133940155331691,-2.330699734052416,1.885760225722148,0.6532130636248128,-0.08110575419994219,501007.4446
0.8587522617237735,-1.0212073406309108,-0.19318081378023363,-0.34511442592028563,-1.1767973935644997,0.14105491270734308,281735.2741
-1.265748292165163,1.6157886405581001,-0.36349146718312814,0.19712190193411983,-1.0095011345986382,0.9538563058627568,136459.9782
3.803377519305848,1.019773025753168,-1.5600716148171954,-0.4943270408877582,0.9653608747535346,-1.1748623765925497,620090.1414
-1.4715507903212162,-0.1547782802306408,-1.2724161831996141,1.4388078187349111,-0.7700939375533854,-0.6229486000221098,273118.2426
-1.4997696044256592,1.0874475722820025,-0.4776055692869347,0.44165573181670054,1.050587204867763,3.554464506272684,153088.6481
0.31067018006478825,-1.1548377612223695,0.9032944240571449,-0.5817126257432205,-0.5703466238223204,1.6246099052484368,466284.5385
0.12854061831868552,-1.5513779659588105,-0.3628462722403043,-0.1093478117797283,0.4478474080607635,-1.5839928839427742,347521.6518
-2.246353861671127,-0.9458472092522753,0.9717638099075325,0.13509662519820523,0.9964318181029861,1.3914509572812772,97658.68326
0.5382150683371489,0.2593919328083081,0.49693317921154573,0.8044336322597656,-0.22758129126165527,-0.1393366003351752,450177.8117
-1.8308910933506335,-1.1982570675775035,0.44145369005361024,-0.9262978552284004,-0.8705215310302051,-0.5814883452609435,107024.1718
-0.992948770930093,-2.3327433866924108,0.8546227718725019,-0.33008291418104857,0.24914598828337717,-0.203875317564838,310568.5287
-0.21069474996917967,0.49940688314096754,0.9443429212803098,-0.4639558078730387,-0.6206210144408651,-0.3123871324735275,231360.7667
0.8299458149895418,1.0763581301027372,1.650498692303499,0.3387698385089506,1.533967903392656,-0.6098205679318754,387343.3414
-0.5819958759239798,-0.3359118693026643,0.7887934280724858,-0.619528230323559,-1.5113775802699705,0.5112110699468622,381358.9809
-0.288365316102275,0.5591476946442695,0.16005041373608125,0.2499191436261841,2.4255685699276746,-0.4666597887383304,143398.796
1.4246840087182948,-0.8938115981439363,0.36026066697947035,0.5084694961468337,-0.3625748369294913,-0.8304283136510672,474627.2892
2.656545603993487,0.14001301394234028,0.15712558883646782,0.07301576626677443,-0.17838502019197536,1.709633635730912,461259.7733
0.0356932760387724,-0.7232226826169367,-0.34428003184787803,-0.9977861601093745,-0.5328207798221669,-0.21516521542740802,448211.1312
-0.9422038613410385,1.1333093523700506,0.09842215969662801,0.0418402946328403,0.006387070756597934,-0.08576844613747552,92938.70913
0.9624073649096498,-0.7725787867664637,1.3640810823950138,-0.4536931781408917,-1.2882112950936595,0.24156266979672503,424157.0636
0.8345668028694152,0.09122972883772228,0.11669334559352751,0.7047295387101399,0.6037122010478686,-0.11519396937477443,422702.956
-0.18703757941135934,1.6032590138901168,-0.5818023021370575,0.16210984530594078,0.8029822185678478,-0.27992327942337114,153917.287
2.1882706554888367,-0.06247805056407249,0.058790407962849005,-0.8856400938310691,0.1925187804673549,-0.3969401623578811,453381.6964
0.3894242798460198,-0.18572090701865043,0.06415093221843358,-1.3671591942630956,0.7225223676120037,-1.5296536754778882,468387.3522
4.4865415116687695,-2.090249310965902,-1.595084697169673,-0.343378355507692,0.9193967957668346,0.43790531722084475,562257.4662
-1.3648248992585095,0.8495662342190059,-2.1815257693983985,-1.6944272988194486,0.4246655132869734,-0.7270954743282767,93232.90803
-0.0266687083846488,1.326287173449146,-1.0285352168088515,-0.8339920024981445,-1.3163524557247481,0.5726481206097682,224747.4841
-2.615774874686213,-0.584605196205155,1.100215202180185,-0.16666306225506472,0.5498502066286448,0.9307821488987432,213545.5455
-0.34092075766911767,-0.5861357567817042,1.3501183272715545,0.08410135180752973,1.7718371460293316,-1.4117423408986385,257575.6003
1.1646869681825383,1.2301820198299986,-0.7509887284839554,1.598486521403166,-0.011816994735299078,0.2416959733780613,374394.5975
0.5487950561551531,-1.6858538522133217,0.0027636901001504505,-1.8005414470445877,0.31235873697805316,-0.4894680122394542,348708.1724
1.0613224036069269,-0.7436717194633544,0.43653472560690754,0.6706637538678827,1.521504821105258,3.1337238966436636,448917.0742
1.4931074858781899,-0.9803408500195265,-1.0357116651017992,-0.0081546751800479,1.4961148419030852,0.6394640946657774,365297.3814
-0.48912657228429873,1.9993383427363045,1.963257526994728,0.8741200015147418,-0.02470541166060684,-0.4893828060774535,152757.5791
-1.0473860782532818,0.3347911697354717,1.3575057653830427,1.4090720883961598,0.48479479834257455,0.13516537036287354,275840.3174
0.09214801299595478,-1.2045888075560234,0.6137904573395081,0.5939781178377725,-0.3605445466879225,0.12698099336500626,484933.0256
-0.14487371429211063,-2.227807770137432,-0.06802752847829883,-0.7747460396055967,1.2569219229507083,1.4568461166954274,370321.2777
0.35919038652085933,-0.02774533691445997,0.9109867261714953,-1.925888835960014,-1.542365548127034,0.4317072515612523,292786.7026
1.1098496602364993,-1.0233765111952937,0.622416246645854,-1.3278541560500354,1.83843763092544,-1.9202099494177223,228894.6688
2.4969130301424514,2.00698038229211,-1.601357926203396,0.4365211658296844,1.2813172395705448,-0.4043905731172335,353073.7393
0.7698965981712345,1.2751174830489407,-0.6205032503744625,-0.6721870103244798,-0.5457558239208864,-0.6862465405484024,267446.7827
-2.7379346534622164,1.2239522622491386,-1.671495793454477,-2.2100941120896733,-0.33347098855313595,-1.4579046688052069,370271.3157
-0.8077150159284832,-0.2085863824748781,-1.3373443482573102,-1.2790630976900077,-0.6446773144146585,1.0137274801986795,104158.8928
0.2665657758745513,-1.7882735246945933,-0.9353416502144549,0.45214337050268105,1.0161304227257544,0.1856346837705167,447877.4851
0.5237061987112562,1.0530917764948309,-0.15882292462255929,-0.6047468772089653,2.324262439467554,0.10175477467300419,129900.059
0.1548544719312457,0.20809217166909297,1.6963557579480861,0.28658414765262297,1.6126722341794684,1.8862169072672992,340568.4586
1.2323639527532226,-0.05457620578387796,-0.8074015483556795,-0.6032440424147248,1.0397731377079646,-1.4788136650618084,450120.2274
-1.1090548006375274,2.7228712794378875,1.7863860382104848,1.3781833845490543,-0.7880392813967293,-0.5688757004559116,114429.4825
-1.929796341482532,-0.18541398851145321,-3.2241237253314203,-0.1069843133120701,-0.19520771034554732,-0.41062961909574186,104513.2586
-0.48957188802037416,1.1522066322973807,0.45330251714166975,-0.5538011717504847,-0.6252493994638194,-0.035591682007305746,324845.1451
-1.7764579232247717,1.6484601468889373,-0.26012150788370525,0.9591049848323183,-0.13462008320320012,1.2743307166331062,117006.0878
0.49664048880932044,-2.2473360303312475,0.027392036904294516,0.6271855515512438,1.7055034955368464,0.0780221538923053,381307.9566
-0.9318798118527896,-0.3039173782468614,0.11177734886067206,-1.5243832784988982,1.1511690988172438,0.8632328577653527,115916.9002
0.10729666452598254,-0.2164212685552328,-0.44584326829973586,0.8627490748952692,0.739551584357564,1.9958687050709427,242997.8024
0.3022490846738588,0.9327673514387218,-1.83519585333375,1.4636517839204484,0.7602349815123606,3.430842013988293,395737.0034
1.6583106100773,-2.8242304337810045,-0.27502886405407156,-0.017803515823469382,-0.9958072336729051,0.3752119598276839,441519.1742
-1.1650404453761918,-1.5327880699564405,-0.8251160088849654,0.18844933579358197,-1.2726892513351908,0.12118846575313405,310836.675
1.7226733636880256,0.9986883758155797,0.1214974705394755,-1.288899259105945,0.002149785867002479,1.290029573558727,290953.5195
-2.1717986776492966,-0.5303727350678618,1.499142089081506,-0.1839325485388873,0.5268139507352133,-1.3098410462751657,210357.1794
0.6470604177045917,-0.40225162803066855,-1.048965732974413,-0.6057036392397559,-0.3343679733567482,0.0367786942281129,249026.8006
3.080795649502936,1.2285809309183149,-0.9030297165654387,0.14234142365923308,0.2352826558978583,-0.07031033486183143,529933.9121
0.3848769099730512,-0.5853651389369741,-0.6751357007915298,0.7183981311613055,1.835760382826923,0.9599462316581453,485007.0675
2.0988575113399675,0.011881754056146493,-0.6791574156385611,0.5008930642317712,0.1682727105025719,-0.2709617394863261,308251.633
3.0730927555288488,0.46790990907990526,0.9263508906068487,0.15457913633790307,-1.2595718482092584,1.2248588575414705,562999.5872
-0.8376884092821235,0.03455277988923476,0.1568896572737566,-0.31281428904848446,-0.7208724880196213,-1.0024435727784582,340631.8618
3.293182311313091,-0.8265071061241489,-0.05635313393176822,-0.3903172850310375,0.39869854713738256,-0.7534800155959583,523767.7046
-2.1984675009988317,0.8562761985438188,-0.9655641702518386,1.5882628923953233,0.832331806544283,-1.438655448217417,126907.9817
-3.435233984627534,0.8301605986940338,-2.3933513716997066,0.8353375835837535,-1.0034211886509778,-0.2742196588235858,146561.8749
1.4842084810370955,0.9898907698869643,0.5857765044459357,0.6195639662997363,-0.6579007248681044,-1.4090991697779833,343291.7696
-0.40343228247663304,0.34778267588555645,0.26060966641183214,-1.1238166092686148,-0.6217849603290901,0.11901347301503942,290997.8478
-0.20323480398828117,0.3663250356073156,-0.2994073725241441,-0.857349102968819,0.6251934954908817,-1.317337021666642,380932.1843
0.9601827124378727,1.8405063857683506,0.9377726299972332,-1.0775524832024916,-0.18141235574449285,-0.616237755413227,242757.0393
-0.10346143473103045,-0.7255149669092021,-0.5731650331340317,1.5241522564341201,-2.979940399153735,0.27566006356319,509827.0368
-0.626504551108559,-1.284155819196557,-2.047749143146982,-1.27786445858107,-2.007297531258778,0.5007993024109773,472529.7265
-3.46531551052709,-1.5064589541002973,1.1610514558365579,0.9838862650880363,-0.10217920276534198,-0.19527156883299035,274502.3597
-3.2148342578155766,-0.38831194792482626,1.423063382903195,-0.21900184970289022,2.3333670618907667,0.15112850524319713,132388.1021
0.45026953091227384,1.7520777377024295,-0.6528268625844741,2.6480576435949787,-1.8729968095088156,-0.7963219366653924,404306.4957
1.4626094153466707,-0.30041693724716834,-1.5388194468405967,1.6888148604667723,0.46371722127948045,0.7917488351291692,329247.9503
0.5450562920414462,0.11811657993412633,0.0051201051777846765,0.010076724969244924,1.1346951678765345,-2.2028513246234116,334222.911
0.6479302802408609,0.4906563327877311,1.3467903994607908,1.363601484913389,-0.4853583624954965,-1.1848356157971744,339524.9233
3.7929933338259234,1.213671265543698,-0.2758606502764561,-1.1042441433698296,0.4320600243025491,-0.7806711557424273,585368.7054
1.7804058992157548,0.7787224887576936,-1.0369326377693795,-0.034569893162303765,-0.5285226098915179,0.4968707410243872,502126.3337
0.2504145449831269,-1.8058392399926768,1.0107647131504294,-0.8070866526748667,-0.15212913652912022,0.23156078802070973,246889.3273
0.10778101862087477,0.12317485534701238,-0.9091022787046331,-1.0618068567180152,-0.14470896477974998,-0.18062393570680926,240660.9713
-0.19761761799481625,-1.458664568261887,0.34633065465656876,0.6850145472923271,0.5365816074571638,-0.7411771439416852,284932.3879
-0.21785572735848152,1.1300896423072835,1.8638094894885566,0.164138855464281,-0.87949833472813,0.6002335702063573,125238.514
0.7423400065455225,-1.2720847209349513,0.7541749291572489,-0.16131627369812296,-0.40064179800119837,-0.09872543639493717,214698.3418
0.5117197677850884,-0.4153641402382967,-0.047000330456860376,-0.8496349139567415,0.5100316999292126,-0.6647437695363827,382323.3238
3.0018455497233556,0.7872736109437578,0.2397887282839949,-0.9064494888402005,0.3462095027506786,-0.6021635743957935,553529.407
0.18722801865612912,0.7281164797341694,-0.7524914394381479,0.11679398442189481,1.2552206169550288,-0.6065098597749307,586566.5032
0.2535567908461663,0.19541917569394485,-0.367261111934776,0.32853082945761575,1.3031475747885422,-0.5802531307162798,538563.3249
-0.33039215273605893,0.9955900180561759,0.19952894880890337,-2.292487726277593,-0.7852601501197304,-0.2753220040389838,123248.2187
-0.7631066430800872,0.5143692287882786,0.10114104142974308,0.02522570653567623,-0.21479607872491752,0.525374086471903,146166.2415
-0.9818472539831562,0.5102647778942204,0.19445035354326293,0.39265304532688056,-0.8479614410590169,-1.3655125670948731,251505.5591
1.647843246309234,0.9980576389434235,-0.6693367734621248,1.2332007983449902,-0.5311948599081816,-1.2610304990614598,368115.7688
-0.5160662268875923,-0.43076829463249144,1.2760571907972342,1.7973901787643656,-0.32806634254299755,1.4535244220907817,240192.4531
0.01801785779158806,-1.775080248191686,-0.4891551911805809,0.05567493662052476,1.1193264580218543,0.121908538465539,342235.6781
-0.6797343239773476,0.42288903597121197,1.205402673406898,0.5060464627771738,1.5453638490305004,0.8506698222226858,310011.5463
1.3374050790564704,1.4294731897915798,-1.415594483095017,2.3988376621485035,-0.63364695372493,-1.3079743066387428,438073.2503
0.16542044313332133,-0.16386918437196546,-0.2915146841598273,0.9653952235743878,-0.7921576631626858,-0.451490081786383,250129.0723
-3.4701514860461287,-0.9292452635802511,-0.16336055543577702,-1.8252183791097756,-1.4806568253043533,0.005087371152924817,134947.6784
-3.4438416300632304,-0.3846639866189282,0.09875440973109355,0.24977758662379643,0.7548958425185912,1.6448788605001698,124403.889
1.533225795709663,-0.12011763077506431,-1.5070150512935527,1.1385093807526043,-0.5423834746813101,-0.04744692569704367,440072.279
1.2092739747448713,1.0140344635389986,0.844840886985977,-0.8007821253193771,-0.3222005491472812,-0.18052047989497988,258582.6683
-0.402698305211575,-1.3980325786505083,-0.2417717753139923,0.7432163430356498,-0.5478786087617017,-0.17134351774509274,252517.6259
0.14356347665501423,0.5384578539689316,-0.0988036009522391,-1.522093856335792,-0.9087187437155821,-1.1176040035669024,258512.2302
0.1837418223881423,-0.7802489378319587,-0.5824878003280414,1.9891773446302283,2.465759744737899,-1.7528311460257797,498653.2234
1.4991526417057748,1.2539922158524028,1.659212992083874,-1.1516870870135263,0.4691750308978221,0.6384935117204663,329619.015
-0.5546696235824289,-1.34942336837823,-0.5690697768767895,-0.4980299556737912,0.23001028911901525,0.7755907091533871,279867.7461
0.1947391479903255,-0.6126268189236589,-1.5984206370664527,0.05278878030225531,1.483055667671155,-1.0421296488184473,323164.5796
0.8740708855916564,-1.167605497931117,0.4751786674006781,-0.11665650289109096,-0.2943111388299593,-0.8741664746055885,403830.6891
-0.6285835402419737,0.5461700413620612,-0.3675549161620206,1.0738245274828748,1.1160427944023126,-1.01631229758809,215155.1638
0.20605261469388064,-1.7517505301774272,0.7129041420298877,0.7567329376815326,1.554416239769237,-0.1403236305465954,261183.9614
-0.9576666056039856,-0.20266253108769897,0.38118563619546764,-0.43023710420646677,1.3695125881658723,-0.5176431980962806,227842.6556
-0.7239431695870681,1.4420964398438019,-0.17906143614457912,0.15550828586555984,1.3303196417723855,-1.133747752752382,197999.7267
-0.5022539989633106,1.13479877880126,-0.7455329213210807,-0.594797276118807,0.9940629482469551,-0.47569776455179336,176935.0647
-1.3674484566197316,0.811054458131459,1.3660527568276963,0.2453934662534227,0.5060099080582517,0.3180844643575057,108440.3348
-0.31364426726819883,0.547069115250662,-0.11095964023998703,1.7428053639138312,-1.179898278672604,-0.9172305187097731,299913.9487
0.8835877551324935,0.26211490547038213,-0.8242497711959886,0.11529234144132991,-0.625585853437375,-0.9981213975609475,249306.0817
-1.3619942249153831,1.1025956291929506,0.9009651787279022,0.5136461074995171,-0.18690290362876655,0.04511918033338328,250513.3016
2.6132690407622876,-2.661121407660888,-1.9874692376510048,1.1459683103847755,0.6565034998122429,-0.36199519093378385,762115.1725
-1.1197850017397832,0.38585388057481873,1.015704722579129,-0.4710993212845694,0.2734849838590488,0.46105092007008036,329381.0779
0.6921449505677404,0.28009549196692135,0.49578782033451707,-1.7906772918571052,-0.9619834968512294,-0.2850140517342103,200388.3774
-1.242685713487502,-2.834387293313065,1.142511037649361,-0.10184964560515747,0.1304421083421535,0.10038796894819504,409778.0401
1.256263082806696,0.31315446753771914,2.2900585301253487,0.6509803799610347,1.403810016371053,-1.307992962708741,413974.069
-0.9326594820378235,1.806802648786739,-1.5298107531356617,-2.1563122247505593,0.5124965027685651,-0.13392091749650584,103526.004
1.0403300194701715,1.2440345399646768,-1.4947963374541107,0.933111271479805,1.1876959635985511,-0.8168019079109401,257858.5181
-0.8936858980531618,0.6965185813717358,1.0782562238968358,-0.15309510353707284,-0.4424536499431889,0.5211831985759157,232581.0797
-0.13191844513672962,0.41610474973284267,-0.18169319923638427,0.29193361472625307,-1.8744457291355574,-0.8482830122992264,190445.474
-1.8450698236958225,-1.9927189922066049,0.1382798406361264,-1.0369443830358365,-1.1529844601897081,-0.3929876493726639,319907.6503
0.6698505198685631,-0.8818672724568455,-0.11466181570435018,-1.1248722629242933,1.1306960921751097,-0.17329424158153528,265244.4909
-1.3769359304402726,-0.17390179618885301,-0.8772427006996818,-1.2247546318189813,-0.06543420926967784,-0.16598608243466392,186239.1336
0.9339992547213679,-1.2654201990682252,1.1354019737383727,0.7103709838322585,0.6039176039884335,-1.0539338914135787,401616.0384
3.4697063885128903,0.07401635562427247,0.41027673585152236,-0.7469769218315673,0.39670638550647624,2.998079200576153,550806.2523
2.057445977917125,-1.3437840871467746,0.47874044649906655,1.4328321784294034,1.1388968276567413,-0.5156725276943389,575483.7131
0.1318580477113596,-1.408246323534341,0.18833322846909112,-1.1277041830727992,0.7545646162044587,-0.9092355715074029,190496.3225
0.8754556557429564,-0.8214062548201242,1.7588114513536282,0.9134226821089664,1.2710281921241255,-1.3621955891323292,325511.0531
0.9225245707951868,-0.1525457800017432,-1.167209618284839,0.4350928158226758,-0.1370916082778268,-0.36937485266793163,538782.9954
-1.3680794554599647,0.8214881876758278,-0.665323082622367,0.6710860085517264,-0.6569005670828093,1.9564143804113394,249095.1846
-0.21641466305294313,1.5152266759566673,-0.07928378710631925,-1.1291148310728325,0.14682833448793964,-0.36785244728315253,172778.1646
0.10593618200866663,-0.3620201723352404,1.0195743825739532,0.06426053541176409,-1.2734319055720382,-0.31918570986709516,340874.8921
-0.24779075627468974,-1.347892195493474,0.5715000768381622,-0.7823116490680196,-0.43518807603437204,-1.3011360292076182,273342.7544
-1.9145570553061948,-0.8952110635151628,-1.975969361456297,0.2507986923389955,1.6961511836048897,-1.22206063211994,204548.7601
0.8122449983734017,1.2649863179555614,-0.5231020146112975,-1.2984549414219437,0.04906552515066952,-0.6905557057446798,384459.5762
-0.004395064986085205,1.5393993090777638,-0.23345850735718665,-0.5556344416251406,-0.43906327538840656,1.4093145380669925,330214.4503
0.9356437988505901,-1.174274173334854,0.12024270942612633,0.16130070811259387,1.8384177237976922,-1.1625824139133891,516493.2791
3.2665329226405886,0.7152606352790795,1.0450459043611224,-1.414797039183969,-0.10329861154130289,0.7513983652540868,431148.7435
2.6152202975904517,-1.5075489312429304,-0.7360669771780134,-0.4800183131445559,1.5390391764438367,-1.9580850343836342,430033.2976
1.2977015310856617,-0.7526222586905812,-0.17695694675010334,-0.044046135295626794,-0.5131528589517821,-0.17045764618808446,757606.1064
-2.146483466705527,-0.5129285459939342,-0.7436141740408245,-0.16168384522044366,-0.6340296802719624,0.11438884326359121,239682.4448
-1.2518341922149836,-0.15852004041155893,0.9532102475547914,0.24712611419151348,-0.03612039634671007,-1.1534346456608016,136788.5121
-0.5146068185751741,-0.22338025316150306,0.5089137632924319,-0.05613241421462566,-0.7235612973721938,-0.9346476154297598,98929.34482
-2.5410851992,-1.875260218769702,1.0802676882422155,1.3169917551584025,0.5300386607142233,-0.015556969812944991,182808.4471
-3.7278215494621585,-0.9794734549827945,0.24696796920274477,-0.6450337095303538,-0.3672128146331841,-0.8437447625301977,127334.7909
1.7314198250112325,0.8319967333530779,-0.568417023608379,-0.3399642914626598,-0.5686078038334724,-1.1289362140954742,353948.1172
1.0035174331583192,-0.10141560932329671,-0.5294036860037153,0.07377018408183418,0.1917494531117127,-1.3863980288599023,247148.1142
-0.7732161242156788,1.7852625598833023,-0.14314597315787106,-1.9955465256252671,0.5639611804034982,-0.6680157576728333,106924.3224
1.8394975019217135,-1.3348329268198187,-0.8611563617646079,-0.7767856966203612,-1.030470905518559,-0.5898513393339261,416945.0408
2.444642374854805,-0.13665622805625077,-0.27211559770385435,-0.38725008836703007,-0.03775772643494032,-0.4171974855795577,283082.2691
-0.6861263214434684,-1.8130798116826734,-0.2714465270189164,0.22994445642422573,1.0360763106365838,-1.1926441919138016,358917.8559
1.253807537229691,-0.6892896335380676,-0.09038396736386466,-1.1680857595479426,0.488591403345469,-0.5892615642611995,405354.2239
0.7014729190737614,0.43314414972604875,1.0221796014501092,-1.5011876471375858,-2.0883017077867185,1.227086843395883,286151.1759
-0.773629901475239,-0.8587689099779118,-2.3385787346446665,-0.5909157612019258,-0.25167470067434294,0.439495891332578,131566.7884
2.357499051746727,0.9005921633494997,0.07368256089386434,-0.1449402796490319,0.31842176696225877,-0.5057987106209152,517182.0461
1.8903036916757618,1.1916747991951062,1.2292918439643512,-1.3212435833192053,0.5856819666518382,-0.2535657581134355,480393.3519
-0.29626378338090525,-1.0637826065360807,-0.7958922660619822,-0.5565942833836985,-1.4182803363778071,0.7858344078188033,513018.4992
0.7497647579502751,-1.2934823596782372,-1.037123737925167,0.8597564858701866,-0.8707699055815528,-0.42002367401650564,515607.6582
-1.7003586023642405,0.18271129990555857,-0.5176583706886747,0.6870589473559409,-1.1052393390767634,0.795722809691898,176927.042
2.3602470896684324,1.4109202890405679,-0.21653207057559992,-0.5531640854725154,0.4104278389620259,-0.4936357599365361,358663.64
1.0935612028419956,1.050966560045629,-2.310980841432294,0.467265162868462,0.589919751812397,-0.43493869292193615,706219.0713
2.7251422056917836,-1.1855976629302962,0.7101417295852596,0.2930576022024165,0.705397608406826,1.0357011440039616,792894.9964
-0.23392679890618812,-1.0087295557231066,0.026624287125639808,-0.4759765927393503,-0.02202376552371941,-0.18309863530989587,268209.7012
-1.4197858877348517,-0.1444738437011785,1.2294758560877115,0.8390411321764747,-1.2268147098448956,-0.21874690899559782,218544.7836
-2.14581391111934,2.325121939984611,1.4579642218240187,-0.48852577733276376,0.25948050704830744,0.10138170803610107,168317.69
0.9390277830020906,0.7406132702871462,0.6166171033372938,-0.7610787659226843,-1.8684159103522455,1.0392613026876873,267861.9687
1.853931180585218,0.6828002578168448,-1.0683426202246487,-0.008453067127043617,-0.9919570682962964,-0.14180330935099206,507060.376
-0.06224644271143758,0.25049063552896134,0.25181535186984794,0.38616843755115593,-1.1149026947910499,-0.4886141914743794,228252.0107
-0.02879445972091888,-0.38055788940616875,1.017763052904637,-0.5914258479182111,-1.5579703850909716,-1.424535160017005,417763.8683
0.9164687373201998,0.7788607418547131,0.0913405259669939,0.28321808835184165,0.39046834406637476,0.9057129369407938,383041.2467
-1.0474479390597353,0.9228891731886437,0.4833787315737354,-0.11466008437740437,0.4319871573888775,0.16565935880882776,112542.6906
0.41750929321379004,-0.6036853027061638,-1.5088799271010374,-0.014269922788998865,-0.6722526847889491,0.7274937444549042,568980.2354
-0.13593811119986002,0.11496755809087612,0.06989849099244289,-0.6953074911728498,0.11836667112997724,-0.7643549495840549,389326.1707
-1.0884660040868632,-0.42168665821866663,0.06400369722774857,-0.13857133104381847,-1.82757901419022,-0.3745182975718782,264831.5196
-0.17714545871883705,2.710683407424084,-0.531901495439786,1.6907991151516273,-1.4472616858322065,0.818405459640005,270249.3015
-0.841596697736014,0.3338406803447867,1.253806209445322,0.18422518330324433,0.03285945589485775,-1.5827977059974372,136396.0182
2.0431796224964245,-0.5017396945817707,0.8499469756024508,-0.8499056186121386,-0.7157936708994641,0.9073488591863584,503860.9955
1.5177614329168259,0.45745821859436453,0.44687768881792916,-1.3632475746419703,-1.4270201015250765,-0.8500269258191392,518778.2562
-3.128138178074545,-2.2039210620816094,-0.7350628977255381,-1.0235120376316293,-0.21133558338851,1.3511671920597093,120926.3367
-3.0296395941853014,0.6924954065007379,-0.4898254095337979,0.3977318057454556,1.289514654149917,-0.853177025798151,181831.7142
-1.6988820769676172,-0.7609115469284001,1.0730761728596472,-1.154453019499832,1.1018378319316333,-1.224718542611544,93305.58428
0.8162576928894725,-1.0902287403215059,0.12656887473212333,1.6161697572483624,-0.7065209625492536,0.3633908268291602,343331.3822
-0.5703013214405732,2.3019354686722147,-0.11788180498504097,0.7839915692425686,1.8171474104884826,2.251702310163717,146723.0108
-0.9374179971898117,0.8913280238264445,-0.025527853075591106,0.17904406788511368,1.7573038726535253,-1.3692051798991047,330790.1596
-1.6187553942397703,-0.012536495567786191,0.24662996496288575,-0.021329909981012623,-0.09159248430032702,-0.19564788872865832,156967.4791
1.6097047774506221,1.6258478769870048,1.2741221869143833,2.411450727857985,1.275179328555377,-0.6728932977476201,498276.9679
2.837570901887115,-0.008057471505985146,-0.01825686271688433,-0.17219682030571798,0.8959193668002979,-0.7869093361650089,542380.0601
1.6922885720975762,1.2395209071194777,-1.4142356831900076,-0.5449825527506971,2.102468618923178,-0.012545991296438373,378672.5579
-0.5618355637150196,-0.8489033975462759,1.0552833399520205,0.23305088362129545,-1.3062935526167208,-0.19545663628801893,103964.3977
-1.0854429282687326,-0.40746243512939384,-1.0354208919770085,-0.6312356124417192,2.1497908018964758,2.4595228536856357,161625.0268
0.07758648031475225,0.32624737289008077,-0.7309993879905388,-0.4634739440973274,-0.20592992871802082,0.4869675502349376,334002.7703
0.4803052814922758,0.9080170392337832,-0.3561157035922582,-0.5879747406597893,-0.2519840762503928,0.21040096143710155,305688.4008
0.9730429548047811,-0.2394947779521173,2.209879899025888,1.5833566489411075,-0.26048251046273846,-1.520135924605194,387905.4289
-0.1593094556563693,-0.41545340347042264,-0.1582616436743947,-0.044553807725612,0.4475462797190465,1.6136402092902453,167472.0815
0.06141975670886972,0.01894664918300542,1.8180786542885732,0.15947951630979254,-1.3204573461118652,-0.13779395020773558,298909.3055
2.1796279037546076,0.5207919641904485,0.7109430723620771,-0.2971166497368161,-0.04435980256996559,-0.5347019410186467,321947.5436
4.815589759234426,0.9177546153068457,0.5175160517302607,-0.021134750831783913,2.1851775469914183,1.4244583066064072,542981.5677
1.5504047818003655,0.2913045507159804,-1.0829228267537436,-1.3675903863306444,0.8432421357596068,-1.4924541701182281,535154.4711
0.334713568019088,-0.15405125543613912,-1.1804350900002405,-0.5858100401297036,0.8039081171639009,0.426402329557237,546651.7415
-1.6965995423956777,-0.20327492134889727,2.1874054064328567,0.897304035798295,-1.194382046952321,0.059121169261195844,222960.7761
1.9712458578351602,-2.248622940060437,1.3179621022973587,-0.550814909914478,-0.388050103458383,-1.2224992809265913,357079.6137
-0.9154433744810194,0.12917183973235297,-1.179440967920099,0.29866918139786913,-0.6375105908913639,-0.14963454373524532,365333.5173
0.37433216536189884,0.4610313858366432,-0.21163376076388382,0.69684248721522,-1.1479464493880096,0.6453279093277411,347310.3844
2.407073637349302,1.80271961243836,1.6074799438933607,-0.8430064647470309,-1.377396882242668,1.5955535353832468,327888.4721
3.87371558012278,1.1911537799731884,-1.9193609917724366,1.900088780864477,1.5230219867350332,-1.1761388631203666,883958.615
-1.48095073655355,1.2175314371254244,-0.611370268182243,1.741856261430856,-0.8957420789120796,-0.002829499867357718,191506.719
0.4984305820899752,-1.3751971720732532,0.525492590018283,-0.17376939533224686,-0.3992300040963929,-0.024559034869189308,325744.8575
0.3251396400164068,0.7331574348595493,-1.4730360120000212,0.03267009198611828,0.32867639126518294,0.4244114622039305,419930.8983
1.1073900959239509,-2.6425488934267056,-0.04838506676430351,-0.18488800686528276,-1.4238979315438987,0.9589803631124033,269009.2878
-0.7682275546530579,-2.3854568809181234,-1.267193821309054,1.3481628139909556,-0.12310633504204589,0.2338618029083434,419274.0225
-2.7398940591544925,0.5421158762152264,-1.510105814281793,-1.0969398275987825,1.0329401105821572,1.5488602775288947,106297.8135
-0.8323514038937143,-0.51638791702721,0.1900249057886786,1.0665230334047167,-2.029832490282234,-0.9054454180723379,273234.9181
-0.42926096497712357,-0.7612873444576669,-0.4279619677932615,0.02589744196728491,-0.06859666285874724,0.10370211936511958,212650.92
-1.107049024851328,-0.8395251472169326,-0.2203244755989017,-0.042392229042293804,-1.6557715485603681,0.27555857957289565,265790.3215
-0.5472510930959583,-2.2521429552117014,-0.7610920418770306,1.7097075283310605,1.212025727646397,-0.07652783208191964,518750.5255
-0.6482580471818256,1.9114490384845695,-1.8367151707527791,-1.101220045875018,0.7486565096779069,0.6086666877067396,384430.795
1.7251977284953186,0.5830206843422814,-0.0332993268821668,0.774000438777668,0.9525420351980941,-0.03608694439651393,492276.2695
1.5905554345556547,-0.9928677250641907,-0.5072817125099646,0.9640675638981843,-1.331356669895548,-0.5609000535279974,539096.1489
-1.3781458833994857,0.6237812271784934,-1.7406686758734975,0.9297493942223297,0.7174476143600598,-1.5813298831153797,246079.8052
-0.09424695930092543,1.2909346885951205,-1.3401985782368817,-0.20641860230587958,-0.017292498423671986,0.43315344860863675,301378.5948
0.2438346716358515,0.37367307448274184,2.023845673941067,-0.02157267760121152,-0.2377856135024131,0.7472353472492419,301380.6057
2.0863819961080297,-0.8318401877020419,-0.1879949649807039,0.33685810322579973,0.5796328775305702,0.3003500045169745,508327.047
0.5581795839481023,-0.9106629935682558,-0.9573052963500667,-0.4938337657670658,1.7283306358825596,-0.9138121475208827,295526.5491
0.1336649500452888,-1.1512354488800347,0.8298980147906677,-0.28419212715727615,0.7418136026578831,-0.26448304020259866,371386.4164
0.7294694756644237,-0.2925740528464314,1.1330010761995248,1.3043892242123658,1.212980525354018,1.8788971314407164,262908.9842
-0.12259587196915543,1.0355634417408484,-2.0905053861120577,-0.5712872831519431,0.4749604015986287,1.6177103598168867,187483.5506
0.4573569080345356,0.024264085498242844,1.031729261232185,0.4080225889888369,-0.0693299860620315,3.4299014678389885,286754.0923
-1.4019214630653638,-1.1803668001976257,-0.8492842445121018,-0.5323572024513512,-1.20849057174247,-0.7820989514530226,111636.4294
-0.18886370343866873,1.3435220973657807,0.4652325348563838,-1.555578565065439,-0.4427457237831882,0.9057260197726071,191821.5281
-0.9230256325312457,0.7550251077373337,-0.45574057415793906,-0.7825894810647029,-0.2509600616859518,-0.2153380748108686,196597.1681
-1.9056721739438731,0.6534651946983027,-1.386621304829687,-0.08558722582597764,2.535393560051844,4.736281398724433,320930.4065
2.162084111550199,1.0550325702984458,0.8453604609689458,0.7724216907200746,1.297990947426117,2.282932205212601,481706.3547
1.5255667582717787,0.442835612532844,2.36413570059433,1.011293986538491,0.29804464145715576,0.14501154541237887,560996.5578
1.1453647926985135,-0.6858136460041236,1.0522801342697157,-1.1003942438750092,0.886653757429939,-0.7196570295295843,381219.9857
0.6111870187657732,2.2223769400796236,0.18446711237985564,1.7964137467863122,-1.0124686309180053,0.9782929261030126,233257.5243
0.384199989033369,1.8466392341160773,0.2743177771392288,1.5410004766473147,0.288280626335178,-0.8217989381044046,499059.3625
0.10542948088542532,-0.7410621870662815,0.897089684220499,2.652439845219374,1.686620292356568,-1.1267078354377609,356287.0826
-0.34369116325769566,0.2189181312842632,0.5621015597693995,0.8399968241715791,-0.6247404663472397,-0.9577233154782081,228448.203
-1.0794756439570627,-0.07114344968002027,0.8110272237988014,1.8066069924930837,1.2689870926776508,-0.18937091915794696,254961.9937
2.9724946210417955,-2.331928136230382,-1.3021562922930898,-0.24215213640859423,0.5502480812871594,-0.7476978606590082,583770.1028
0.977838355342541,0.21702313151904865,-0.7588472470969866,-0.6198506216109504,0.10310868440133643,2.872760429204887,572351.0022
0.6396953921664997,-1.7519515368693641,0.33743915518396755,0.31117583122965287,-0.06059422588724597,-1.1327711922564638,189805.7933
0.011592114470008356,-0.5557542007156193,-0.27276251555845893,0.31993044992439545,0.3373744655005391,-0.5519988805781729,243453.1123
0.8788892151316344,-2.369232713325515,-1.1907210947090365,0.39182441083594227,0.5813784930861488,-2.3075132828306124,574331.2741
2.1033059629865622,-1.7255765227420738,0.738679339663593,0.005684622355029348,-0.6606715910478937,-0.08202145606639856,327234.4101
-0.429531526351733,-0.25630613183944484,0.08294795958432336,-1.4489063950343222,-1.571517198844549,0.12985646513763935,179351.7761
-3.4447579726573965,0.676547618287283,-0.3328318191304979,1.9886785564035159,-1.1499388683144,0.5324010444695148,136659.4539
-0.6192780924839417,-1.0205990240394884,-1.951959213472016,0.10224136518659602,0.30778583651366087,-0.055203426333405324,622140.9135
2.43854529978007,1.183251276831434,-0.16924047554703592,-0.2818338967828074,-0.6942559316990339,-0.5716625635027995,519792.0075
-1.3722966936035923,1.7232422749042509,0.5337552915356844,0.8103010283928546,0.7006504928267853,0.3052040904250431,192613.5071
1.3399916545924786,0.5339747270105819,-0.9189329270926329,1.3290936822245496,0.12625502837562935,-1.347938092767505,503886.0701
-0.16544933827476785,-0.18201115243100452,-0.2989940048540956,-0.24785186939848236,1.033970046573339,-0.4038166866266352,379823.6921
-0.9955736610853765,0.17453230196616232,1.8674829208101429,0.8732251508605356,0.9922320033802495,-0.21417844692194515,204157.2991
-1.1191999471258587,-1.5260321577238465,-0.3972838671336883,0.6938810661917806,0.10685686270907226,-0.2632120965939834,191119.5959
-2.097185714332411,2.7361014819133205,-1.1400071457399312,0.894151441298318,0.6047556516575748,-0.49071287321813567,118272.4447
-2.257950907329348,-0.5046111530754743,0.890324067337915,0.5798140948071768,-0.9532912201075909,-0.6185720029722428,266981.4133
0.3602956221033219,-0.374788069762821,-1.0316415680569484,0.4579027770676959,-0.0592895616261971,0.8234572220576546,498000.8251
2.1497032549140767,0.7792262766815328,0.1930676571602002,-1.2719819327141137,-0.8464069636312753,-0.7515480845755621,474375.6673
0.9728523408077796,0.5408030631695908,-0.6893540354468415,-0.21368758748581143,-1.4798571778759042,0.41140111936324225,273656.1229
3.6926514856826467,1.2120645834591361,-0.22801881503756985,-0.40780923568030525,-0.6308263556151574,0.2827040051277093,470067.4985
0.042527910107005844,2.0494467421424996,-0.17000549283017122,-1.1239641542658376,-1.1938821082321645,-0.5983798122194425,102367.7436
0.7278610489974201,-0.6698039636533422,-1.6141646267010894,-1.0500477052464945,0.9470912873355574,-0.7483169602914116,499211.8898
3.2614435884639166,-0.889008788358213,-1.0346708157041289,0.38978653761761706,0.26158784469819035,-0.871704495031289,356002.4758
-0.7981469745665954,1.0027995700081145,-0.13788065280751718,1.409362342567969,-0.45373571520763073,0.5986714353568262,522910.3839
0.1703650318193271,1.8601700847023281,-0.5504842678415867,-0.7098044383445378,0.9557656004345063,1.8050499562575921,162292.7792
-1.1943701667409763,-2.5745523275543465,1.3258703317881553,0.47948574903087626,0.8081078373678443,0.21971069315456418,284968.1098
1.5698849516934141,1.6921451806533885,0.05129465536288162,0.08295565340006901,-0.028525486299378476,-0.8906636994875363,274730.4351
0.18364473208558774,1.5860388465728572,-0.6305461479251134,-1.4764599860294412,-0.9101080406503383,1.3901270458202792,219396.4462
-0.7190380925718273,0.7149297234605513,-0.3522594043910474,0.5758773240146914,2.0540489691498074,-1.7757137015151867,260091.1449
1.6298586781352402,0.3971433436380759,0.8219220696670521,0.859603915924561,0.6830974675279203,-0.5775443347289829,346110.3843
-1.677917263068794,2.2003836761448023,-0.9932216984425971,-2.6274089357775905,-0.015879367155842216,-1.1278758950399508,139974.2133
-0.23606706842108763,-1.2333518937529837,0.6777937588816471,-0.08532016883440399,-0.792100448267565,0.10246499238439813,185140.7666
-0.530217817665016,-0.03302937414610756,0.8022312541804837,0.32642020865139443,-1.294947506136653,-0.625484215524429,350600.5119
0.843320567187995,-0.25099702504921534,-0.9512975530290989,-0.1462565324588515,-0.3658535694678623,-0.2353329647120214,289564.8079
0.10310693352833362,-0.38190553186703136,-0.0831442485049156,-0.03776629069055076,-0.9366938769670522,-0.3198027111868964,251560.2403
1.1793815123939044,1.7654807944268764,-2.202667837978574,0.2867636948285521,2.683680767820562,0.782940158581418,357035.4249
3.4057051770899993,-0.8524882891323221,-0.2395433238725097,1.6567147388358334,1.069511188325405,-0.9847302715356898,478614.6645
-2.1254441230289105,-1.0527606055568048,2.5861117549540533,0.43084917082274754,-0.85929551442055,-0.8941887114913111,218691.7563
-0.5505372101860433,-0.9297701378200327,-1.2818051361627032,1.3141676591680445,1.188019432854517,-1.7458121745485666,267725.9216
-0.8809563083660208,-0.48018311290748394,-1.9396015489282332,3.5698166280397396,-1.2455749480856202,-1.0900949054970528,406482.6391
0.7278062659194574,-0.929357404213982,-1.0622244053382501,0.8125421735849985,0.39006644489408626,-1.1599008683304504,257001.1014
-0.7995180867492349,-0.13947931463152569,0.5234367311719805,0.8290934693889509,0.6278012605691081,0.02684740624304361,255783.5227
2.164575780365745,0.42423050817985386,-0.43927583398033504,0.09923720683284896,0.12163321686046699,0.11945014722121215,377279.207
1.05175034170402,1.8145541241967842,0.46981640357146365,-0.32170073491604434,3.3798262376557617,0.1598369493715981,217365.301
-0.07236707289224903,1.7399740501159942,-0.9206409847143909,-1.615009770036478,0.45916002383866755,0.21222437039503766,173949.9365
1.152470951989136,0.5735733567763327,0.007021806614814737,-0.01518517893263414,0.334793226117794,0.7267455111651792,450940.4019
-0.5436777136718524,-0.03652669299179666,0.6484900752411599,-0.5579571428438467,-0.538331611036129,-1.380809631636754,178030.8073
3.2310958911545415,-0.5984490199938072,0.6477674120566898,-0.025224119767965198,0.7266608383676721,-1.1389415446997115,746628.1996
2.0194537795803926,-0.446264016102505,-0.41587248938639726,-0.07017533066601904,-2.3064093056634003,-0.9703932583753927,566129.1395
1.1138601143714788,0.2769525855272372,0.8850018367174571,1.622431411593631,-0.7743078707185704,-1.1654921283244148,443389.278
-0.7105331637701404,-0.47326073286352627,0.757942584778072,-0.1440871988235251,-0.47079320161637633,-0.23051166226025682,228166.625
-1.4272993240793552,-0.9500433292954616,0.38609795273015884,0.7415469043504264,-0.3264027385272084,-0.15926730426265676,148678.0634
-2.8701768002213868,-1.600865423052222,-0.6154723580203089,-0.8516882265420952,-0.00358699192552864,0.44944569894038555,182149.6268
2.2267260889241993,0.6775024458449425,-0.8357605954158441,-1.2577242022472557,0.33020866989117176,0.11176043110378207,257960.063
-2.316191237473811,-0.9425272121957594,0.041513628039511634,0.7174601659642542,1.3753645254008753,1.0707329706778985,168283.7713
1.1410580712991656,0.44439416899552586,0.6079380867710943,-0.11329390903528594,-0.0339190626288426,-0.5397309286383194,322453.786
4.022993863986299,1.1104555291778915,-0.253201917109734,0.22722872860019475,0.37992298882782644,-1.0185083061318472,384186.1217
-1.7305072815002882,0.8666957758062644,0.8831968164328208,-0.1789616580975185,-1.147416580607631,-0.16570867217389876,126288.3214
0.2510018316156895,-0.12431500353025443,-1.092896232022394,-0.3377719370883149,0.9689733473949605,-0.40597660780693795,400168.3896
1.8217488880586181,-0.6210195270997357,0.017348805163481446,0.7887508483292629,1.0718989503322514,-1.2231395559459821,313587.7653
1.0244147036416642,1.236077460474694,-0.3617296745271795,-0.7596541700746064,0.01852707145142677,-1.4238317941439853,363913.0036
-1.060414774255651,-0.016385470133772548,-0.18625500736057662,0.2293699462487405,-1.1276003084469433,0.9231966501581351,371438.5382
0.723721680373494,-1.9332294079183923,-0.17373358193793934,-1.2748568157721523,1.3133366100401445,1.5625931704135356,361201.223
-1.6102355540790603,0.9802545803633297,0.44432656908488183,0.41845171697614725,0.7089583501097343,-0.5853791572879867,169656.4261
0.6034014891252155,0.5738130162662424,0.4529316155266735,-1.386088636623346,-1.1501037445572375,0.16999679642003776,159265.5551
-2.789111461256217,-0.44644167079966396,-1.1097650271303723,0.6070567053385726,-0.5362334326203606,1.219233837353574,122939.5759
0.4886608450066224,-1.172801671798885,1.714197091284124,0.6169751190170042,0.7283553498301055,-1.0107081960695863,518253.3659
0.650914273802025,0.5850258764997548,-1.0432207705629255,1.0937179651472526,0.31900465229555625,2.667842339232931,272607.5873
-1.0152403167893842,-0.05336773374125752,0.703178845999751,0.33033320932024274,1.5056454921169626,-0.007633273578694064,159738.251
0.9199777846027846,-1.5086582553721828,0.9015641837207072,-0.24861285790736495,-0.5930879232623993,0.8369355285778816,197259.9378
-1.058703817345935,-1.0098960745174772,-0.05976804164031638,1.0099058808876962,1.1905375201022228,-0.730084381089916,234473.6827
1.1441603314675648,0.8572955254201525,-0.7652910607531035,0.32817334128074377,-0.6042526348663858,0.13308600989929617,491275.8051
-1.751825136832025,-0.7400618115551219,-1.0424720780902463,-0.14317991402580077,0.7177104251287054,0.14463120103407587,241167.3799
0.17538961417302254,1.9323113338954778,1.2658659046419374,-0.8416055067628724,0.8797476173350866,1.3979682982192883,213808.0303
-0.35468515432819325,-0.47620410149521475,-1.3713281152315044,-0.4784160154313945,-0.49416317634808216,-0.29997937486335713,380442.7325
-0.5482155589329117,0.2864426604737817,-0.9505935735701799,-1.2838070316697858,-1.0363585392451022,0.2832893735546137,288566.7654
-4.38545545540336,2.4587841047551593,-0.9672573360109656,0.26451664925557794,-0.9270859929832719,0.07708844556150725,256411.2358
-1.1469194686327557,1.6978527771670946,-0.4125442048611567,-0.3540315978859405,-1.6441348990116769,0.9148422539358958,197207.6826
0.8057072398451841,0.6324824259606887,1.2428076389536022,-0.7949052179783057,-0.9516854794989389,0.28271647533763095,196579.568
0.5025939168962918,-0.30155897227303446,0.15236434978500982,1.3411396399205677,-0.6398848033589939,0.04899072403908961,488512.0736
-0.6356012733877858,1.5607438648286986,-0.3930069765757742,1.3358531773964302,0.022120576056855176,-1.399731032254734,347978.7027
-0.31834025057092796,1.067965918749452,1.0100616695844962,-1.8402502700904944,-0.6932108804829812,-0.244731534090496,135379.6073
1.9580295389390765,1.3675356859818246,1.6964478459862582,-1.3788184781409547,-0.767821347555443,-1.1242527147957284,426579.6287
-0.17090690838700395,0.8298276823008607,-0.08306217073942797,-0.11888358061993806,0.08840055773899469,0.1709784150899225,200664.6325
0.6170530686148471,-0.8854066181839719,-0.3102035130300767,0.4863384208309531,0.6916725282670216,-0.660200106224646,342150.0252
0.5368187340752508,1.2682903262605352,-0.33264710573547235,-1.3586718160838545,0.6971139474501112,-0.42815762059209883,354867.3422
1.0531854737139983,0.5782865353668073,-0.9774014511066006,-0.5986626301445495,1.1731136898605945,-0.8631590043801193,397345.969
-0.33342366595787715,-0.16467807538006846,0.3003418895057784,-0.6660054843564219,-1.2326542673050784,2.236676094785057,222967.9606
0.27989333525834303,1.4621666714493713,1.2594355408506788,0.06376737655123908,-0.31940030248246315,1.5431493084400438,327067.025
2.8225283661299954,-0.6823713460595486,0.024933256421808266,1.0243346759395753,0.996316588928128,3.2173749073908993,460665.7046
-3.4052162998889863,-0.8311522009641403,0.5893985012901959,-0.26197435285800386,-0.04496553341483095,0.8836195330804937,248945.8748
0.12979769346580713,-1.185935808732212,1.4540675376577052,-0.2384255823004221,0.9097215994745803,-0.29544221774961416,374446.7031
1.8588706410025626,-0.5547880101781086,0.7193942229923159,0.15483637894843721,-0.4240084209660431,1.1773667898717626,367534.6529
0.7153962844949492,0.08594232895077371,-0.9708451801518291,-0.27510625708641995,0.5202799326273673,-0.35858363373033897,360765.3965
-0.5473992722559843,-0.43984968098584626,0.4721921741445383,0.27562167747755967,0.3379861533879551,-0.7283568975482125,154037.7848
0.3409017827555215,-1.0985920200968358,0.5282384068734604,-2.155044261775992,-0.20713034300258687,-0.07228581684405691,148845.0637
1.4760775665470425,0.011120208327518076,0.9295170011035798,-0.667902844238507,-0.6246531921353808,0.7672785488511834,313625.2758
2.519340377157761,-0.6738727396643822,-0.02977650076198623,2.812868939326867,-0.17371576574334785,-1.5390961728729542,559482.5761
0.3302219975249146,-0.8756524416304803,-1.495064813885025,-0.459460647249922,-0.8067889211374865,0.11704941845736115,396881.8974
-0.05851515954263571,0.7411787076465288,0.6997977943898385,-0.6263275431857409,0.14205656010698536,-1.038999264155879,146485.2203
-0.9650560230782202,0.29892566716284,0.7772489767734055,-1.7434930549947054,0.41348832365152605,0.0796279765144084,137586.1798
0.9620224190517372,-0.8041977576288051,1.3537514605275998,-0.7864088687840067,-1.2760588294847195,0.6793282814110593,248034.4002
-2.5028090455189265,1.9764332918817817,0.1623233742615623,1.1095209089524414,-1.5531483925252318,1.126656756648595,192947.1811
-2.7989006747819145,-0.9633650304593779,0.0010255909731788813,0.1099022342496216,0.942417808128555,0.19207540253794222,232159.3765
0.5467179412356002,0.027121850443010197,0.5977320581127541,1.18611408490778,-0.7123382089766811,2.6958735621388485,236439.5814
3.569104907310819,-0.4833222295452343,-0.8476765890832548,0.37085793480359724,0.16910907248881019,1.0892209075849584,705950.4528
-0.7329290234829812,2.361243910279803,-0.3298590874883117,-0.3998772703276372,0.3687220931999012,-0.7730314857313203,184681.2764
-1.1220100815881475,0.6938115264374226,0.5435776776623399,-1.8695513716576568,1.5317316014670053,-0.30243367597664983,131244.7598
-2.552486603868326,-0.6901903947739528,1.1116626214612493,-0.7011908109246755,0.9300320970726027,-0.3907472172052854,185061.8277
-1.185068301385796,0.8199279577479078,-0.740145845291163,0.6162392733926175,0.44212940759596614,0.07843494404110211,255647.7753
-1.4559463364212186,-1.3636936681922538,-0.9662619844646357,-2.1599679074559033,0.8389072529643437,-1.015606434758793,115180.227
-1.9081588599833466,-0.283529012826593,0.3739523909109111,0.47954740682276087,0.06023816545509063,0.062366107394255514,309291.2277
-1.3470412526172004,0.8106264093151656,-0.6448839004247275,1.4041000585273395,1.9325324206763113,0.05551451115769331,265452.2969
2.310069761502583,0.12467741441362006,0.9759522939390795,-0.8369855947216914,-0.6220114899364161,0.7083711443664119,524952.7752
1.1301997740554743,1.1729568641091273,0.6406117897135089,0.428747900234438,0.1065280171408621,-0.24051198442810884,262278.879
-1.6283675148600976,-0.9955788022139375,-0.42683028771627585,0.8807971126279586,0.7013552287068021,-0.517066437496097,214955.9156
0.5960488101835557,-0.7323307392954364,1.335889201009303,0.7694484916291399,1.8141290730980548,2.9598436510140522,229550.2489
-1.1099795390327258,0.10794984033928837,1.7162193488064168,-1.1395912884245398,0.15510959572490596,-0.8364419695820848,218545.0964
0.31768694417545484,1.6887881314753044,-1.0764387345019542,0.782329781342162,0.20552695971807872,0.4501452010326663,352120.6362
-0.5161621941495232,-0.16152774773958162,0.8076626803309904,-0.1694713376611112,-0.09815170807180554,0.17344358871204324,144233.9454
2.6925316586262964,0.0288004914260629,1.1594046759783367,0.16611700089090312,-0.5200516099981641,-0.05837322064838389,409285.3193
0.5755005203521895,-0.9647125992892512,1.1423563356177722,-0.6827388275095865,0.39326004198540193,-1.7936755629805172,260559.2202
-3.0471654164226174,0.9494159318741878,-1.2247991636595916,0.08897306074369392,-2.701591936774073,0.7443634128020382,145641.8528
0.520326411619153,1.170421530315516,0.1321521065259128,0.38150834546742207,0.720564862577825,-0.7034231822939657,260667.3151
-2.988436465105127,0.7453140250534295,0.5325881917822729,1.6525497845456278,-0.00859062184894416,0.5287321410654806,152661.8792
-2.957507485504364,1.5816288383418216,-0.3738994653695025,-0.10300048721410689,-0.19442096771268985,0.15020513747239223,89280.52796
3.3824083467732113,0.9479027752997775,0.8236499729743397,-0.5679671963282655,0.14769702916141111,-0.13101147618368925,409661.7901
-0.9511849608417016,-0.9833960537203927,-0.4400344079213559,0.6686257203106305,-1.5709627684774086,0.17288902495389952,250347.5042
-2.65723938846323,-0.2678149092553793,-0.5580441428570214,0.01789870798240747,-1.7552630720708198,0.5698972661262419,314192.7979
-1.5805720302646193,-0.38186391754870347,0.25583610846888655,0.18196551174294773,-0.23325505421858,1.370639964516517,157945.5228
-0.8227133649907995,2.0845034681710723,0.8854210826196753,0.887878242380835,-0.3717498354217424,1.8526240584622045,171418.7756
1.56433521974779,-1.1141381500275453,0.9924076736280989,0.5954150328876977,0.6152796656694013,0.12698058642021168,376670.0437
-4.448370223187371,-0.9708960924368558,-0.8154258110278912,1.222591840121549,0.17388817697879624,-0.18550885105039389,111832.2326
0.7391535140883212,-1.1279525380053512,-0.09138910611878218,0.1313942532154015,1.5476311031780048,-1.7095377318415195,560479.0962
0.5199074925873503,-1.3945505499304054,2.811951835314223,0.42760343889305774,-0.42710295335085796,-0.3566524341104795,318960.2502
2.699681545672265,1.1578922838766346,-1.130769057252652,1.53909634697771,-1.4972204034765135,-0.311598841782063,752492.1903
1.1844047204239028,-1.8278546680241468,-1.4412321181509133,0.05448468390935496,-1.1482944334135403,-0.35576307940440416,658491.9519
0.5466623336908035,-1.5841441579973534,-0.3059175323488875,0.1477646498057518,-0.1951264387355468,0.54591472534609,360582.6831
-0.4582193500959966,-1.1340162870515487,-1.5399282311068307,0.8072773811034759,0.8243412629795298,-0.6424029427439998,198442.2318
-0.09605618975616205,0.041252144771256403,-0.8220844823772093,-1.0559892484096036,-0.37819366344478544,-1.8248810932698247,233290.3505
0.7692864964568449,-1.9242528596536301,-1.2222068335742122,0.45051038436207463,0.6065588088671892,-0.5548500537332753,311410.7473
2.799336656831883,0.5494345079514584,-0.013317888216591127,-0.26571608929984397,-0.08595997763661875,-0.626005946178236,279107.4169
-1.1596206289775728,0.13252964572293535,-0.027813001686880803,-0.31882853780081566,2.174387397271624,-0.17490401567836988,257617.8489
2.43564004477552,0.8691928792519671,-0.22957567718613278,0.19487887718205407,-1.2038812300876767,0.8243888572131574,443320.3326
-0.8197798308229582,-0.6162043795276662,0.8529302466231191,0.22331379520306907,-1.733762238676404,-0.21984018273563605,319462.0467
0.8207655332410343,-0.3023081027534469,1.957204049730803,0.5697690050296768,2.470658270588146,1.3553625046844961,271855.1818
-1.5297060043519828,1.464883328098995,-1.4485593610822183,0.2444995066298126,1.622390026891164,-1.1734288861856375,242256.6414
0.7291094056640061,1.2380002416890579,0.12072508474624186,1.2615665914028906,0.6366546898142242,0.4021879719263383,285629.8997
-1.5880867337703262,-1.0263398605574399,-0.7608764055317608,0.20011936929538482,0.8031678956536198,-0.16106587452441531,309108.6326
-0.4411404102028895,-0.27200680833142016,1.942667380144195,-1.8923091983426656,0.1298529562281248,0.5780687898767257,156383.6703
-0.11058956450160319,0.3859601272295394,1.5963237928970602,1.0247435962672609,0.15877298138049514,0.744328311619563,197044.3929
1.2076773639514538,-1.057228038101305,-0.541356402456037,-0.6486084321045298,-0.3735785161725746,0.9251612837455206,624102.7058
0.6599619318021335,-2.0370770931488322,0.4547661600898548,-0.5316818131924586,-0.6158143045021005,1.391460678697422,194173.556
1.2943915555996948,0.42768545686439496,0.9206912249459752,0.5761834994546705,-1.0427706956610612,-0.3315314474231823,487047.1794
-1.7022057898288607,2.5580219831323356,1.0516665744332585,-0.6601386833882443,0.613015373044178,-0.1400705580380223,125451.6749
0.32658582321440943,0.9390160429972503,-1.21833246784375,-0.10656389777245868,-0.1791580274427963,0.9181828486941898,349328.3292
0.22341563124040872,0.7895937211106909,1.0806159115379348,0.8682336525078512,-0.26965713616374576,-1.2663489511117851,254220.8671
0.7074934468867616,0.8626015289630601,0.28072739935543767,-1.179548575311602,0.0642507217310554,0.8500178282122334,394669.1087
0.5721152920829355,-1.308481708483536,-1.4782251992179802,0.28956950930719394,0.40867664706554313,0.8002639492108122,484182.6847
4.11437579266738,-0.2732129447302901,0.3776611643624006,-0.875036211256395,-1.4339441662532801,-0.2677496518328427,429835.6126
-0.1534621486755044,1.8357144793055737,-0.7387732665116044,-1.0977318976817216,-1.5817042538147636,0.5753749750572692,239748.4523
2.905604001159141,-0.7415448356867725,-0.4241813184209229,-0.7458780464542024,0.05168269211091701,-0.7043404348481431,301692.7603
-1.5775931139007522,-0.23349065970219193,-1.152435604797606,-0.12272043641319533,-0.025042081743579254,1.2762040524316067,187676.757
-0.08696534756526093,0.7038333473677553,-0.0844670240860665,-0.5835067173815882,-0.24009895306643164,-1.1138094468661324,359093.1204
-1.1136197485584352,-2.083351040660757,0.10706167439433187,-1.4424034857934507,0.6372326199430457,-1.3584306077065627,214739.3865
2.0874443286279245,0.7819695111366086,-2.5100020728175885,-0.4093902598856266,0.14376521758388938,-0.4391646394323758,418571.6063
-5.306428563175112,0.18249253520920808,0.8344824338296694,0.643010223599976,1.4581141528550738,-1.1317939024133226,134686.002
0.28804522615642875,1.8907824844942742,0.8814387896088268,-1.1162693061883724,-0.7133176424038303,0.3862551738750785,253414.7142
1.766348365993252,1.6850608556488778,-0.7964425403446527,-0.7347238617908162,0.3008042430299807,-0.24094029162273642,351656.8786
0.1523122774823896,0.3078928966913345,-2.0632786663566667,-0.6356361452261283,0.5840355108283484,-0.12912557402069963,371066.234
0.04996638165684095,0.06201844706604808,-0.3917046829993675,0.6134682566034889,0.49091038738784587,0.459659437712354,360551.2605
1.964808682011569,-1.272028836624593,-1.926371414671166,2.0035651703362474,1.822696524261859,2.3159212635351003,659535.8009
-2.1275626160079715,0.08858707867439031,1.644890597860312,-0.18561755943556627,-0.3132123881782023,1.304126822830756,147211.5983
1.3843822285454284,-1.1423683934072044,0.11801108909129567,-1.5146538470083741,0.24801349898111397,-1.3630577925321978,453273.4861
0.008430706579507088,-0.3156796902685363,0.4873333602162003,-1.4250100439893822,-0.723202129252444,0.6890759296100684,339157.0087
2.267850646136137,0.030458311307150248,0.2218407617900866,0.6435148150095306,-1.2956434127029315,-0.7892695138685399,294669.8888
1.9449577685257993,0.0816013790542625,0.15686172432227768,1.0505210068390383,0.9848143634455455,0.6603970114296795,462143.3224
-1.3036124415574297,0.1634971931702153,-1.594728559673867,0.2694788914933243,-0.580150225555157,0.05906403172300737,380313.1506
-0.417734243241113,-1.2138008362143333,0.7114870860875538,-2.477716680174194,0.35520105508566396,-0.28377490909077124,143482.3805
-0.3326532664035267,1.3903748309096753,0.6608731727863035,0.30298548514221674,0.19763429774884164,1.6661754266827982,116027.4198
1.070277662691942,-0.3851995269083218,-0.22801788438284,-0.67192264747404,-0.9422328727487741,0.32117193542871886,488247.7457
-2.7194858683376326,1.7803526179548763,0.37439020639370774,0.043311078199680525,1.5903256037304883,-0.5329824618008772,137343.7992
0.42948698128130175,-0.6857404983197531,0.4005325418152664,1.313808209991353,0.18395096825271126,0.06352964571782332,308897.155
-1.8824328841951405,-2.0430572671560854,0.10000999912378628,-0.692177290217773,0.3153553025591088,-0.16271460259113926,232974.9339
4.262345321590593,0.9364820021373904,0.8496195795982479,0.786689992687804,-0.9826641088406471,0.48280552900408463,707838.9867
-0.3202062590122894,-0.6536769521529759,2.2860571965975227,0.6316246647967,1.4322037503525402,-0.34650101207800116,202859.6837
-0.3605935605462579,-0.5681213113803932,0.43961467902037116,-1.8049595664796225,-1.0528251919703826,0.803896603108051,216824.1826
0.1651780781034432,1.8751442917132244,-2.3143059207234056,-0.1964244241879009,1.0123234680385151,-0.8419944014320637,231368.8227
-2.502524326496061,0.8983435733616788,0.6074132923648969,0.34343656643384196,-0.06633994083826192,-0.07995820854820253,248833.4473
2.9383210250330154,1.6726920343789384,-0.14471385278063337,0.9238511439268188,-0.2772067678751035,-0.10380788956559807,468762.634
2.6690608853948787,0.13820167246853088,-0.3938144569125323,1.2381505896451601,0.7016377033646995,-1.545095281772867,326653.7474
-0.24784445191907922,1.2707757868663012,-0.6116484307314467,-0.9685540874390072,-0.2274085023939465,0.18196589774216654,98837.63349
2.714565327207733,1.0529033500403084,-0.3159943102679084,-2.300914230679271,1.5602020548843856,0.1998189319822784,264098.3392
0.8831421250917688,-1.8476158830591642,0.8686964407384499,-0.13565223587550804,0.6807658567889884,-1.4384393501828576,402029.5958
0.02934063685716427,1.4994874677501515,-0.4067026375419618,-0.6469494758861316,-0.08098955236089685,-0.7032225368194769,416237.8512
1.6087624067036745,0.16208912320323293,1.4881352051769945,0.21523704752934425,-0.13163729938999763,-0.5832256507769796,361101.5661
0.5632121305196246,-0.8324496773945655,-1.2515870314970865,0.4144998061826591,0.05851260534879791,-1.0434594969464392,372977.0263
-0.8605625617115362,-0.578972013906733,-0.8941124649960369,-0.8849792684394567,-0.4203297999088418,0.6435614216662237,172624.5777
-1.3528675339996505,3.2754313108279938,-0.5384347221379515,-1.8553954697716166,0.8182310623683712,-0.3889768919992074,142179.8808
1.3924255607013334,-0.32941585948358304,0.25962071518682533,0.5319903135730247,-1.2041892040416806,-1.2544294915682572,417501.9437
-1.197189977701112,0.3917363384013141,-0.624653925712942,2.245180469939494,-0.13211330626635037,-0.21236764802216995,364695.618
-1.380156812323807,-0.41481127974807036,0.9077926150158142,1.4857141700358023,-0.055455527670831346,0.33087416504301626,378924.1605
0.799436291877725,-2.29577520271129,-1.0982507988702945,-0.28406853048945485,0.6630104978004814,0.15833235640222076,361328.3334
-1.678966281856608,0.20079188977643112,-0.38372693431902677,0.2426484552779713,-0.5834301676016307,-0.34340507119728997,243166.5359
0.561868623857589,-0.3323348802859967,-0.09865725288356575,-1.0253797785533048,-0.042177447189507625,-0.4306544230616031,241318.3675
-2.3494573914325843,-1.4851997866056879,-1.6867267800591557,-1.2824528458357998,-0.6580658798000876,0.1688897214055284,214878.8232
-1.8925791024473877,1.576383010301787,0.5453021631244496,0.36710359729275044,0.039231891350431605,-0.11052826242264632,142999.6151
2.0609164831098816,0.07620885400248353,1.6262303831486467,-1.0868263815559647,-0.4433710116740538,-0.46147270875685054,653150.7907
1.8707399864392185,0.3159473138923602,0.3162756427272703,-1.585898800703207,1.6890955503632645,-0.4160855738029149,255996.8651
1.3402916877291537,-0.9247346286015484,0.5776274679503083,-0.7752232235521919,0.5906076956351447,2.2260690387961786,225891.6674
1.0939990102220494,-0.9171375748654211,1.2550748418680924,0.9466456632283822,2.8936212584928582,2.758890452398198,259098.5476
1.7207156092202254,0.9611929691960353,-0.7479787875014535,-0.185476842925944,0.6059144249675975,1.0726461409551165,431107.0448
-1.7993303128928213,-0.5657107110484879,1.1218320675079558,-0.24762260842786676,0.6402217302367843,2.1194296155850427,189604.2308
1.2545677397565003,0.35043859946098727,-0.59043640727313,-0.07809465997352191,-0.08444273864840078,0.2555601855968086,762685.9792
0.017282011641939113,-1.1118090908430291,-0.15156364586875823,-0.2022803568067757,-0.9301595884877607,-0.12910175031954838,257395.0336
0.7175217560774465,-0.4717588105422738,0.952665091530807,2.3538362274928195,0.7181498365479466,-0.6323027937951443,487725.8608
-2.453070620018328,-0.7052312096193696,0.32282278789972835,-0.4935409186076574,0.45411826256463317,-1.3421211068528414,129221.7779
-1.2556394185582402,-0.5447021971641065,1.398328524286498,0.2774136035795234,0.5960811391507794,2.670836832619091,114322.0427
-2.375342211151772,2.7528645629441377,-1.37986237647979,0.03330119928033345,1.362586730937223,-0.3716565293014446,116389.6093
-0.06796829833061131,1.5349563007506382,0.8157679527630233,-0.1024199474047267,0.22777212374871508,-1.0200825131434992,129359.9835
-0.6909276295176615,0.48022026909123666,0.210460283292297,0.708044895067834,0.7916291271153931,-0.5871138011173317,220347.0714
0.6937326487944533,-2.9246191605315137,0.0022777354737959746,-0.9308132838094673,1.9235376448539596,-0.12843291959310857,292801.6032
-5.224449263348046,-0.7567471586766619,1.2229803090481892,-1.4467381326369915,1.0212917115091606,-0.20135394950375618,215651.3935
1.2233496052521946,-1.6011590915542036,-2.0415569988239204,-0.3948497919494528,-0.9852597878935855,-1.248496811441818,367447.8639
-0.1653069960102157,2.1028225633471265,-0.7559813281985469,0.06206041988871102,-2.563673749407293,0.6790816564652111,168709.8999
-1.6980684576153502,-1.9277902256833412,-0.250163228534465,0.5906350868848679,-1.265504725242359,0.4634906303636471,237392.0616
0.6812042985431547,-2.4544352565854437,-0.8117334372662296,-0.32468203238817395,-1.1557189348639476,0.4160448037243173,397769.4092
-3.6778826132204157,-0.30480396891761796,-1.177535506499896,0.5589570748216052,-0.3706615361567701,0.7525781850505129,115823.421
-1.6487497582444932,0.09886941885943912,-0.6793550702424191,0.1854014948724058,-0.6932999246217881,-0.0486477848940833,161135.2004
2.364035112920217,-0.11795176342732938,0.4239699368777422,-0.27580878409664017,-0.04354955123320383,-0.6358788033594596,513316.0016
0.5337004288006564,-1.4164487306201308,-0.1614474997129621,0.35071034405919527,-0.7084967760470989,-1.2253788556869099,273513.7158
-1.6905433168066748,-0.972617425951427,-0.7955068657195391,-2.302969524686532,-0.2011030928174665,-0.273556627668065,134910.6406
-1.1373307334223473,1.535191605692825,-0.6012967202016944,-0.22916695172839913,1.8591830689827364,-0.3757634991638469,365858.4583
-0.3710759091233072,-1.3648216651672616,-0.274278071451199,0.08613116364111734,-0.29661494132833655,0.10291439327117456,211272.5621
-2.620155842251958,-0.1793481201106685,0.934140911881106,-0.8799903605684433,-1.1304395663441837,-0.35740155961134423,108928.2486
-0.20020736844501527,-0.14627977799310274,0.7165865432680184,-0.5771458141568544,0.284331564567261,-1.7107608378761483,300214.8036
-3.083686813978205,-0.9536571602784388,-0.8204155440190872,-2.44105871693487,-0.3958012009165929,0.3221748565328637,168251.1936
-0.5631949448069983,-0.35422966128203714,0.46542255135302923,0.7635435469888815,-0.14953458561114796,-1.2143741480896066,168746.1723
2.3626807236515717,-0.24771346289974464,-1.0034078449497557,0.681952603771473,1.8677080463676725,-1.9911520374355338,267584.1455
0.20232895402793658,0.47143365547804933,1.3570022649785083,-1.1982145760669907,-0.27746217561103165,0.6035052867208747,149941.6077
-1.3148615203397824,2.4368192661370327,-0.4699660287745799,-1.868610433733372,-1.2093321928839569,1.1770121982104242,102686.4687
-2.4377353099698875,1.0700902608985807,0.9671146629238556,1.345348987678082,-1.6003957700606264,0.2208910857866901,118968.894
-0.18056579946491472,-0.19550538911988646,-0.5297439874102204,-0.7140106786669762,1.7065367492492016,-0.43460693328171224,283060.7469
-1.3238172507651276,-0.5537918453972724,-0.051265175614466404,1.6704198202481355,-2.010965541392462,0.5143298410449011,387918.9435
-1.1768331901514428,1.499169865371195,-0.07200055870139205,-0.9064738656226872,1.2168539658493294,-1.4903135256527638,170832.8612
-0.0898071246615253,2.086198921804156,-1.0015368120518426,0.06614353797978469,0.17119167641847494,-1.5234203138956182,175313.6982
-0.957175372136647,1.8797561409846417,0.1323268299925649,-0.8241568446364316,1.2242766935538805,-0.03901294130201504,223043.4874
-0.8230082869009024,-0.6060176317914263,-0.8919983979743109,-0.15289687067985203,-0.8044604315230706,1.0987721156480916,99267.04837
0.5842989843430335,-0.4560670421247167,1.3744933717655974,0.5143204344617496,0.2675795005630561,-0.3262623995646951,292748.9219
-0.03710920027610222,0.03469736393212117,0.40441366184999716,2.330184670001452,-0.3652259288202236,0.13289164646659513,268212.9448
-1.147279719835833,0.17342595679678333,0.26825087988044377,0.32116641980909977,1.6721927139419412,-2.32845077810144,220514.6841
0.6849619713482391,-1.2430578759559032,0.7633071016039533,-0.1519452775099981,-1.4461599126621665,0.1358570130000425,287671.3808
-1.1102076948466955,-2.063732126257165,0.7831566008239513,-0.4966102692573345,-1.0989755983083211,1.2011049552777664,313223.53
1.6315917395656587,-1.5678961636127728,0.8750634239073682,1.773287740744534,-0.9349274048850386,-0.5773256216597136,523320.7973
2.148980701415585,0.21197357935068226,-0.7065988346938005,0.8047819109671737,-0.864493655710089,0.29497837494994406,547065.5475
3.2438226241671093,1.067172371829992,0.4074958844882006,0.1598706830728248,-0.9954757732531243,1.2011669429185399,264221.5762
0.9088120392147112,-0.9389526748600288,-0.7825141436227782,-0.0868366471060972,2.058832668928101,-0.15957502784360322,377664.7339
2.235942600414175,-0.8656983169615339,-0.17038971708048903,-0.15252884000067168,1.9825773367989028,-0.6317780774056119,380038.2127
-2.1067475953046615,0.7142681122805277,0.3177381901602148,-0.5742718272532167,-1.246638145765061,1.029809466730709,121280.246
-1.4220165188742022,0.3928696609930462,-0.3623983023564882,0.15978661634906244,-1.836072244193929,-0.25220161496593907,144202.7392
1.6043185223926537,0.7884159655510574,1.3418745791305062,-0.5677238867352549,0.5666396908340624,-0.12509814363377136,259399.4915
3.516471560174094,0.4869082463318044,-0.16425341656924788,-0.5035470261444588,0.42553969430544264,0.06516393916804146,675518.3312
-0.5528573207163173,-1.556691406234224,-1.8929470571427378,-0.5278653540530628,0.25014882065175326,0.19005330584673327,372219.1404
-2.2784945835799797,-0.4624268050874939,-1.7852988929231408,-0.8017740188144736,-2.0350144239424472,0.34409526678475666,183793.3108
2.3379322955532085,-0.394902090133706,0.03208584835162416,0.0451887563273697,-0.18803332287466318,-0.686789672034927,409313.7256
3.712573696063416,0.32711224093620644,0.745486175460945,0.13366329164444216,-0.4062521758881511,0.2340689581526171,443378.8118
0.25593515990183097,1.8387869415031937,-0.09189110121643845,0.47735386534530627,0.5641096075985058,-0.8908262444236497,145596.9618
0.5072229781845339,-0.09126340368106546,1.0679291097928276,-0.05413776964118881,-0.95429165178967,0.9389562183091843,302981.5026
1.8629705329922635,-0.2088204856094325,1.7156126836269432,2.004930416107772,1.6856067963021966,-1.5107365955589724,482233.8104
0.6142035557188656,-1.3266595965420238,-0.7078998230688512,-1.195162932890512,0.4099863666649502,-0.7880921411609896,315406.1737
-0.6477121715628288,0.3440024363418144,-0.1404356558606727,-0.09958359725030856,-1.7129441855551366,-0.3040568903602416,102571.8795
0.3906623603092915,-0.5396296221861202,0.5222422877754309,-0.002622202900557693,-0.12485221478258263,-0.3085654195068391,373096.9624
1.7436486790778274,0.4909027170162633,0.09152046552952442,1.4675570144840289,-1.201970493721124,-0.7463542068654775,477409.4396
-1.197640517661019,-1.626852132521082,0.5766400180634744,0.9996842279778355,-0.31941516713803897,0.581350399197777,264441.7319
-1.7199199702947192,-0.3546353100149895,-0.5512786772791926,-1.0071673641444547,0.14390381409193442,0.5677716676753886,105964.3135
1.9363870117148443,0.7279503374172374,-0.5040224019811751,0.3029941668876873,-0.07801074319344514,0.5923243590058994,333958.8451
-1.3421497232289097,-0.821908698337479,1.077757148526696,-0.48647517954479447,-0.6655895392953397,-0.13595262288677054,153387.2665
2.236517628367643,1.6869564790364724,0.3299011620754317,-0.45425301265750245,0.6886968544588284,-1.747005599537902,380018.3714
1.427207133823026,0.7385418978523579,1.6624260041096506,-0.6098150384723012,-0.3933688551972064,-0.5037925054251241,229955.6612
0.7325630445423174,-0.8015250190292633,-0.8774161009108371,-0.10502553649675403,0.21877274938349903,-0.5367605720794427,269827.6245
1.9480290413120809,-0.0776769524577062,-0.11530323601685134,0.159294706934393,2.658908947479315,-1.070808884183316,559609.2095
1.0271181690875753,-0.09911626571827108,-1.8946617516345379,0.7145222565325287,0.4290475923383357,-0.019847519272829548,552185.9948
0.30929753677957605,-0.537859928987797,-0.7728154612574383,-2.8818480130192063,1.1081480843475549,0.45496181870998126,163088.29
2.0892343257931345,-1.1365258268044278,1.3813814514596807,-0.18520433795576297,1.6723575445003036,0.2984762432775916,485993.7025
2.437610117962773,-0.6942166736334471,0.2333498445201096,-1.177835511007298,-0.4012691200612004,0.5880534011245881,278722.1254
-0.5817812241520224,0.8676132021907614,-0.6257730534743016,1.0694419164050597,-1.2711945239422653,1.7193922908061554,245986.2987
-0.6982584143653612,-2.060020621743999,0.24988894000741146,0.42373969726057964,-0.2790943046938369,-1.0730926915515733,300755.5043
-0.40692746040826255,-0.13055640789926118,1.2788954131299437,1.3880491723652668,3.533137994741078,1.1973163520256482,335231.6833
-1.1332170323319048,-2.51316987252146,-1.1376131328191508,0.25412317336447116,-0.39177260188992913,0.6830745345955318,324096.027
3.9301146715623902,-0.5535600041245272,-2.327401306120497,-0.2155620490844786,0.10348380986735943,-0.5985512661518045,544311.6782
2.356518522874966,0.3286726967711588,-0.549515610128568,-0.26935811505895446,0.04582598122090025,1.589494347195293,566227.9255
-1.2184052970304349,-1.071637713012122,-0.12857951689919517,-0.019442338780251336,-1.71008156935399,-0.058359183331882655,206403.4237
1.1353528645687234,-1.0412146030198515,1.1796996497122734,1.8526792010523738,1.4759465934122231,0.3961319454217925,291765.9698
1.980282862623975,-1.1347013364003526,-0.5238091662511448,0.4256606074850201,-1.5585203489055703,-0.24206328163003576,371840.909
-1.1654152774138387,0.9898047897635203,2.064833239842358,0.7831913243656196,0.9118242845083991,0.31278016944978165,207625.2917
1.3940955797005226,-0.2773438016840473,0.3436717417290415,-0.9959002970596448,-0.92821824015478,0.4074658790189929,328992.1202
0.313388087591781,0.9362793213721903,0.3949678485021158,-1.2576935647831475,0.3359113619041952,-0.46963142119730245,227283.5277
3.5161213758789995,-1.9193802127830526,0.09859163753631571,0.5479488629596014,0.32474903920659187,0.8470509532109772,837806.1976
-1.7980214174259654,-0.09756148219837825,-1.440015563513115,-0.4702695049623486,-0.6695116156817711,0.12921956753672867,281812.0299
2.2323174544045874,-1.4128550771979131,-1.0347688473844054,-0.03079787262238889,0.12058728356261635,-0.032901660805164906,414459.5702
-2.00279644142569,0.8327277709993994,-0.18269145684497431,-0.3803829897243103,-0.5192529924594036,-0.30211093892721136,141570.5959
1.678427261604036,0.4258410562882852,0.8746088616294475,-1.1982060544592985,1.25533178475042,-0.5054150788501485,150194.7528
0.45160605646861024,0.783031073404055,-0.24985297040347168,0.5183243387310629,-0.15652521796981753,-0.5758214979189575,247780.4737
1.7670315876677052,-0.5493326741658453,0.5966429513327989,-1.8835554359039608,0.28243315673360375,-0.3559788494188601,311117.3515
0.567429988769488,0.07097282974699211,0.26351259757456436,1.7763570821423154,-0.6860332484348967,-1.0750453183254651,288012.2965
0.6512315084910778,0.6729283622502593,-1.7185362116661647,1.3397123728253313,0.0876816473704957,-1.0520389829286187,286637.342
-0.4887123587731618,0.7188906465093343,1.0109259881483743,0.8385577401053405,0.25243462308687986,-0.7485607512203113,236938.4329
1.0402323121864603,-2.2280789112411954,-1.0646861993463816,0.5662247537972603,0.8432619225898524,-1.246400084880842,354322.8696
-2.046593317739691,-0.020135006071381273,0.4733794595673319,0.8147022399702285,0.844120135891608,1.8970761812643135,242627.3715
-3.204739360353771,0.12023983411507244,0.985874228355662,0.3337029476106363,0.9431074831396468,-1.2030744411489471,197471.5405
1.3179053975623078,1.7907026196590863,0.05486655650282746,-0.8314404397079611,1.4834271477726333,0.5494060064607842,357064.8566
1.0474338319744252,0.9277769814544967,-0.10233496923522704,0.3868007709833695,-0.5237222989661364,1.565709071013538,287895.6731
1.4782720697375236,1.7386680075501952,0.2563325239850272,0.1669668288537259,-1.082134452581346,1.32652789576934,379439.6595
0.5087957402110846,1.5866633530738872,0.07018920446621399,-0.20908929038142168,0.3592918989902881,0.2399719153001742,421913.6325
-1.4133363245165569,-0.522373809366936,-0.31049932773437466,-0.9210813858620455,-1.402689537748772,0.47851984166766,116678.9211
0.8554361402946925,-0.9275817399733967,-0.38341746670725496,-0.5172616774309855,-0.4734656196071402,0.37512836097172125,206005.8
-0.7407341412786734,-0.29490982815642375,-1.8418896084598655,-0.9941032112714222,-0.3114820343176367,0.1413937369273726,287057.4606
-2.761130285589422,-0.7313831719082308,-1.2660157140090165,-1.1761131740903958,0.7456999540958799,1.7230008904284868,91917.87657
-1.8551034130575077,-0.5952644352335836,0.18942029755256856,-0.7702115700225091,0.29190364192438656,-0.76488533237304,128433.5857
-1.3989811687388127,0.4970520004688304,-1.6700498079705517,0.9017321663728488,1.7501748810382398,-0.2838575400048284,530368.3448
-1.0678459640845748,0.4513401104802513,1.2560052542840723,0.64696886228741,-0.6154197149827444,-1.0744066645569499,225046.1016
-1.5224615090075673,0.40159302763734966,-1.5099870372655688,0.07409815096482027,2.1202559818312143,1.9977699349865525,261380.4163
-0.9969206809955704,0.30601504177733263,1.6653930646039092,0.6169103667445757,-0.6419182862249105,2.02399343586884,282668.3447
0.2919185846393922,1.2385074511873815,-0.3106966379651101,-0.33002233347798465,1.7117008290579754,0.3826537227103476,336337.8924
-1.3430116697716297,-0.2872386557190503,-0.3171778737564039,1.8898870821851497,1.4299624351437306,-0.6709057262672032,214548.5399
-0.8686310335119848,1.5578928889322208,-0.7321674202872736,0.5928890469157961,-0.0037288933657161722,-0.15137738240992452,228370.9642
1.5161837050950988,-2.3217074805476066,1.645265332767762,0.24592795173626744,-1.0577232968138872,0.9906627231761644,424124.6825
-1.571727362819824,0.4247327736723761,0.9826885166117996,-0.6931732577774984,-2.111052876539762,0.1470837697867892,151942.4139
-1.428583803564431,-0.2877446860826912,1.4509857655557141,0.6341414885163499,-1.2626098831885626,0.9602693415696915,133338.4679
-0.11538253279335124,-1.326551021897597,-1.523948884087966,-0.13356869247673,0.7910036063611225,-0.7759972439833229,284543.7516
0.6291892779184428,2.4313287362548546,-1.318954931927003,1.4871140348385563,-0.8394241348479515,-1.5351372018348075,270014.2551
0.8934685869773084,-1.0553907435467247,1.0221847644101776,-1.295921080180405,0.22611579970906612,-0.8584997195302322,201087.8037
1.3488191977969823,0.330630371704103,-1.4310211391281256,1.7903639128637976,-0.2777704842937052,-1.63572734377067,668647.8979
-2.1979703226090446,-1.4677026254787071,-0.0053340190025861645,-1.1705467755056522,-1.266704044124796,-0.03954862114323424,123699.6303
-0.6965931533622928,1.5969882234433028,-0.10969382609508414,-2.629524526588441,-0.03760204224308065,0.7777808136308227,157955.0427
0.47987613441193383,-0.3143458253603908,0.12259512092827844,-1.542924241922599,0.1359769237682365,0.5638145234205086,301226.0367
0.9083898784708246,-0.2663197512277112,-0.4349978458953094,-1.6508066122999223,0.2527004199263405,-0.8936661462258957,242020.756
0.8576749326122696,-1.667232853112759,1.8655869332693302,-0.43320727250530183,-0.32319922502560994,-0.490135687649403,305843.0619
-0.8108901080161146,-0.6781151571644753,-0.44020510029010007,-0.24257458442989896,-0.7917296606570291,-0.0801034204730836,299140.8378
2.0751093948523556,1.576698161082018,1.154976661862472,-0.5828787933563225,0.18355102351234376,0.4674554213043784,245648.5235
-1.26015832290909,-1.4011442923174888,-0.739558691090481,-0.8765980481395734,-1.4285182928129683,-0.06856427193367357,292148.551
-0.8591562117587238,-2.1476991532859437,0.30265218770188546,-0.846919367628626,1.406088272978335,0.30458107209673685,251908.1907
-1.324202898627249,-0.10937898480721606,-0.2813058083717029,-1.8015294590112458,0.45355578197716057,-0.9518089087420497,181478.3887
1.1256852390387568,-0.2526224416839394,0.3653287682717022,-0.4990029039494829,1.6754728312815899,2.7856315234236453,378609.6357
1.8859962846816565,0.4449897542673423,-1.4303247636124228,-1.547747297601059,1.0285128693785874,-0.5620622284997367,479518.6635
-2.0316615014171293,1.8172207821025281,0.813807869431577,1.63815322879067,-0.041384286934286516,-0.9495303722383125,238860.0183
3.0806797292908135,0.23202924451291002,-0.6973113059339678,0.5293023329097231,-0.8899111121968142,-1.288265463082165,679963.9132
0.18077660087095604,-0.31370500084878866,0.784069159344504,1.3543755721222441,2.5699611512019525,2.3054793896538084,300378.5553
-0.3346492781473341,-2.2101646385506997,2.9300129259037866,0.9661868411746506,0.3953933158659298,-1.4901955434466976,313587.0135
-1.5094745412812731,-0.9903721345483112,1.41821331880321,-1.2134786228482521,-0.5541096181845853,-0.08014010678663787,275140.2195
1.1678497448618197,-1.322574869892038,-0.3193268127929585,0.13141305193631725,-2.275436500723022,0.8864942822493553,306098.6227
-0.33618926838767127,-1.225562756920021,1.7359663772374143,-0.5333198900932372,1.5826927609986492,-0.9400572102102688,419226.7295
-0.2273454091891716,-0.8127543363507745,-1.0463669898892352,-0.6924467381212286,-0.13362389401747074,0.1624260222269102,385895.941
-3.215059319332782,-0.25650796457595,1.6593630367293197,0.5134502983588085,0.3883518500761526,-1.1194568101990652,157001.7057
0.8983373388511654,1.5295991250911325,-0.5892901208895217,0.5421295355653806,0.9507802936924957,0.9107243138274252,312782.5083
1.6613567478356799,1.6575037563771127,0.8377743621704301,-2.798764036815274,-0.013985908361563396,-0.5671348233483346,182677.8882
1.4724973608575511,1.2654683479122675,-0.48655203766582245,-0.5770236134272848,0.0524453072103981,0.15368834756945884,469660.4152
1.3552523729763708,1.6125234896911724,-0.6313251208157866,0.6832339262764504,0.17483782329813022,-0.6023687887262541,337103.3805
0.8884066796379294,2.5119231726121027,-0.452945572479782,-0.11807600631317196,-1.5890636578418746,-0.38951738195870056,331801.1473
2.2840031767017672,0.7360751890259184,0.7937380839757762,-0.8659269300477872,-1.4268314679209375,-1.1412493890637323,435240.8127
-0.08570056238229268,-2.9197531384305027,2.0518315533161076,0.283079530341751,-0.7753939320626168,-0.3972536973273896,278686.3938
0.8513085401445009,1.4521434267404625,0.4390997335921742,-2.1228718295729516,-0.7269552438706774,-0.6040391849757888,153992.6998
-0.8249999809381219,1.0907682801549172,-1.013074766292643,0.5200203897754831,0.32775958795349397,-0.32692303811110435,173992.9114
-0.8337587123056789,1.716711096199493,0.16204628781342595,-0.7406625912949439,-0.056221583163224356,-0.38355231774762577,203691.3864
1.6243446920459814,2.0578245939837574,1.1862366045201782,-1.5395666712868514,-0.7388767619175812,0.30310966832719843,202583.5174
1.0603950283085166,-0.8062604023148497,-0.36395800141531426,1.8447751218636579,0.7361421987722249,-0.6917130961489116,571770.6133
-1.317432086878615,0.3002393894805692,1.4011213369801658,0.6548098117470095,0.1802907752328084,-1.6209675880566654,166443.2347
0.2481753584420024,-1.2849654975385323,1.0287322752519052,0.4659952158789909,0.593502248337789,-0.8888344692651894,287733.2059
1.2620801283340488,-1.7257504273380755,1.5838397800791275,0.4384195457758483,2.8276915692057,2.0506045023356467,225900.6467
2.9608377565262085,-2.611931438701583,0.8213443296867213,-0.0992519927602488,-0.34935382556739086,-0.2594500303519397,337752.827
0.4726592688590351,-0.8629839434256904,0.5988372986582567,-1.2517839825069201,-1.6071632644272944,0.240509948385113,220535.3979
-0.33459266432866663,0.5862932406779013,0.6196789073347523,-2.036823689269399,1.0479025529957853,1.2130777580807992,89910.43313
1.4295760807821745,0.6978203014221617,1.1049511139271715,-2.115512349233232,-1.8341217007334363,0.9848318505570621,180759.8499
-0.8834200729182734,0.9843966236974575,0.8815160116330328,-0.5616091574909022,0.728963363118656,1.5568319819784997,177240.2426
-1.9270963168700128,-0.521915653047207,-1.5700365405152252,-1.2746577268919559,-2.466570406880081,0.510247255213804,155639.2817
1.4298795456931415,-0.5175774104183358,0.011986282698087845,1.0302038952906465,-2.285935895941777,0.04219126285139584,718874.5015
0.5791716540724353,2.2888430978989023,1.0539792048343688,0.2850818369922851,0.41847761288143825,-0.4606008301444147,225568.9205
-1.7653117924202515,2.285649762505727,0.20650028635208117,-0.6226320205907387,-0.184166137348521,1.4344520418125466,107623.8968
-2.833481258305528,-0.7976824620878182,0.11399555746944413,-0.7594156424028528,0.3302398058228877,-0.07260193928614182,138736.0991
2.513131251479756,-1.1136030676928925,-1.7007414251802375,1.21311001228921,0.2813087187181146,-0.788854301976999,374504.0333
0.8238974218719952,1.5308241977502874,-2.3166233011629256,2.0333232560863297,-1.044583097231048,-0.4423076397665063,244113.9497
-0.4294404915059004,0.6197433622554996,-0.512963758809938,0.8646103097394187,-1.6398316459998745,2.217429847163881,354911.9709
-1.1443370299459514,0.4449705741391139,0.8389907542690047,0.5059436262425038,-1.1560512784186352,-0.9913743133708365,191733.7849
-2.5278253086795277,1.9611168143609041,-1.283157082312817,-0.2393914982302586,2.2691381777548174,-1.1827945078823687,198609.3865
1.1893962100960491,0.14267940017808733,-0.6636399086176189,0.47274884346176554,-0.013843229409830385,0.29134914606754875,391586.6612
-0.759346240297507,1.4988262738995588,-1.180492677186018,-0.6289959104430084,0.3219700038317622,-1.9884278739344985,251783.8961
0.035370512226780365,-0.8557927295083342,1.6556727130969597,-0.4330571579253096,-1.3095852565851902,-0.616578513629234,223236.2557
1.4277909957715316,1.0452980822068636,-0.3901784919308188,1.1583495430527864,1.0021400343754823,-1.1650710234790673,256531.8918
-3.6097259929043277,0.0325228448617346,-0.6400705864773886,0.49083232049489134,-0.6615312947293892,-0.6097240203721611,123962.704
-2.0338668561587103,-0.5255862127585317,-1.1552925115101287,-1.5764898237835208,-0.04622982524700321,-0.26256706755504106,203461.3509
2.6188926137253468,0.293436027403773,0.21792731723473804,-0.05589123016899121,1.2073950118235248,0.1678502164439132,292366.4056
-1.4342575879888333,-1.4863371598416777,-1.7277233211686887,-1.5396007889225882,0.22754100293851662,0.12214659093929943,131753.1986
0.6641989773285308,-0.49020746197539145,0.039097254131017126,-0.0753646421367347,-1.0470253198162818,-0.6260783149946375,493676.5673
-4.296916349836161,0.00211043930503176,0.09523804922251637,0.5767131768041345,0.7829440808656581,-0.252819051755834,261391.6292
-0.17733044026620712,0.33693632938078294,-0.7504303044023498,-1.7059265561382313,0.4993101735819589,-0.016713400231547246,155586.0947
-0.17416272415238548,-1.9610344178983752,-1.1611674364888223,-0.0931629172117496,0.08950035754987803,0.4018239560648606,294936.6514
-0.38784117260272144,0.4236879486946713,0.9851132122690178,1.7067786625293406,3.896279908515956,1.6346883181378182,225473.7252
0.2265031221272425,-3.479799241540326,0.3938445634661908,-1.985796752650867,1.6212885924099192,-0.49155855103001284,316262.8685
1.5393083585181129,0.20996650834134167,-0.1877368194579505,0.45510847471326316,-0.5367797884930356,-0.44065769065487387,173457.2007
-1.3722947040778104,-1.6557355544521193,1.1218179674690851,-0.7559417175042449,0.3574211936589645,-0.20885611853580835,273348.2032
-0.10737870026462228,-0.27443817885946226,1.7193084329204051,0.6815358106625246,-1.0760287403278819,1.0591125400126473,303706.2523
-0.759184366023075,1.8774383014430645,-0.7911837109259883,-0.2919597909089771,-1.1883438644621998,0.032370220323524566,240955.9111
-2.733836054272988,0.5499052995516268,-1.5270707139898874,-0.4189857462418791,-0.3562512790283117,0.7541454303967683,152213.1533
-0.49467702317195594,2.5953110986663885,0.7138232152205592,1.2062402197014583,-0.7861597424361354,-1.5176382830991375,209444.539
-0.0685969471744143,-2.7432714280328034,-0.49686643529656976,1.2026868683060636,0.12835614026681763,1.7206849293603623,304127.0367
-0.9974698633515522,0.34531568253679634,1.1063340411860931,-0.25046254851723226,0.00577872262591237,-1.0186832965157127,144701.5746
-2.507960562013502,1.9144137053672445,-0.7454922018482816,1.1852952840068671,0.7928552479715005,0.25599348186483684,106382.0395
-0.7301696552187404,0.10917796653813182,1.5699231396182252,0.5352393634554373,-0.8794215770603551,-0.19341729913230793,238872.9863
1.7778884234078505,0.753567174717794,0.3420290300953561,-1.3443066353331985,-0.034270804466569285,-0.6712277414056114,342611.5057
-1.314440954013629,2.9280370743053745,0.6749866859284226,-0.4793229334164838,0.10189109350605434,-1.1574473796846927,115585.1555
2.015459633052149,-0.956946522436554,-1.0321929170745159,-0.8510151218923043,0.41584651171795084,1.1368836055704152,418385.4546
-1.4597971272309955,0.03680502665002222,0.8637068530378869,1.3401811553692395,1.027377468359649,0.26360121128988084,208962.346
0.7948860457771583,-0.9881737918145348,0.16392028605373268,-1.6819680541425455,1.028816878877106,0.6698407340644524,190929.7288
-0.7251511912784547,0.7393069477092464,-0.8646555476909296,-0.373446878210925,-0.6584708018293031,-0.07949683508334096,280106.8147
1.4150117122265276,-0.9589022868256029,-0.8305098447353456,3.2675484675748425,-0.6236796331679982,1.6481867874675926,452288.5216
-1.2732730666077092,-1.1417435268189813,-1.8000815250577689,0.3374392062038634,0.464991810076468,-0.6799493474159225,406167.87
-0.3904724617683517,-0.6771181105090339,-1.4212602233325768,0.42049310781630134,0.9292321165841425,-1.3782734433131612,414789.0218
-0.687537702434912,0.2753452977183743,-0.5678694825003627,0.38346307320474193,0.3407437479884987,-1.3399478615545115,238694.5995
0.0006018463186360094,-0.08439228715864115,0.5613385708047232,0.5279638115732629,-1.829934556748765,-0.2562023748060029,268779.6379
0.8271641106187883,-1.3002280711532337,0.7674185510139829,1.1878462604725537,0.2060288012541043,-0.7962950514536481,543120.4207
1.485859718844714,-0.28225489272247506,-0.28747866600562466,0.9697756905388053,-0.10825331873472152,-0.05182728577194925,625386.2148
-1.763450574764889,-0.8282244588725979,-0.6976922589183774,-0.7139613611174309,-0.40934867910977324,0.8144398346191769,314209.3173
3.429458527511344,-1.7747433093846963,-1.1114715562311583,0.27519253866448284,-0.08798798219384775,-0.6152434331401654,765283.641
-0.4400232075249425,0.7344576675643782,0.2729800016540263,-1.0399507234197645,-0.7892380496091596,1.4959356584674086,154621.59
-0.6543179289255932,0.716388951390697,-0.08586725489559725,-1.756463414389646,-0.20792971148000267,-0.46426311838005574,127557.7162
-0.8978314313226811,0.906143919764044,0.3620573528656659,0.7249101763534838,0.32738156374816163,-0.9990641466237001,300868.3153
-0.41514070476504433,-0.08699284944632076,2.0262960003545274,1.786253742230451,-0.6717122078588341,1.922357945991696,408845.8492
1.7250685425245718,-1.254511295544036,0.016358601439668146,0.7693906364341995,0.6983009607497557,0.40210994554261226,685483.3011
-4.823214465053632,1.2826486186236383,-2.179491250735403,0.5729523688803805,0.3810400603941994,-0.8961758261118906,290794.3398
-2.1641068187390364,0.9112769394640492,0.4707766266721253,0.7069484598098219,1.1374070729640642,-2.377756613927496,188491.6851
0.9476906160183577,0.2985437322048522,1.5288850005034078,-0.8546948331246728,-0.9500461732650117,-0.27286064522162423,195802.9462
-2.430502184262582,-0.1904293675871007,-0.26823002729693973,0.834887549790053,-1.200176646953012,-0.3197125322615167,231570.9801
0.6642116497062233,0.16030455742348204,-0.23903540477016272,-1.3820828628446706,-0.038314359263890714,0.4078300282219224,316909.5352
-2.4552542102304775,-2.1901910710026247,1.6658619612904788,-1.579205406393301,-0.07688980770214732,0.2173315724351234,96972.44843
-2.433120755833141,-1.6306566610229378,0.70867001629405,1.5322562013740884,-1.069227285195744,0.5562870445856322,278155.1053
-0.5503983228238717,0.4256592444607563,0.825149923912603,-0.8911501105907719,0.6577907358377574,-0.6434098849938915,254658.8327
-0.8298732171639239,-1.3354896431798526,-0.9479185406055183,1.359539898461,1.5893609726743394,-1.6487834697244301,228863.4452
0.4292493440516571,-0.10635342850823491,-0.1337368394579421,-0.6165287155195179,0.47284654590378067,-1.0035400798910006,278658.9998
2.8637720419114148,0.8701063983062305,0.24265150573522487,1.1494903654597073,-1.0935325310853665,0.12102203449387632,372049.4141
1.0711012390055534,0.22182298300643896,-0.2342949089259881,1.0369437077319743,-1.0521107455233338,1.139668453620122,507981.2627
0.5163229347972734,1.2043692933729087,-0.4744248773884158,-0.8116635003139943,0.2105196648958605,0.40035972640650064,143531.0914
-0.28928511740093554,-0.9951519574685258,-0.3995441750515333,-0.4965675818842579,-0.8165847946490464,0.2790048639162206,389129.4108
-0.36465363267089146,-2.6567897817130457,0.6872170211716693,0.4891771176890317,-0.40745845414192094,0.7309107248583765,341871.6704
1.2793759915460696,-0.19189197881256045,-1.0908489162637072,0.3936389632481211,1.433547994128467,-0.18187620691113174,348803.1786
-0.08600019359017776,1.624929082565453,1.2218020418720634,-0.14253488073136575,0.03105156227700738,-0.69821185145024,194022.0792
-0.30146855768597564,0.7221373869713096,0.1424561912465233,0.23429822946370066,0.04991193067205012,-0.7835224874411818,188917.0239
2.3544858301069693,0.8609359021235524,-1.04417552631906,-1.7918104689308463,0.42428645944514415,2.2366650474368908,257055.2759
-1.5213349905178981,1.1667267865138595,-0.23779212601585473,0.7078184310349437,-0.2364056278241183,-1.6582336923199685,275038.5107
2.0908760468854153,-0.09871919525686525,0.5096502944198552,1.133690665037385,-0.20165476231071494,-1.4557036293871017,529431.1245
-0.6393158828196676,0.2965980050535654,-1.3923260574130414,-0.46164015692625526,-0.6401298284093314,0.8609450572037711,320519.9801
-0.6835575956632247,1.8762312327346815,0.29047884321861683,-0.9189434653593467,-1.3753687862058326,0.4434444144961833,117803.0106
-0.5320477303805526,0.4181096772252606,-1.3400446325066873,2.3008365422489216,0.042617489251665794,-0.9529402677984549,488214.642
3.111439968464086,-1.5240320998180084,-0.6245692812966789,-1.482824869514758,-0.43239896496359564,1.266764587263894,483438.0362
-0.8402106322873198,2.521764304165045,-0.593245255307286,-1.94345255817386,0.3131133297640576,1.0005136789322118,99853.44799
-0.778905854062538,-2.1065030406921084,-0.07732603725410472,-1.8308239309138423,-0.3171357106274775,0.18454211688740707,127798.6831
-0.5464069715177556,-2.3334109484068244,0.872907994897118,0.6729507856368513,-0.19350424834628754,0.6265703770820711,257070.3771
-1.9869711461316157,0.45857137862541025,-1.1347158685312424,-0.021383414681155257,-0.17528386432922433,-0.5221518504904279,375958.5058
0.9824297573014551,2.1176328875609753,1.4410171146918396,0.1207511156842091,1.643269250433185,-0.24042814834948237,156171.1634
1.152247905408775,0.3975728332622158,-0.436616577457404,-1.0101043075490044,3.035976014082214,2.591100208525687,268339.2621
-1.429396925847528,-0.10592393355697356,-0.46073481142745654,0.3018011605214391,-0.7992933321356542,0.4187478626056395,177035.7517
-0.8306051980347464,-0.6573473866385954,0.32909696773954933,-1.1104655686187135,-0.03625510022571094,0.843253128983218,312489.6979
0.9055732335637606,0.42786170021378445,0.5310350229700792,-0.47937104410508535,0.42731075432659027,1.3078412765445822,161529.1313
2.634923219513259,-0.5840356867527315,-0.45884668382904265,0.3101391090630198,2.0706503417331055,-1.6717243100489374,378370.4141
0.6489346894180332,0.009161503360960256,0.08597390895368738,0.8722695386552473,-1.7119836078570074,-0.6344954596731144,286895.6791
1.0121937764613453,-0.7897467146639964,1.000817526637802,-0.3191383860269154,-1.1812537402471026,-1.8378314324241074,298431.5825
0.5362377281048007,1.3678511375698905,1.4564379148734512,-0.9838172424810921,-0.5749417798121713,1.5164956738471576,354546.9918
-1.186054304573937,-0.37850266969839563,1.0780559008139368,1.3341859683442368,1.7494509878402427,0.32807720302395266,387469.6642
2.311932134577879,0.679394165472387,0.20178293799453612,-1.8936846124609565,0.8882763667549567,0.1305187004714666,483718.5452
-0.3144235798810155,-1.963697927027764,-0.5324039501867762,-0.34214928248801796,0.982495040959919,0.7072242721633413,317104.3559
-1.609022896334572,1.294830384843663,-0.04483478606897557,0.43294854104643954,-0.19753554148539842,-1.1930522581501821,130804.6513
1.3226201315439126,-0.032267312236426156,-0.7944462003904598,0.44678577778843265,-0.20896530597162355,0.5552439641854909,323022.2186
1.4089085296339665,1.1475936282629513,0.28441490759731014,0.18300528573264516,0.043410898815661014,0.6829049095243678,264295.7018
2.7499631474635065,0.07809795622929769,1.1714011605958805,-0.45461870774144564,0.31766496758666984,-1.2920500722615533,332166.2074
-0.42159538934639695,0.4682303290263567,2.0501047496254454,-0.7754886684748742,0.8163050582606068,-0.5030160600162451,289804.9546
0.19465285864710746,-1.637164003418715,-0.545700619338632,1.0419985593583398,-0.08613419769621063,-0.2650461097839403,373373.1474
0.41320427507587065,1.3486099766835213,-0.34801459320471784,0.26625589629862545,-1.1305585571000678,1.2070428246062153,267549.2592
-0.7927322857057778,0.3785815418611279,0.7379319913972603,-1.567819568210448,0.10440018966187788,0.021672323045941192,269419.3537
0.43242708591300333,1.9422144632584766,1.0280630651832825,1.391031864844514,0.5709395740091575,-0.035934691453823046,547127.7194
-1.5487962985861492,1.1773112333544422,0.5197103945459386,-0.829696944745114,0.22051907514450755,0.6785763207403771,154724.0955
1.5933626557437488,-0.22477557421624952,1.4296734909550335,0.4479182913548017,0.5153849156914599,0.5096902074767445,419388.5804
-2.649450349208738,-0.5795873279696712,0.22344832525133612,1.0653845545903051,0.6485094566663899,-0.2405615467258569,172428.9174
1.514951588650334,2.0778414796884688,-0.5285167058286238,0.0860541962354566,0.7851851411548347,-0.5386974196986816,304463.4501
1.1632176142461284,-0.17172466413293586,-0.008133391253041564,-0.055580379059833394,-0.6523490188939535,0.5322295270163118,221057.889
-1.7234659054795456,-0.6476160148902617,-0.7448020092587598,-0.5129003964746122,1.0766651988417202,0.4332694858787255,209866.2322
0.008304889845249738,-1.3881255462278292,-0.6966619577090105,1.5334775643907954,-0.09580279110602304,1.9106037803207019,392213.2671
-0.18469148622878304,-0.022996923525612716,-0.6135102962164825,0.10790023747801343,0.4511689829879471,-0.6180619653617659,280770.2438
0.42065042488271537,0.7261195913125942,-1.263171257257308,-1.099108547428339,1.5846481345317078,-0.000629385769200788,243173.1802
-0.8444147510160221,1.7787251443439958,0.014657740205734772,1.897953930190173,-0.8592854722898259,-0.00680227909569505,375839.3966
1.8113862088449797,1.4483245178118742,1.7137584584335284,0.7876464322385565,-1.4170405456994322,-0.08578169401947865,548095.1998
0.4230558558422242,-1.0324391878091046,-0.06994159162136034,1.4904451906706817,0.24154593041874975,0.9330780432597368,264529.5677
1.8497308697587949,0.2586367120132279,-0.7677528653820913,-0.22480662580816568,-0.05775263092800042,0.414215386400008,622313.4809
-0.24083169937426627,2.425165475575691,-1.5345503949352282,1.6061951622266897,1.298870463426676,1.3032266355650608,373332.3341
-1.995200667085922,1.0122275946901158,-0.44546182438555276,0.5261902936218441,0.0025446919836450907,0.5384685838063169,320724.4831
-1.8729629277449684,0.9865313897125432,0.2502971194447449,3.809264591342415,1.3702986181774746,-1.6455714089379092,188120.709
-3.7206638464547863,-0.8045188506623088,-1.2554950821829471,0.49856710011605765,-0.8650240966361498,0.7543416518868068,157667.7423
-0.30702004412141315,-0.7071187396361526,-0.382583129900265,0.9789980139852384,0.8202400866323842,-0.07513625650641345,443302.0701
2.026035381980633,-0.9305716925880422,0.8071712101295051,1.4746072564876607,-1.0743807723161645,-0.014576083210382139,553902.1136
-0.058265738146727045,1.2596662737525075,-0.7708337357432394,-1.1792747052259558,-0.9910499555708403,0.16287343310005872,134259.7363
-0.6414954757985529,-0.8707671015568784,-2.009052115741898,-2.045525906357805,-0.2647175239502978,-0.08841382367662445,272324.5752
-0.14343190023597507,-0.41953779108704986,-0.15930184688750398,-1.0790412982775994,0.021199028445311314,-2.6862045451810843,313336.8343
1.7475076608326068,-0.6253939806055695,0.8342504705385358,-0.532418205945266,1.0075223321297628,0.5559784100073084,247876.0339
-2.122554306408684,-1.926122718520166,-1.4560818307850423,-0.5888827141631657,1.3286487638293494,-0.5309453724937393,148674.4693
1.3278492270009883,-2.2129119147045415,0.63629181205138,-0.47750601119962605,1.0370909128428785,-1.8052831035095493,528857.2625
-0.13651406792459547,2.460052926414926,0.2916564019652134,-0.6243658702995054,-0.056275715618421804,0.5426007669194053,210450.8806
-1.406764897003254,-0.06838101147087335,0.3288828526614852,1.886858485894212,0.46144492568247825,1.7495533848101172,317819.7604
1.735623649819481,-0.6261139208740079,0.9377528350309282,1.261074422036504,0.4211487009251086,0.048017545966998594,283593.8331
0.279523089005539,0.3362595524677454,-0.3117017041607661,-0.1275907170330816,-0.06904871317502083,0.2114726592566783,223723.5155
2.4828674585019264,-1.1521814670402146,0.6298703127036974,-1.4647292689629876,1.4647933839681242,-1.0563171078795348,197997.101
1.9833801541302372,-1.8288742151854593,-0.8525245400849332,-1.4163842380175218,0.6732124906262016,-0.8058027930171782,367969.6697
-1.6971975154209225,-1.6467696703115353,0.40188800554379506,1.5566402364943355,-0.28832490343425143,0.4418794064811817,127824.311
-1.4941502271754736,-2.31157914779423,0.21029557134502455,0.8867071772234213,-0.5013613002724199,1.2541967304531956,317634.0889
-0.15144776207207405,-1.729352530235983,0.2981066075976167,0.16991232607927265,1.614249064149829,0.18338471414279459,470218.5031
-3.8547777082719357,-0.7930790580395908,-0.9787416107525357,0.029027311242755472,-1.2139033209769095,-0.350222976273389,168641.6817
1.640783235994629,0.3223253406077193,-1.0069614524172104,-1.1896554000002155,-0.2613597133686806,-1.4743150288457785,245250.8451
-0.9824516313838936,1.3489796449558733,-1.744441707062256,0.5259427362958106,0.5963866275689065,-1.497363546321301,208455.2275
-2.5955383021860845,-0.5016202981641326,0.34147661793693673,1.7641266530950384,1.194991681070606,2.673508654440916,264828.2519
0.009478524474849218,-0.9793776348901192,0.8581213518669466,-1.8757926311437452,-0.06372280913897559,0.0017983253522350347,254573.7199
-0.16606358347880576,-0.45576303544076785,-0.20486002711044637,2.160175036709899,0.542852007222953,-2.3143419982809434,479562.0248
-0.6185516073927024,1.0835396800454575,1.168480668817631,-0.6563515344863544,0.7852260971056492,-1.193132456355511,175759.5376
3.3057295042468997,-0.3727053972083614,0.15929286153645136,1.0130458817200625,-0.05723699269005508,-2.4730572324150244,493358.2648
-1.467376660690115,-0.4252705957427482,1.5181805323229551,2.0065013099408935,0.15765488993755505,-0.17295224852878563,306825.0784
-1.07948105018992,-0.9843721795390606,-1.1227836588454627,-0.6529267124282621,-1.590681731522955,-0.054926065705058244,158687.2579
0.16783915652372816,-1.0620699147413326,-0.05595834551165858,-1.9675506507517273,-0.7417297093616,-0.8155160582371519,408102.7685
-1.4590707062644466,-1.5906509523835641,0.03761388915188435,0.5520542599242632,-0.7151372790606839,2.262652491800654,170322.2309
-2.4208658166452537,0.21704733479569405,0.44723213360632696,-0.14435527174436127,-0.11161372413039196,-0.8172733447086251,114263.3668
-0.8380228017407054,1.1604885585748417,0.41313770147303486,-1.5006688248355404,-0.2341615223817868,-0.49840868584793907,231333.2593
-1.9849715835006898,0.6889593084085127,1.0928976914806734,-0.6345246932077475,1.4108302763727851,-0.7864299224673097,154994.5258
-2.8547796340580636,-2.140556258278147,0.2499421889968409,-1.1291555725349585,1.1476910352748335,-1.009365818523496,96879.55619
2.3908450908606493,0.29114682465156805,-0.3236093961742247,2.185760666589095,-0.21341191220151842,-0.17124693287068546,876062.3682
-0.3402591429106927,-0.2569287791146625,-1.923970474591297,-0.4304707294432817,0.21896727815114045,-0.13593971583699438,376348.9809
-5.099187603609188,-0.3423233722606493,1.2383215959711105,1.6579748255059612,1.7229713696940245,-1.5840578423753637,134713.424
-0.6917494462336126,-0.2543107267477094,-0.4133145048830323,0.9955731799031133,-1.1318526245591778,1.6669951918190127,364366.9774
2.0230564158685804,-0.7184711819895108,1.2661311408604705,-0.14416700928169923,-0.14210957719440115,-0.8233551955055092,459577.1829
-1.6310713409830255,1.278950751292113,1.010753182758718,0.4908437237448351,2.065386557684553,2.2122922704649377,114473.6565
1.2225881385149358,0.13861573934449548,-0.4529211616591688,-0.1929426509961492,1.5937746854125734,-0.5917141230365801,212861.6656
-0.644644429122692,-1.850943598525557,0.16895989819892582,-0.9647071129702838,-0.49304046855927086,-0.671139399293517,317480.6157
0.22171215762688098,1.1394734799078199,-0.1742505651209468,-0.8453034425620167,0.3652495307865618,0.3293129380346779,320741.123
2.9374387703096216,0.43242966727525894,-0.11980731171308426,-0.2249283375205641,-0.6444325925286123,-0.9691585885594401,638951.9941
0.0075603605577171705,0.6166893711205103,-0.9675557699444198,-0.7743664260747353,0.08003671248721392,-0.6674025303836616,410038.7161
0.8909455628776776,0.3471171623237951,0.556672951116783,0.32491624138179065,-1.2402102740297518,-0.2132411346950055,276857.2141
2.4555554111826927,0.8293473787327488,-1.803203986917741,-0.106482730586502,-0.42479092840613536,0.6168723160117607,372258.5187
1.0503356850566954,-0.2533775948406305,0.5311698201998315,-0.8919995983803876,0.001217801564930916,0.038463548907856616,232685.5868
0.3932614982970792,-1.1711400602969044,-0.255616874295605,1.1281956160369904,-0.5071716093263839,0.501141924836024,560155.638
-1.69807070759872,-0.48476313095609136,-0.3283428379976646,-1.207853280373778,-0.2950360859654255,0.03923522191286286,121815.294
-2.5723490166231424,-0.40021593720231574,-0.5487914927831254,-0.65588802757454,-0.0663360932892146,-2.0561961879585477,99924.2893
-3.3351605621720966,-0.10010329293068607,-0.8155792090029965,-0.8183319941429231,0.7872844479035911,1.468775652237702,111848.1471
-0.6959138784925164,-0.5305920144584879,0.14670709297576037,1.2289470312116262,-1.2098599121259177,-0.6752349877737597,192649.9063
0.1647886327682969,1.5059951919612244,1.1882499653769494,0.12482418566547426,-0.09254644696982524,0.7602840955771689,237342.1587
-0.8423531497169497,-1.2066720956282897,1.803906329098568,1.5893285782848712,-1.1197164701111502,-0.633955303994503,254493.4606
0.12392875072944645,0.6251809947239259,0.3813580074524708,-0.32911795450436504,-0.45642782751260125,-0.2790492621724491,191694.2262
-2.5986660494912024,1.648085891567066,1.5162337793795129,-1.4243614772040385,-0.907813835534317,-1.3073947149182852,176480.6397
1.4413360332493543,-1.0446584710851938,1.3316022399541136,-0.29749334736851396,0.04259965544558508,0.6594037843158237,321152.9688
-1.8239033922180916,0.8957126998042524,-0.27310944794173087,1.152940314488909,0.7735430751084368,1.4980973411701373,283758.8869
-0.08699167243912416,-1.4609754501898697,1.632790063017212,0.3229052701943562,0.4855953902857361,0.5541073221455335,320569.0269
2.3637342117641498,1.3753044453520893,0.4469446837278546,1.5928041970105287,-0.16199760752029807,0.4241887190237067,448203.1313
-1.2411747603007464,1.1096896338601852,0.42022955666611245,-1.7774934963703282,-0.4474901631391736,-0.32450663656133194,143643.5966
-0.028601746700626585,-2.6598993673490035,-0.054157716084782155,-0.45860640677249354,-0.48239616029282956,-0.03695582170677367,402228.346
2.3390526431152012,1.1422007845483817,0.47730735881354747,-0.5617746332895588,-0.4926323236155183,0.5902576277530707,376167.3388
1.4562560235638191,0.24028231214699874,1.6843888186283167,1.6975470599605602,0.6074013492626398,-1.391718639760725,432138.2935
1.441111771248195,2.0188868257448034,-0.7067136481518296,0.7418777910340061,-1.1583585068508437,0.9762398760935831,438422.9176
-0.17983303609716594,1.099849062927293,-1.8576508342205051,0.9544237833643028,-1.7544977481732589,0.2824951733848049,264350.6073
2.8247603610935483,1.0072927768174211,0.691486736389205,-0.9727539577348217,0.23877939511709106,-1.3643192658831118,301583.5697
-0.5674912785341385,-1.3016728998065752,-0.08202379981676344,-1.352190234207464,2.883969510222672,1.3588487513967071,188004.8544
2.00686340124063,-1.7041565030353631,0.024502487384609382,2.185889620996689,0.44562266225395436,-0.5985970890694199,706274.9596
3.7646760246365103,-0.5490192251025928,-2.177581785182365,0.6588000946969057,0.6798319926530737,-0.5494361273371277,525491.7565
2.6788305463080127,-0.9097660854460223,-0.00973996344882372,-1.987386556149652,1.495797934874188,-1.6217089364796697,436641.5751
-3.3194063962642546,-0.016884594945517743,0.49000363980481393,-1.2620391337726033,0.3624640729157771,-0.45794635735585215,271197.4971
0.22964197755841043,0.5465180797064305,-0.7320245307982153,0.6098007407658217,-0.36025208723462687,-0.36831762975407173,235139.5085
1.3635593018806482,-0.419956182793396,-3.39118454677419,-0.11368724165096694,0.93358116364971,-0.7384352401462941,354930.9638
-1.3163637252104283,-0.5630817123036249,0.219452671414242,1.1362276754425134,0.39504321023381234,0.2858941493916132,189416.9866
-2.9740269505541526,-0.27985815520583296,-0.6849429198670903,-0.7269219510985692,-2.019013077077767,-0.711365770692545,127143.9214
0.05495244896772853,0.37877457351619565,0.34356065788672524,-1.0802377473697615,-0.3423770490504986,-0.743989651968465,148416.2628
-3.1719944059977716,-1.5761381063523896,0.13765109596480396,-0.03173166644261527,0.2146694001512097,1.2275543551006383,182665.8412
1.8111098296383559,0.6519853342941967,-0.11500795101506806,0.19733340653846235,-0.10234378173008146,0.10505141630449763,293437.225
0.925487021378629,1.3715895644351317,0.3553357928062218,-0.9745841557453538,0.10093356507441194,-0.32894908083366653,251684.8424
1.9036973805114068,1.3461345957795625,-0.23738647263420296,2.6481993722390773,-1.6618079015377019,-0.29127555534871835,497007.6325
1.6869495297419825,-1.545656532059479,0.5713164190200476,-0.5666761009373815,0.10589032125976976,-0.6441929071261829,355808.5467
0.6016803142709347,0.8459423106164062,0.396344279932306,-0.9219054606348572,0.44433180507847697,0.3204898946018812,319753.5556
1.5483619501009345,0.8148919846461907,0.808179030322809,-0.07396595274509313,-1.1174919379559927,0.2785541976513041,284888.1118
-0.366663540782526,-0.8756774515127341,0.8440000855094886,-1.2775849320974586,0.5554239893537264,0.564786938263783,267057.6411
2.002181006958119,0.31311393048910174,-2.0008430720275396,0.6710749272755872,-0.008936462155611518,-0.9860762493047859,359740.2841
1.665234557700089,2.1898171996493088,0.08242622378159287,0.7904928019953216,2.770793785146291,1.1621111812423173,255864.0649
-2.02503074555616,1.0393999361062236,-0.9292633887742202,1.1172633179597222,2.1163186631755493,-1.2809376915721675,140619.4594
-0.3637603141554406,-2.0928674121608357,0.9995614781311511,-0.8045204159076326,-0.8310066025051195,0.20087221931939067,165472.5762
-0.688899929701618,-2.8409233731629406,0.7641531302333334,0.9976605456730238,-0.8328908668080288,0.12491541170157315,349899.8075
-0.8860669457979795,-0.19097388536944154,0.582508234917326,0.8710714021790461,-0.2574407081448096,0.5125204874273002,204927.6177
0.2233108308149735,0.13424902476083295,1.0458355473628724,-1.4115659448073292,-1.266818731713674,0.4654415163550576,288967.6594
1.2308075668208889,-0.038210145134570904,0.7290424499473418,-0.23605265824269742,0.6707002324327624,-0.8413470246782826,299742.1106
0.57091629827412,1.23919059747031,2.467240360109668,1.4396266824552502,0.7614385936841465,-1.2201008256614854,322160.5006
2.6698270417803163,0.5271416337836986,-0.6362481592015339,-0.455184896417676,-1.3932142179560172,1.0863594465770843,387216.5626
1.1599565262396814,-0.4593475854291634,-2.171443755804115,1.723067965825179,0.05839949578264497,1.6227136849974058,245663.2987
-3.262008880699225,-2.0975932678176514,0.2477987520131391,0.1996729872064978,-0.06364913846467567,-0.4623614860358588,100313.3241
-0.3493733076812213,1.0930061987187758,1.413403194903529,-0.3511555276940945,0.04225587903541125,0.020961407485930676,201806.9634
0.1815615701844227,0.33984873677252503,0.7372841274529035,0.6915049198551029,-0.01896612194893195,-0.3272223871364322,259240.2072
-0.990139326404308,-0.2494612928769766,-0.9843303712964316,-0.23312453459812157,-1.8003802610683113,-1.0027299956341371,266242.4441
2.3745401658280434,-1.5676441766175224,-0.34055887243214567,-0.8323551347211674,0.9927199487258459,-0.5158620920504859,448315.3875
-1.4590718623274332,-1.095191205340275,-0.07486809418007502,-2.788075259770507,-0.047866413617368715,1.0745710340963548,136165.008
0.9894506062598459,0.8886305646336152,-0.9243922596964183,-1.5143497484609052,1.8169101218650248,-1.482207390813418,374053.7945
1.9516979117948536,-0.06496844084960103,-1.2335310921130265,-1.3679482239231318,-0.3744734205443289,-0.460362947151079,554080.7887
0.0007576445289290798,-0.5512563483989368,0.5557421215599359,-0.09627873591937346,-0.02345913525625466,0.3576006709783265,338734.8157
-0.3079911174543971,-1.1014194865385782,-0.07162669036291337,-1.426410315877017,-0.40287560284391305,1.019158318453154,151152.5158
-0.6717894492877104,-0.17307152307430532,-0.5285562632048435,-0.5070802954792446,1.364559504207152,-0.5555562000228271,237834.0921
-0.5051194863099331,1.0287311939219441,2.31850451407621,1.146270024965648,-0.8766221332824784,-2.012684031726791,365937.7664
0.7698080363666197,2.398856312349671,0.2598480507414123,0.27213929676715454,-0.20615140516024114,0.14866907996199932,115439.3901
-1.3741734349644408,0.19719563119316522,-0.17197675295374126,1.3512417969444233,-0.17704387230817706,0.0860019534633384,182803.6484
0.7669677010112481,1.3976662563652416,-0.6690352928824348,1.1146581512245235,-0.6536302809119143,2.385725742237307,552095.1351
-0.196595107016448,0.1340036968885877,-1.740918263233276,1.0455153959264927,-1.5177898782516583,0.16200519784417391,509360.4471
-2.4814183612016216,-0.005683412342836216,-1.579309967426179,2.074893730239255,-1.4342024555006536,-0.1534371078554003,316637.9282
-1.6029138048634342,-0.21868848940967525,-0.6268318323517343,-1.237564708228403,-0.09118016845077122,0.5990344822133268,153736.6301
-4.929192752445292,0.09493539757085528,0.13982131652917518,-0.5269646512969055,2.838157750592096,2.5340652711898897,529606.7556
0.5305159579497064,1.0038523866938132,0.5024584935683533,-0.21926948710612332,0.9626487111001286,1.847057447017153,605439.5907
0.6086965297285025,-1.8130493810446704,1.4487881246698504,0.25766824517720777,1.2500889811184162,0.982131691194737,269777.4651
-2.751199451230901,0.34687925614100545,1.3695260612468563,1.692070076365521,1.4546772027013914,0.12480776346994131,177184.5331
0.49684663816016483,-0.9724142284518711,-0.348009139553559,1.5549137167335931,-1.8658912464233781,1.761434352430556,326155.2744
-1.9494321573318059,0.3124256546808364,0.45565386252029705,-1.7380202810479637,0.7907539585198922,0.16556461882595666,183150.1299
-1.178320411708764,-0.8598204896865326,1.833682115738192,1.5095634963741646,0.36907443976533394,-0.26160571928727056,204589.0233
2.0060157370754164,0.6425730852292473,-1.0719202519729476,0.27871305900512944,-0.09086716213173979,1.4250135942882525,486979.2979
1.2014477823639083,0.30774081856719204,1.512838975358048,0.3108655205622328,0.6123326617955889,0.7592549033766077,256469.5086
-3.3055713598867476,-1.1361500815172954,0.14667782739969032,-1.9888239914845787,-0.8671385245698855,-0.6491956775429857,229853.3099
-1.2429028702488956,-0.2203133372049075,-1.6466619079390301,2.3720276150725765,0.16312195065978247,-0.3661654125198236,288844.2969
2.118420793909336,-0.31288681874501745,0.5504985743687976,0.12279102444121924,0.7370802133214377,2.273744840170865,551832.3252
-2.2407888384227386,-0.7041082656628092,1.3751124688063037,1.3061697978594773,0.2779135896852302,-0.5810582393741456,171317.9705
-0.45725440653983435,-0.10018269037042071,-0.7351025491088278,0.8384490187602283,-1.0190934982731605,-0.4219318390197055,264419.6829
-1.9154110414039867,-0.04793748043749705,0.5609824827687194,-2.1113206454282802,0.38342337417691497,-0.08205365694121995,153457.8801
1.1777671006368362,-0.09047532117386714,-0.17393613768430313,-0.3127704097146901,-0.810173172438917,-1.0738446063107785,365678.5358
2.1714048777750747,-1.4610776400416656,0.29246138882968126,-0.6950765041928242,-0.4969302406267244,1.150818685552104,657864.6024
0.03487741361888848,0.8857826575868697,-2.5498599579795647,-0.39501667293945814,-0.4703241615324355,-1.1500414090361086,527658.2448
0.5545753138898333,1.3918998471169302,1.7086557868200274,-0.5349212866668318,1.2501431786377397,1.3893252583225297,131050.8324
-2.211828678969718,-1.5474532870926339,0.07858135324804022,-0.2672784720561589,-1.2265627063258842,-0.7561626960202794,237871.3158
-1.1537411840788483,-0.024444229745582968,-1.2081927344720567,3.179662550181408,-0.03326281671800763,-0.7330333210718785,272035.8033
-2.14944389890847,-1.7181099047278772,-1.2097748630395082,-0.6572330945309622,2.0947777317026093,-1.9628965912804424,174931.3019
-1.4279643682012735,1.1232404532560003,0.639783466486049,-0.4622020634264311,1.3287541945006514,2.3386020366364115,163712.9443
-0.3363327958171811,0.9115357533107467,0.29712371683159083,0.15337209877110022,0.9974486630319382,-1.7833445037390043,221072.3475
-1.514398771780704,-0.07830985570344559,-0.1357597065176188,-1.2218395774587612,0.23729352434269074,-0.7731900353044958,98659.48993
-2.300581200838591,-0.9442525402825235,-1.4705087984359766,1.1981521929511865,0.3195315660968047,-0.2929689439130344,120515.0697
0.5574030868334143,0.5480526133164773,0.5990320096614693,0.4292139550192461,-1.8305804624700635,1.178142594623252,324596.3112
2.19646558498131,-1.802414126305152,-0.9957440787309799,1.1584044505574822,1.311183739233,0.596590135627682,697476.7486
-4.262983909163457,0.8744627505626458,0.702778630877706,1.7985306093021425,0.38957505258966363,-0.7081506491828848,231303.0824
-2.104922464457726,-1.6844672396106222,-1.8142906066030098,0.868713699284492,-0.6448264079192563,0.1574633028698227,204763.8543
-0.8933989168311439,0.015181309863435674,0.08149607412061384,-1.5711961741694525,1.0508645613144318,1.2608358785981526,204414.5727
-1.4546333891505363,-1.2348941483400795,-0.6280290393817325,-1.527927586043444,0.412424368628557,0.36766910473338277,114167.367
-1.0849402889169915,-1.7130595719925603,-0.2806194311359836,2.045712376696025,0.0013609916139687374,1.071453459373372,504948.6069
0.9771646298361731,0.609696397441708,0.841653400307839,-0.37261096243583103,-2.39095029908569,-0.20959186681570402,212222.81
-2.3968364295805786,-1.4570166217112805,0.9665206078884092,-1.1076799429610011,-0.14237760220454138,0.11830854767921477,165044.0344
-2.1647223822588493,0.870896939652814,2.2351552859738466,-0.2445328744536659,0.8471862106704259,-0.5266584031830002,197659.791
2.210297794084952,1.1893158858551447,2.032800932317731,1.3255547679103024,0.8193447641516894,-0.596176787524645,404050.905
-3.36798149819991,-1.0934809787168644,0.3826655425290957,1.5689330274219853,-0.7362598732049781,0.0654874030643222,256587.6562
1.9760611120392464,-0.249438570009874,2.1341998671564273,0.9596797671912852,-0.5684116012137836,-0.4215094750369489,517953.9197
-0.8145501510864267,-0.9490694182161037,-1.4247865546731673,0.19415350222556738,-0.020977132360188343,0.9281793237104613,257144.2688
0.7640508619045762,-0.32328164208503546,1.319854169355777,-0.9167429565898881,0.6380704174673174,-0.4550578091522228,255620.1138
2.1824370618957505,-2.495118750090729,-0.18331295628895528,0.5256282731162463,2.334210631058466,2.9731385485856525,660109.3536
-1.0949450216570347,-2.3957482364999385,-0.3039171185800151,-1.4227768795093667,0.40778466898315335,-0.9789658607630283,191532.491
1.9231831064807035,-1.533609611832712,1.1469762377774066,-0.096702162004091,-0.3871791307838594,-0.038445127948166874,532866.3387
1.308121737291992,-0.2378973280926975,0.8247106119609737,0.8032840074148773,-0.26714538521194053,-1.1600338470022138,246476.0065
1.007105370492124,-2.134875515716638,-0.0012147812556877213,0.7302986495852166,-0.5321476028513248,-0.376864214275256,601712.3569
0.21327735080581495,0.3693484547395778,0.251403301419122,-0.4842447788456445,0.21041072038221692,-1.9782935165148843,102478.8996
-0.4899568581793871,1.7870577781546801,-0.5399663359312673,1.6338195959626667,-0.918284963533069,-1.0261918632461888,235222.632
-0.4943564114563511,0.2940210868603015,0.9034802475798906,1.2435149902423501,2.2976238772714357,0.34762134948088863,180323.8538
-1.4711126499368705,0.0010187507853031046,-1.4531588565638547,-1.5672730137210276,-0.017670116819906906,0.13152153914298687,124802.108
3.5157404365179916,-0.6215288169566232,-0.9381223793001167,1.4322911938671383,0.2604989314265879,0.5596864900381675,362651.1463
-0.18624053678540722,-2.7591868801980737,-2.3085762033290242,0.00813614518199515,-1.315429431002762,1.0287050588939266,359000.7922
0.124698876549448,-1.2042148955484095,0.34820862792771284,0.05550966379218642,-0.9356419216354306,-0.5892572011942706,367459.4312
-0.036729348333873896,1.4381284492087032,-0.81955093313968,0.42461394006670433,0.07997671604366678,-0.02858782837171778,261716.701
2.3195530538540776,-0.31166823446097064,1.9365718254968147,0.9100051647466013,0.950564161516914,-1.0160520964015876,616482.7778
0.7508544026272476,0.07217835963176697,1.970959869818051,-0.4819877316942896,-1.241797482611966,-0.038776145533357044,403663.3192
-0.8354067814191993,-1.9010974285769613,1.0164673668039077,0.12906064917199223,-1.714496284039253,2.350498974268743,197945.8787
-2.6468988396514144,1.26062643868847,-1.2190264127016999,-2.2186278928239602,0.038128610326994196,-0.8465053108131863,244475.5565
0.1546866604670937,-0.8698879176750097,-1.4111872633086073,-0.048519664385140396,-0.7814522756574479,0.5722828710833503,306055.4089
-1.5065347855947533,1.5363983302113728,0.051079861224974474,0.3027901780845486,0.18910278125038657,2.3141405657562353,149578.8484
-4.106519863015895,1.8635503621375873,-0.26417532203818034,0.8740792847942631,2.989928233644895,1.4130915730631257,259723.8412
-3.4756543649053984,1.5216478317127369,0.5216070891861289,0.2965812345684602,1.4540139429821197,-2.28701277336084,173010.9685
0.5121886621964279,0.05389889198526839,-0.41550269416625263,-1.0932334726473534,-0.8788703507111614,0.5502049074285548,376148.7559
-0.09338325929099182,1.4787304622348658,-0.04865682148683626,-0.2869261745856687,-0.3497861632539025,0.3998739109074203,182179.1184
-2.340308558249615,1.7156456236137139,0.5201217638537232,0.6810851746312997,-0.27592629347561864,-0.18194196443441032,101913.16
3.09718966143305,1.196156038635043,0.05037526049405978,0.6176387127556804,1.4582610548135562,-0.31491084178458517,377464.8036
-2.1042621256891674,2.6647899348988453,0.6743623964819585,0.026598747500500536,-0.045644670549177674,-0.26918126184863117,103809.7946
-0.3097792631226769,-0.8069516749728085,-1.9683486665721055,0.9789430774440417,0.012117342665503112,-0.11070477705030556,402358.3158
-3.7699879561622147,-1.6816077347252218,0.24561522182241385,1.407125008622558,-0.0656483936128162,0.5735954510587273,98839.17831
2.2172440001900426,0.02393753467662275,0.39471397251149876,0.4425537494234218,-1.1178198284971272,1.2264999211457863,336680.2021
0.8989083424552132,-0.8525982909092711,0.20300045239514788,-1.3667799781477898,-0.9586353642214717,0.09789597118861684,209259.0513
0.20807976166958322,-1.3192101803311107,0.3016105733961172,0.4075134873315781,-1.0809655931011166,0.9326535567130444,322956.9633
0.11526210760355855,-0.026304865475435986,-1.9545031856326656,1.579803698257859,-0.58010318698786,0.026195344218614535,494547.4668
0.8101539267136713,-1.9102907591879095,0.718750355060933,0.5470647832221123,0.018264108822711938,-0.7382474753191671,540583.1263
-3.492663473168825,2.9524592811454404,0.4322508420230643,0.26396194799775186,1.4512437541221128,-0.09697850412945748,299025.9899
1.29954635897349,-1.1097721834749537,-0.4190703812880286,-0.6960162156557077,-0.4616459951758475,0.1911230453521587,558102.6445
-0.32284747073927716,1.7348933802268003,1.3506387992030455,2.921700340483368,1.720149644575822,-1.2425711207666439,163579.3966
1.886627745552475,0.24852901864700475,1.9718843781954487,1.0691038224716851,-2.140438879956221,0.6261540412737953,248472.5921
-1.4401355036408021,0.8448726721783376,-0.17721031495569703,-3.1782026721908636,-0.11302401418396509,0.21138296998830475,214948.975
-0.5864283237612163,-1.75949096898371,0.09611701069658797,0.17673038340001732,-2.0476727026279344,-1.3346239853905868,429178.0547
-0.9204874653402685,-1.1878503158455886,0.10181530293844762,0.7300643338110737,0.6691202899660291,-0.3758569195130218,246305.3703
1.6804954554869271,2.014778984864187,0.07014213327248012,0.15530228769756657,-0.8627886686408638,-0.6521832304789095,539724.7337
-1.4249435589726371,-0.10084741747411713,0.9025269043797682,-1.2197890014600614,-0.6703311393976483,1.2393260645826902,288971.0843
-1.196829552144622,-1.0133896007474128,-1.3773048414389257,-0.2591971509507538,-0.7207654234955919,0.3083431306692508,191146.8081
-0.7598911338964625,0.6166226936702066,-0.9212142848564547,0.38170815271193986,-0.09264279448610849,-1.2795694175401415,347849.6113
1.3656235913991215,0.37903807495712855,0.022399770011326016,-0.8207314433876329,-0.7263453111009196,0.019992668073425396,400585.8474
-0.3785456579412385,-1.539721046790629,0.47044382065129076,-0.7248121993400698,0.2244005154261217,-0.7179744300180497,165098.0202
-0.2413238234408362,2.2909580412597865,-0.4273186690611218,1.507487585792928,0.565367821851357,-0.8477188274075658,429941.2795
-1.2000666683919248,0.5703776898288655,0.7336954268658117,-1.0842927367698765,0.831552134089074,0.32384068955755746,351121.5052
-2.494857692671077,2.092085508840584,0.5142252002261664,0.551590475156203,-0.5532342468186527,-0.7200710955497485,138631.8265
2.5153949751122577,-0.8919885970327727,0.8696821746956117,0.8867345424402123,0.146056160689308,1.7841419676139427,417295.1059
1.133900658192604,-0.5605710247567383,0.3109980645700836,-1.1825268598723335,-0.1825215451711855,-0.17561393294818778,372908.5072
1.8588650067634591,0.28538333255211396,0.15337448517272978,-0.5341777704133714,0.0839054108189891,-1.178692964119948,285174.082
-0.43648004099059834,1.1675001708149368,0.6909736118054698,-0.33004832123972483,0.23334241551506776,-0.13111088629644002,171185.4905
-0.2179793492827468,1.3444411906882299,-0.15024803609150603,1.8604039712877476,0.7008916550291777,-0.5468503845911203,445004.1482
-1.2698506512674748,-1.5526788855293978,-1.0920462193037863,-0.30948662460126475,-0.24934441169478966,1.0403675141082898,290146.0416
-0.8152872744562237,2.54600378379457,-1.2152270790413513,1.5007753634573033,0.6793268832309871,0.2265410304892038,179611.3894
0.0724733363273038,0.6383341477352167,-0.9418098698175628,0.1155598274518569,-0.5552514389775037,-0.0017393390849344465,252608.5174
0.8934034668002987,2.2283606233207154,1.2492117836689434,0.42395157854729487,0.502191909627392,0.6216036455353254,215193.788
0.6844331871169103,0.08664111145288296,-0.006965805095496466,1.293004782493718,0.24532279848996566,0.42787410354881467,226005.4513
-1.6577654982725343,-2.0496138281972223,0.308770189749247,1.043924822670602,-0.7423161887958905,0.861284560302504,215794.7062
0.17444096406692083,-0.5557986070696062,0.06811782231001924,-0.13489533029034992,-0.09467691748946011,1.1945834038957908,315305.8611
-1.2192287799949348,-2.1290234918486823,-0.6601476608153736,-1.596951340582282,-1.3092550340748226,1.004366929392603,114373.1507
1.4143303082281313,-0.7427996636724806,1.847665201636042,-1.1007507085248487,-1.4711698520603262,-0.8426572010112999,420101.7661
-1.2522173967339163,-2.027394918476264,-0.6531600834536143,1.4443108617693556,0.5359543405500526,-0.2495398191887626,317470.2329
-0.10190578172155486,-1.5904335461592396,0.12619381608038424,-0.866947099330141,-0.23862998040946742,-0.6499224429332503,168627.5022
-1.2032763674039262,0.04692521739377928,-0.47003394593223496,0.22336379351883462,0.4682654185349061,-1.9139481587477498,178338.1723
3.4159815693853672,0.3616788213545554,-0.4013767046986363,-0.3498623095435318,0.3726722545310829,1.3146118344751643,511443.7364
-3.169577687020716,1.1086373838462027,-0.02857346360852298,-1.2766788224056094,0.22497920745368963,-0.3645174504080206,312812.2156
-1.3618685006893316,-0.06307246035587691,-1.1087376382902285,-0.7962259401026978,0.9406629887811387,-0.33554467723781156,194319.3127
2.474154700275888,-0.4322117251264664,-0.20638852088017426,1.0153710313677877,0.43109751195298207,-1.3793236935045368,863863.8828
3.0019527738220186,-1.829917958505733,-1.1419644314573885,0.4184290508169336,-0.8672636109431306,0.4986143953928259,753468.7968
-0.4860322181432521,0.46678717994645,1.2571792011911267,-1.1615142821060132,-0.32908399565611796,-0.861536558731046,94483.75069
-0.5045535845321504,0.9494747513183006,0.28666346028971823,-0.9221954112139692,1.4039279305579075,-0.757873626703064,432760.687
1.5837394468233734,-1.9689567792311944,0.2756617897844921,-0.3500372676857068,0.18289529739861596,-0.610403929588421,410758.1669
-0.09087973475568695,0.009587826374789827,1.0171772553831222,1.708178184375861,0.1073119704435012,2.188233022224514,353589.8626
-1.1401455470948554,-0.37251853093743037,1.1353568921811603,1.0017851402608862,-1.9278296870022495,0.886837754748868,98094.58782
-2.373485566196546,0.5565578214780365,0.04033741072664003,0.6656360801874801,-0.5355217577497954,0.5703703658135812,268997.6092
-0.2126555526090071,-0.26678022445260047,0.9313963480797322,0.7193550605514617,0.30363847489085005,-0.3664661397492279,241794.3257
0.8938305507348107,-0.7539723142966586,-1.6569292936560713,0.5284165010807806,-1.5183864667664555,0.19925043571093315,614439.273
2.212375131296573,-0.25248422990476044,0.44017114139136265,-0.03784518490015842,-0.5997637279117713,0.4783387838993561,267223.3677
-0.8006005722657558,-0.26729441299324025,-0.9550376064730064,2.1248711700643144,-0.2931861147964399,0.28857932382769885,407908.1051
-1.0885723370687812,1.0703753862885748,0.3955566977386414,-1.1156909831679522,2.051941921569013,-0.564852069842555,139012.3328
0.30167523573465876,-2.5230483310852705,0.00576590602190174,1.2478769347368792,0.14063265567209313,-0.7562912431470633,583243.3208
-3.032154215622363,0.6914223615585888,0.4273139368859542,-2.1011606288264506,0.702854379586264,-0.56380420847039,247865.2916
-0.2777041832260929,1.6742544481329298,1.0650233178947186,-0.32364604383544965,0.31107405247055026,-0.7593509059434148,176736.1332
-1.4677406678287865,-1.1899630523085907,-0.6968293280004594,0.5720306254384758,0.44872410640948857,0.9165764340396736,179443.4472
1.6884962068748148,-1.967944658602236,0.020512295301351353,0.23896620756611187,0.22255631988462607,0.035211175670648444,680561.3817
0.8384955417893861,-0.8734858432549392,-0.4293881077114124,1.341354018052498,0.07658186010104481,0.14653232529572993,285544.6458
0.9046772779652156,0.35972463840859553,-0.39050878331708605,0.8171647092051857,-0.4940989183605894,0.32966720244766157,330746.0957
1.2235614270466693,0.04638108620677476,-0.36001145498682896,-1.6865385492177347,-0.45730546527472976,-0.2255626954545797,344017.9281
0.8165417756416782,1.145270163939127,1.1347573739246986,-0.7876181898718122,0.1452793388025467,-0.14362396248881204,244951.2147
-0.28386964104070417,0.04527445988352645,0.7626292236079816,-0.8073131949790241,1.8675219848366256,-0.11443817653066905,250913.9224
-1.3051301660578667,0.9776610733818832,-0.27860004971036006,-0.1536067443263709,-0.8239952630465838,-0.9244515210017648,270841.8469
1.0217059924019383,-0.3747260503741827,0.20909595946606094,-0.7074047238238242,0.9119319869477908,0.7852734387881579,360685.9972
-1.0025439818444581,0.8904207051915884,0.38494935104304623,-0.1500557836365356,-0.5101654001259233,0.7661109636021401,199959.6664
0.4122770893290518,0.3469866885420576,-0.5707337305006309,-1.8749436656022307,-1.3598319836585875,-0.08886548820948977,284069.3386
-0.8666607305848303,-2.38654610783609,-0.8813790928516566,-0.9823029408367293,-1.0223228432284759,-0.537911882216102,332259.4237
-0.608170091747343,-0.068534365293625,-0.37898344953126234,-0.5028454873999005,-0.6373576949549716,0.2729918301777773,231129.7199
1.2959427626660707,1.8757143575202488,0.6041837149573885,0.011675497888293496,0.4057298683316396,-0.3661752537132219,283015.6816
-0.3402171651825823,1.5977262128707979,-0.91319246817678,-0.7092495778369783,-1.4179620947354086,-0.29963008779477956,288071.6792
1.6643722673095422,-1.335655048994615,-0.6037724146874278,0.8004952345452104,1.2734359248862614,-0.4935201237969123,705360.8368
1.3540457727336541,1.9594333819209133,1.0514129911306267,-1.1864799805333899,-0.4117631193896023,0.00010498766186164866,239369.4839
2.337255121129968,-0.213838353681629,-0.5860050273509222,-0.36587169322611934,0.17649382954272946,-1.4982145835289615,303353.3029
0.8660343691787372,0.07383616407806316,-0.5002174267498335,0.3015603905290661,-0.9682744574356938,0.9255756972800813,403545.9514
-0.6038765262894212,0.7543978660543907,-1.226070659485666,1.5381794627150136,-1.0085538599557229,-0.47380043575327696,413664.9046
0.40734169455723274,-1.467818415960111,0.2018326671470193,-1.1180749861832653,0.42160535414786454,-0.6016447785332288,207425.5683
-1.9623725856797343,1.0434947098404599,-0.4958640700808951,-0.7356350183109891,-1.0176455173672925,0.044646222316474436,105922.2442
3.431169380941681,-1.851591696727293,-0.490813498127096,-1.0233819513639701,0.9113855227876454,-0.9782399801218228,713417.5022
1.5211612672393782,0.6520868020639886,-0.06004834584807689,-0.884345659752049,0.19577779928686542,0.39949323001306003,474321.3116
0.9400233739261967,1.4592505754115714,-0.6175155407707126,0.46703867483591727,0.5385922835010947,-1.0639508642948838,384455.619
-1.1804609606549152,0.07522884182994771,1.872059180048818,1.6342248679422122,-0.8966424498054141,0.26472903805616077,310063.45
1.4444955585596664,-1.8523085949724765,0.38056923979359697,-0.46210837294593243,-1.122864255482916,0.46098708323494697,503936.996
0.39987200884311286,1.63797903646688,-1.254388601892573,-0.1659836403242826,0.8772450730132548,0.7477579344550949,332363.7699
-0.8029473365583667,0.12364437942687369,-1.1310043960177172,1.0459918005518927,1.0680724293175707,0.879773556247687,410850.8706
0.4382616872856579,2.1566445503365914,-1.5981346857332712,0.7145302315684499,0.9468013273387615,-1.1461698676925167,332765.5843
1.32964180160254,1.4364405696467417,0.488352329211292,-1.132479794068089,-1.426145188651101,-0.2119361660008578,172043.805
-3.258830839010783,-0.6574927271626214,-0.05182839984985896,-0.43048955958710167,-0.6931640609281995,1.1906402560090494,163835.2208
-0.12822488088718503,-0.30911536912180204,-0.5653662529047784,0.22523584199033034,-0.8758603860567783,-1.2150172698323427,410941.3399
0.43222753524419977,-0.9585086204298447,0.9162028970886553,0.2969816594894404,-0.7162219593229637,-0.9285555671101078,427661.1892
1.2586380040514924,2.303746988389056,-0.0169570331588662,1.4586396947542877,1.3384253897994693,-1.0036420460636304,480474.4537
-0.5751324393428503,1.2222683316960665,-0.8405917302076052,0.2248328351735963,-1.4698444497106937,0.36333393223695365,261593.4921
-2.630278210248427,-0.1789452344652523,0.042563808007467466,1.63120098895028,-0.5812212940970319,0.7053385519296416,221955.555
2.430418126211502,-0.7247231178556269,-1.2988117058531536,1.0482525771806805,-0.4305612847519522,0.48091063963285746,691793.7395
-1.851406872116937,1.3787107545117967,1.2267765370255936,-0.05379288232876584,-0.35753053263710977,-1.07511569835402,205145.6821
0.31038721675564873,-0.5511589893496145,-0.6687583254365164,0.9060321800922487,0.2625917300302617,0.07389849937256626,645969.9208
1.683984170942024,-0.2893020445519989,1.9394789382332092,0.7859056688499989,-0.41147534523323603,0.7290645612461993,406852.8596
-0.27166732669175686,1.5353750133665702,0.2394934623808976,-1.6487994679662537,-2.0836848931281886,0.9332805509523051,360643.2227
0.1183113373563559,-0.17743525152810183,-1.4346739699254112,-0.2512964126830119,-1.3256807887165765,0.12929196616218477,242803.9532
-0.44415395605986624,0.6549059718546767,-0.4306565219039334,-1.577688202830612,-1.1188028238593284,-0.4078218379702885,444712.8941
-0.7043207718312713,-0.6452385523925814,-0.4587528495167937,0.8926000703607591,-0.2555176186916732,-0.055640942921971234,202639.4567
0.5041034361136454,0.20212745141810512,-0.01919693634360334,-0.5753847310132355,-1.3293832659201776,0.0648929662470539,499032.2694
1.5260830839050934,1.2946363144620292,1.542343978345257,0.028745799624327266,-1.4943456899118317,-0.5398406509640624,255145.0835
1.779883658003284,-0.3035844457447982,-1.058744022392355,-0.0505772108156643,0.2598370374865905,-0.9630828315972986,472464.2443
1.9098563623312836,1.6342472088352644,-0.73412939627845,-0.40265718135957423,0.710720374961144,-0.6938202175147415,262443.4691
1.3455155057987083,0.16837588680076007,-0.9334146772120399,0.6716278860889717,-1.114632897784075,0.5389573799494446,464444.5259
0.8763071778147623,-0.10075120680828928,-0.6313960177330565,0.04120489023080399,1.338041539548304,-0.07876437192134227,329468.1081
1.1916126608416762,0.15362732372794585,-1.2440670477136666,0.0074414394615619234,0.4172044162782398,-0.294323238640599,217815.5226
-0.16978858546458633,2.699787933415723,2.412702630542994,0.2908539693823106,0.0783819160483551,0.9632832781967723,157110.9364
-0.13682127419922185,-1.1668050279044702,1.103640090404941,-0.1579348681380054,0.9103523603840381,0.2992483829080593,374382.3752
1.254965774939624,1.5081209376255504,-1.8790388437410082,0.2700153977817007,0.884092006050154,-0.8556575972138573,385007.861
1.2405276942314787,-1.944218746819124,0.1321663199599281,-0.42090858515544255,-1.9526871452882208,0.7337508877526333,456955.7679
2.7429508669452463,0.7335446451010699,0.8304760106762881,0.9312535453480362,0.8832545544953528,3.949083946740901,667022.0286
1.2957601285311955,-0.16393093398798234,-0.6440909200377488,-0.32483885955303715,2.1905421841826844,1.7599970221177899,378654.5405
-0.40600002543069624,-2.4915902099436398,-1.1802417899988744,1.0584394862722544,-0.21518715201142652,-1.2324118299222742,705372.4253
0.33046548927663044,-0.1475011062992236,0.008864040822654436,-0.6870878778448273,-0.8836306790463748,0.7089286563932963,353743.8786
0.336833222022579,-0.7037285994020293,0.22384234407762094,0.43497104702916745,-0.11553179975937165,-0.8149996886322689,240893.2553
-1.8190934100173626,-2.9974898282079714,0.6109226924798126,0.04203275375027679,-0.5494837080785193,0.3555900670413713,248189.6232
-2.0216044849622885,-1.3601610307531935,0.3845959869186949,-1.0699000450876432,-0.08970917349921595,0.48415234691972764,136933.4009
0.6037176005208313,0.2559864437798305,-0.2774255046856768,1.8873934606438147,-0.4901035029494021,0.2442148251244197,317260.1668
-0.6300707093051411,-2.8698475781365995,-0.21604105422911424,1.4917720391478764,-0.18934106222189884,1.4250020192572173,626772.5555
-1.3504765894624573,1.5852070478620401,-0.45964150752433885,-1.4286614946368366,0.9535947192477107,-0.44658025935412987,165611.8879
-1.0407063072240545,1.038473409551251,-0.7739602316138412,-0.7242248772658066,0.32043784539080505,-0.19359944593656303,201150.2466
-0.607706456500026,2.2929238875113587,-0.9699694752739756,-0.7211761858771322,-0.33443503319064144,1.185901468943937,246222.2364
-0.9097205846255327,0.23106856705582957,-0.6990031328428892,0.45704610004528695,1.1891490883546698,-0.2455280692108354,239449.537
-1.1235643353111213,-1.0976318506203129,1.5182439914898302,-0.4019615595239178,0.7101845998884693,0.12346180406708172,281200.9996
1.2964009628911306,-0.9551795903378666,-0.0940808497570654,-0.7186741104835076,-0.48835747975407523,-0.23285420047500086,317035.3403
-0.7818223503549739,0.13254238177680056,-1.8628606335992766,-1.4767515986699906,-0.09489464675040944,0.38192475328351466,131658.3237
-0.2542650685730887,0.9713422021992015,1.5768497349895816,1.1094282614187836,0.9622929855541881,1.6452712782045917,129245.4714
-0.36272267565062444,-1.2275555365557564,-1.5265596493919884,-0.651093972114471,1.0038434539915,4.460006640567204,262641.6608
1.7366455382819082,-0.29808838164365403,1.4191415328857409,0.18269112706760968,0.05060851721664004,-0.9696086605917795,524566.7559
2.992413598557333,0.37416694451214744,-0.6772533734011821,0.020559641611942066,1.476027850523422,0.7162973530080851,392856.3145
2.8687060673570013,-0.941358936075779,-1.1865445927628377,1.245710925703061,0.5678074493093368,-0.658631842478686,633745.5071
-3.50082283297995,-0.8538398031788625,-0.5375495632753196,-0.8927023994049003,1.022319959636214,-1.2852977737155065,110960.1235
2.3182672910580093,-1.3009335466120684,-0.7403688209540933,-0.0713587106643759,-1.1462360051371858,0.20807646026804974,288038.3703
2.1613987440382254,-0.37010065001805736,0.647034650091027,-0.840232185352014,0.5044632503339995,-0.17293174010727244,525873.6076
-0.9157275759615732,0.1309373386752353,-0.8638755630333604,-1.1561484427668713,1.5223802753160538,-0.2651195209807949,134058.0544
0.22731732729656437,-2.0314346128635066,1.2681483013896095,-2.387051163863403,-0.6658978957190365,-0.9280408835057562,333490.8425
0.04153497147992108,-1.481970012365152,-0.5414406904495515,-0.6247852351344947,0.9634681673346387,0.17030568251467504,210121.9913
-0.9040156405720138,-0.0031603890050014823,-2.2148936814173172,0.4129357450631194,-0.026633552582147505,0.2682364694096624,142270.8916
0.004972930329133003,1.1881186183547197,0.08051033146525295,0.07744635223172629,-1.5539619783453125,0.39585175878866086,100929.1341
-1.308928384086065,0.8183795353507252,-0.7833663616661651,-0.47824523175731387,1.4996319671857077,2.2595916073817532,139805.9189
-0.8052640409082724,-2.0346986252710244,0.970542307086904,0.18113550614380694,-0.823207613258546,0.9531440893074624,326625.5843
2.0177708660598794,0.6207812651796413,-3.731572638012048,1.4555292635616208,1.1778247262914483,0.06828734576628127,518558.1266
-1.0876174937875405,-0.13546606207174078,-1.206389141657325,1.89867176141427,1.0236442081744044,-0.32837581859574155,256817.128
0.4616973450482346,0.028976462923197305,-0.4806651932490313,-0.4115191814463299,0.2987386223006104,-0.6902808958719888,344194.0908
2.0293072370203635,0.9503101544617002,0.3459504475453042,-0.01001370444928976,-0.1838173550469062,0.09176577352248219,699531.7831
1.4441146732531505,0.0064073792252096065,1.4251581204233486,0.3585112282838546,-0.2701438754195682,-0.32195044271289075,286553.1414
-0.33230670738525875,-0.9778275025895724,-0.4591378040827893,0.915162889510579,-0.605884199710909,0.4723000910135893,247195.713
1.5965116416812797,1.4423661820052107,-0.4819020826434157,-0.5677248388448114,0.4124103329468414,-0.3869547715934675,400961.5153
-0.1585005262105163,1.6516225936536537,1.0874208869906588,0.2566558217693836,-0.5395297955456105,0.38259075900883094,119596.1584
1.9022621976431782,1.505636094751549,-1.1745384666325531,-0.7739826548916585,-0.05792056755019036,-0.3311486433677543,494888.9838
-1.1882319720435743,2.117286345875208,-0.12258515684547688,-0.028686847327548153,-0.9341745013200151,-2.0218788882978123,196806.3385
-1.0753719317358845,-1.349596533207727,1.4397913080906726,1.0564478630667857,0.5501234771302983,-1.042841588320956,335134.4955
0.2739312308856334,-2.102200228628316,0.4560371337808401,0.8192406254401733,2.10852719459009,-0.09427922052061273,347973.3019
-1.4226570697500058,1.1219795330046167,-0.42686851097930595,-1.2097662598500836,0.03266799501706773,-0.43808142984974485,299416.7236
-1.404316145763392,0.4515003544967563,0.06925251999802698,-1.1194716081705873,-0.3396966021060454,-0.4477546782382909,390192.2257
2.0067578316542636,-0.25716177308665905,0.7043672656486686,-2.6430022658536596,0.24660933548201186,-0.7087091326234837,361719.9913
-1.069756919998942,1.2238599079595955,1.7026651665136356,0.07085169364459636,2.9477773749296583,-1.8304693687767208,135864.9437
0.3061780497856919,0.26645081255591174,0.9617200527178908,-0.3541512757060859,-0.5245740794412933,-0.16281867727957403,192587.2338
-0.5955862977450768,0.19812939812493516,1.5253386385533734,0.004986465839588032,1.366013675933145,-1.3124837881113198,327285.1714
1.2188901870788977,0.11627151747410412,0.5077644122026899,-0.32947026414120567,0.7580577798041344,0.004720625752860037,198085.8702
-1.0345331859787064,0.05554143208150013,1.527207543656161,0.19964215945794692,2.2951543314922045,-0.2742899580044626,143760.0597
-0.3714709774221129,0.2829438239540202,-0.4013633539596054,0.9521526271964565,-0.8053055017691088,0.9401249615984995,239657.1267
-0.20977410012930955,-0.3504811409814291,-0.09969786566684795,-0.39887955544408094,0.9648706653985342,-0.26796214905968224,236776.6567
1.3227803957156237,-1.4362485714837985,0.7463260344858669,0.6898170306622311,-0.6558235700608381,-1.0456495800730465,703875.7556
3.145313870005673,-0.6678940614997816,-0.14405419368759864,0.5160163992168002,-0.06778095029077337,0.5879907045226105,920902.0168
2.9890930450519986,-0.634341294653164,0.8956232972181608,0.7773828534337197,1.268546175951483,0.37836031950059407,474283.5348
-1.01318947675565,-0.21097113925721137,-0.9468122547938354,0.1515012113196563,0.7230697109817065,-0.7761910099015781,252873.0692
0.10801266755857211,0.6834777248754172,-0.7709334543867741,0.3523905229230443,1.8887994182105643,-0.8925772001172306,573344.3516
1.021248764734479,-0.4990908002854045,2.0218946710982486,1.9039222488280072,1.228130675613338,-0.4844428699484156,521908.9706
2.2037687513854154,1.4933053701843335,0.2627037926103197,-0.4091239664480099,0.03690203954737881,-0.5764258206259129,271793.6411
1.2739981656321897,-1.7467468991445076,-1.337050593329049,-0.6574347812195551,-1.0254355998181302,0.330840703626275,504855.9148
0.4305396774869171,-0.355999320422415,-0.6516775315465303,-1.1097547963474177,0.09457132782411119,-0.5323871880530149,437480.4485
-3.7001398974350606,-0.5687932449763672,0.7315610754551471,0.8031468256234464,0.3195607866061416,-0.42119739457758465,332036.4027
-0.48719396699986967,-0.15320852493429513,0.9055003150767287,1.1671666143730186,-0.2347330793587707,-0.6092725709994818,276257.7839
1.0898542935770315,0.07696208802063399,1.4196391359026024,0.06809288245871738,-0.9221094041733624,-0.82449656317491,316027.3456
0.6001858104048008,0.5117063533480074,0.8217661165705519,-1.1111350356878926,-1.7395859589090439,-0.0045981377332209045,182556.2508
0.48487723054720366,0.9289319444347099,-0.9334758220257233,-0.36140786204940634,-0.09359086938713844,-0.6508321395266031,565300.7513
-1.14183097877048,-1.2058979154257532,1.5654043260543216,1.5830926186623049,1.5364691834230353,-1.2513193184357279,166378.0222
0.9735355221905536,-1.6096897720337489,-0.06795593144378304,-0.07916315139435809,1.6860567223941088,1.6854246904427779,210429.3823
1.11766157399465,0.1859616889415056,0.08362275406089921,-1.0017771586451518,1.513721726525309,-0.44818351578150406,563818.5624
-0.43395134301785065,-1.7989385109346911,0.6335709671471978,-1.6769188590569617,-1.237682988546004,0.12520579780790211,373278.9981
1.612309853525783,0.27483419115754265,1.6213520159709371,2.7152402848531993,-0.969164907544962,-0.6531592322114413,251234.4296
-0.7535346038431711,0.6500101418312939,-0.18500200323662908,-1.6564587401421937,-1.36394451203991,-0.18528976384220228,239650.1284
-1.3325437901639432,2.6141145246801525,0.5949054851961858,-0.4762457278824081,-0.2312480374623712,0.3298077881078649,179602.2797
-2.4710383137793324,0.3930747207401088,-1.0127784592609168,-0.8567644483449046,-2.182336965512235,0.06862513864778579,270876.7096
-0.7646647652387336,-0.22287029808713918,-0.2744790708330237,0.9678245166675803,-0.03438314444687002,0.8569996094260364,182354.8625
0.28381085288760144,0.5049251780999825,-0.21742112336515682,-0.9550508792796519,0.6365207672344247,2.2693112917748373,246420.5807
-2.252984823437488,1.9394738620119194,-1.557854224886228,0.6475401927761709,0.18193002384677942,-0.3634798784477042,96440.51245
0.19057163683758374,-1.2887363755714807,-0.453810033763571,-1.812783979047781,0.2678321628087901,-1.477339752212975,193155.3973
-3.6191093095474516,-1.1783211716103503,1.18488157361869,-0.03341777901467384,0.2892657075673901,-0.252442770317199,221443.7773
0.11212570783219732,1.4007608568383163,0.0640651402961896,-1.2031544823774076,-0.7662540018786309,-1.2124811424800352,170448.1784
0.7617395403914048,-0.25197926804219223,-0.16143126000976946,0.39853096162801116,-0.15520395788810828,-0.4855714770905591,338296.8778
-1.9754505526797923,-0.346399776826626,2.784800955911075,-0.2881268158846432,0.4523793843497771,0.09254217065399127,111116.4823
-0.6633788904651184,0.34554928671518587,1.3878579678169642,1.0374387223819939,-0.1487904408286864,0.3041113760302639,310394.6298
0.1473301562137836,-1.7400060649477067,0.1208145630854363,-0.8618910769925486,0.902304634923526,0.2936825965438693,274839.1916
-1.2061738303388305,-0.14903707778760575,1.1743304823235334,1.5608389178162656,0.4049394374979702,0.9337258665872054,249963.3173
-3.3828172134907457,0.36974870611983046,0.524828849040664,0.3326606301060509,-0.5797685879283018,-0.37738255457689385,144716.443
-0.013849666194052434,-0.24644941670279694,0.1797669645783258,1.4109915517212743,-0.11140467342577022,-2.1585133795228137,444298.2849
-2.4134589007766794,2.0659364933293567,0.284138087534358,-1.0311511913381695,0.13141118627620368,-0.37699113714326843,278877.4063
0.43260167698566654,-2.235149473419682,0.7728507568900291,0.6438080420224531,0.5713507005989916,-1.2709043311061767,332640.5204
0.8466488632825697,-0.4822280001292777,1.1944724576356873,1.7513681979893503,-0.993099125479624,0.3864844928208871,445395.1191
0.29628952283527493,0.3762701251941813,1.5359685924006234,-1.5647883707971049,0.2518816327351358,-0.3860501719633779,267076.1749
-0.08552959517142496,0.7935577730016214,-0.2940489204505008,-1.181552083802663,-0.4141565088425121,0.12358325979858778,174828.6599
-1.2084960319857088,1.0133448038737376,-0.2751941404730644,-0.37371655963807815,-0.760463499800925,0.39017978540209053,249085.6337
-0.8101436175438993,0.09458178483591434,0.12421792177935373,-0.8841446978025757,1.5532080318307246,-1.407856336931893,445814.9881
1.0750671686205164,-0.5247127056341425,0.5969713182003881,-1.33152916284007,0.2396514858325696,0.4450401892620889,312287.0828
-0.22821938105186917,-1.397307407896858,0.6490757119390586,-1.0997668159568061,3.207258930331783,-0.9010234924880749,150632.6472
-0.67059066285564,1.164498405698955,-1.3099508301081308,0.3818599226648565,0.7822294463307037,-0.9028350917411432,341991.3617
-1.0219727768869316,2.0656750208845107,0.8221355319834396,1.2513741565742402,0.8048659360378672,3.7916830831246937,396163.9063
1.7760708944827754,-0.5731512304197706,0.17987897309340914,0.37329604913799513,0.6642473761600607,1.0633389840737766,481834.7107
0.3553917686833696,0.6463398504807146,0.68745832689469,-0.8679480472510969,-0.43617008259407264,1.1698611387786582,320741.1933
-0.31155073395330907,-0.26775936562062874,0.03009203571110703,-2.534865404805483,-0.4821594985047562,-0.42590075989876214,92650.1848
2.851889932328556,0.37552815039823984,-1.4078247637453516,-0.6644764194454837,0.09406921934979814,0.9410468458708452,367913.2083
-1.1053367025586922,-1.6836062310154192,-0.7461533839050322,-0.2593011656215154,-0.4470663228334686,-0.8305562932988966,297585.6719
-0.740958456077753,0.6300924791821332,-2.9310151298173013,-0.5624900805481217,-0.5174136852050322,0.38553800798120486,189580.6762
-1.4677560584615263,-0.17678426782372297,-0.0035788620369329254,-0.6904568014509,-0.6279224407232051,1.4793628509258194,309066.6847
-0.05922159366590195,0.048138699500118634,0.7923431441515496,0.8737261804112054,0.5423976523763393,-0.9866915305023312,235370.7429
-0.4375030384913153,-2.1834605799771927,-0.34197436545883264,-1.160183107911502,-0.8030176382154435,0.5510500714953176,637302.6847
-0.4987806600274151,0.6781453478414612,0.20718875611676266,-1.2052212925066728,0.14918065731596125,-1.5458059821111405,334305.8683
2.157396799512511,-0.07349578915841858,-0.011019687181003818,1.8674072831899433,0.6207138368023974,-0.9006016140564823,599447.9391
2.8707732092525564,1.042900364010813,1.2112745235035007,-0.5074883909920319,-0.5977073988003456,-0.3100461526276689,309724.8098
3.284827292225914,-0.03501589031535731,-2.7877024209437558,0.39255635953261336,-0.11532526199660827,-0.5696716958423461,468984.6839
-1.255939087495809,-1.0462363775066452,-0.28836453235101595,-1.0530221667552209,2.53270486636772,-0.552247952114233,242000.4016
-1.8558025620620782,-0.8506605923885888,0.10828412789871372,1.1711394689489483,-1.4087834645431139,-0.03592292451133596,245653.9598
0.2089187278410396,-1.6235624423746355,0.13512854571637292,1.1581649080653218,1.031963982709295,1.190707995101389,310531.4984
0.6033553832438745,1.0955851571574324,0.7310665643857464,-1.1132329029481887,-0.2621587199016277,0.28983643441607854,210127.892
2.276689779103774,1.2834445310504534,-1.5150591884084164,-1.319464691236994,-1.4196504084499328,1.0703668387474348,275313.1724
-2.3594872160739366,1.6109503863733714,0.2208471940592079,0.9623457207049428,0.09101046203112317,-0.3342535702448905,219875.8803
-1.1031617319018607,-1.985900496223334,-1.4220212006234823,1.9629942550767674,-0.1542063447335202,0.23465740753507908,379621.3228
-0.6788113272408886,-1.0475501187972251,-0.8219404160146009,1.180903609704144,-0.545270846087685,-0.715485562493324,469711.9726
-1.8348187261765436,0.46391941813730386,-1.8757215474335251,0.9043261341297811,-2.349942662532015,0.9146201816441736,197143.7222
-2.0555269405007963,0.05242501529895085,0.4602419185635477,0.6491482828140239,-0.8902310811407875,-0.26897183981357276,104344.7093
-1.9229445425247884,0.928842992343507,-0.3512288243339134,0.27070107836508894,1.0146360154824177,-0.6104734421507315,114500.6397
0.3242230798542056,0.10035207786167435,0.8883979815697984,0.5907928143316368,0.04809566607235687,1.0189128291540301,434616.1834
-0.5955705578294783,0.9050778163067579,-0.622417563163677,-1.3169060889468525,-1.5424564510478276,0.5021903204038368,262534.9921
-1.9033976452729238,0.48759363369641057,0.13720735611051293,-0.29669638932666076,-0.90507193413312,-0.993186246559038,106055.4741
0.2708404744451034,-0.8527381666781103,0.6152850753374692,1.1171189385561653,-0.11228978384307242,-0.5536181714529776,451640.8314
1.8904275229093617,0.19072454687386736,0.2675277394739495,0.7865957014773831,0.33452514174926756,0.8137494065099212,547121.0113
-3.5183029027464046,0.12893911703405797,0.8606781766640046,-0.9621540682571154,-0.5241201521333256,0.46427832801797975,113076.6212
0.15607731977056263,-0.43433691881075054,0.0748785721920654,-0.25313572618781544,0.7183898117696956,-0.30842349252466855,279721.3529
0.8935257129371122,0.1742327818050501,-1.057706165103831,-0.7465865888121296,-1.4910329657837513,-0.6565939627499154,459714.8161
-0.7443455875779542,0.050215777652016735,-0.6849181469269905,-1.4761916499144043,1.4086061023105552,-0.8681587930864096,293640.4683
-1.59776328820793,-0.08345170295312927,0.12147308814180417,-0.6127205452163386,-1.2248241024698083,0.26039306984400373,224959.1089
2.262072307533252,0.24699373471479572,1.0072856935252013,-0.9932031843372563,-0.5288881256018435,1.5102374410918278,323008.4069
-0.7657870960447659,1.690116633360482,-0.849641614691451,-0.8416070044468176,1.606918183972824,0.768031194178046,131632.7524
1.8830636503888327,0.7259172528037557,-0.06344340385128801,0.2274910083412829,-0.03169205198189214,-0.5517655915637306,511810.7553
1.504186918886338,2.1149164503854667,0.7446189036571753,-0.020805540430452796,0.1782156602462813,-0.13380110163667414,367298.9169
0.892544750048744,-0.49507585778793867,-0.2319985436494422,-0.3876310590697349,0.12491781991378154,1.4463271641889468,541277.4834
1.4137513317923336,1.2803590378039489,-0.23708848939266305,-1.130294991588689,-0.36144991804710236,-0.22813472939713744,530535.336
1.4534594491812365,1.197388190546517,-0.2294518003113809,-0.8168033045814571,0.5577826236594228,-0.8034656946617352,323162.2459
-1.20446616090935,0.20814111811476385,0.4554806293358219,-0.7801941595412255,0.46534389782197166,2.3401449358525768,194267.5167
-2.736488663078292,1.3223362092247108,2.1507485635761454,0.30666517761810047,-0.39194070883725735,-0.6651980463759418,109516.2163
-0.12453526683543448,1.8058761548620332,0.4909255473625066,-0.8351073476458465,0.7718791373959468,1.2725119113869003,259348.0402
0.49562813061306293,0.11766612970806356,-1.8004714631066574,1.2779455933954094,-1.3359697626787623,0.4220836736509034,253572.0031
1.0349254538388035,-0.7162073927120384,-0.17639735836027048,0.9520344729575934,0.6711859134708749,-0.4841842110659653,296158.0813
-0.6273351690164253,0.6664094325948321,0.21871588820319074,-1.0064140861663236,0.23552813668839567,0.7186684810498618,329136.4279
-0.6475554911512981,-0.742498104827213,0.42750756552729907,-0.21439923457015173,0.023870745714796544,-0.27398475536246036,237219.5632
-1.8264132049728057,-0.5009769867917478,0.04500667101526838,1.1132810942428157,-0.1998329286190556,-1.9638278865756265,199128.6832
-1.5889334978373042,1.1677463702345263,0.5042995714781066,1.4967354077672348,0.6095471685161472,1.3727638788848464,152559.657
2.4924892100674416,0.6666925205687644,-0.6094880089109597,-0.09975631853060393,-1.2556354470807363,2.655517041552205,311145.2758
1.3947290431869692,1.690124141044748,-0.4480377131623431,1.4306873757682674,-1.201875176516813,-0.7627042462553495,399274.9224
0.6850713159985975,0.7082667609017915,0.05976940474378892,-2.6401298528111288,1.3547421574462895,-0.5001666466294988,100868.9766
2.138714161589084,-1.4947985423062449,0.7639708914137676,1.6072158168178294,-0.6126458614837287,-0.5577169025877853,349919.6373
0.5013255272840844,-1.0671523148470228,0.29210251771877194,0.90385461330148,-2.228765651187438,-1.7148326117369248,259519.9201
2.349535521846885,0.4522935108769683,0.4634841858707205,-0.3150589487987914,1.669494969498381,-0.41499485357695987,248450.0784
0.7936153057861995,0.5390188695451129,-0.45178716765321864,-0.48452663425965153,-0.44929153487350915,-0.21126735102162925,216437.7761
1.1594257735240052,0.17769129571751974,-1.3515468959369388,0.013159917801393145,-0.447988692720432,0.23736261369988262,450706.0897
2.2899630256232335,0.7988781179786042,-0.613112345712906,-0.7542941487276891,0.06187951605900248,-1.5675120036547734,348826.7801
1.0764481996899262,-0.3599169282537038,-0.3265025423788973,-0.18607548828351345,-1.561682958765057,0.24966261016333266,285727.0871
-2.3440009885333533,-0.7466971361886422,0.5534129029071806,-0.9476996690899377,-1.1582824593927314,-0.4641354663301416,142731.7022
0.17085911025575717,-2.2394968299797218,0.6387944636032366,2.0885101495919063,1.4013940337985018,-1.9072932488383303,417529.2981
0.17114284825200346,-0.011615632955364106,-0.33858069796581214,-0.8989835940591447,1.7798675494613645,-0.7711168883675773,124287.4584
-2.431006382629964,1.7183476497856167,-0.65515780817616,0.3140315896099016,-0.7024639461797376,0.7094998695834998,147064.2281
0.30698456663161816,1.9953899838652935,-0.2800496884595207,-0.3291620825309337,-0.5062995843215745,0.021384005595989613,199596.2137
3.605559603073468,0.054431613865219136,-0.5841704169189498,-0.7796060324289138,2.651829862238947,3.3817542180577234,426977.423
2.4394721640874786,1.2493925656753258,1.1802886883505044,1.9185932795709457,-0.7367298417063614,-0.537572584160122,616869.4342
-1.3152167926829597,0.3075695741157631,-0.9047993540275447,2.0177768994939314,0.7941043997544323,2.1240684222985498,365728.1034
1.4707167012684657,0.8019151205106215,-0.3903045072432211,-0.6128362597775661,-0.4530984569920612,1.1765649003597543,210604.1775
2.2846767412529645,0.40799508392520006,0.2648545754108229,2.9523572030630647,0.8977213639470597,-1.6700579654685985,370017.5252
-0.5538107375250128,-0.8129017584911777,0.5707539518688061,-0.30486847580082266,-1.3650761452571127,-0.25162242380447175,276203.1453
2.4173409805282398,0.17978328685148454,0.06481110851375221,-0.5983838698257726,1.3348640116934847,-0.9425207136091064,493506.0766
1.1688915876548718,1.5423763283519913,-2.689593154109208,-0.24467314549513242,1.7275988418863568,1.6011854425464966,185795.1425
-2.046170540622337,-0.7123568867435154,-1.0214222119180367,-1.1934709388304572,-0.709218537233367,-0.163948719807402,201344.7585
0.8077854768209595,1.673993434738775,1.2812200711396902,0.6626399124571332,0.6822067382086,3.7623294991598413,421053.4107
0.5838407740890397,-1.5239526359387074,-1.7549545078428548,0.16123490980016203,-1.3630563828300721,0.9145976175754428,441010.8579
2.079307998509265,1.4418063004106216,0.06799360242797307,-0.13237210173609307,-0.40917748505283,0.3298789015942307,542237.5536
0.3966102510982359,-1.655135506735352,-0.11879628823427317,-1.5783139589906148,0.8359617134938268,-0.07657806308656721,186449.6369
-1.7945596353085798,-1.296638906145983,-1.0924674563183883,-0.3660738201466844,-0.4888808147936091,0.8337916525879036,168620.4161
-0.8253076391647605,0.2634275661679093,-0.03717316818054588,-1.239865321888282,0.18590278332294358,-0.3968316585452316,159697.2896
-1.329565003497053,0.9129023095344166,-0.8303979042080764,-1.221827310636046,-0.08703488504235911,-0.4261431201469146,96581.15482
1.4809359895285379,0.21924408407003199,1.0447959497792734,0.5100652457505034,-1.0300661035326037,-1.503476501146608,195739.1771
0.2998616367604555,-0.4083446146513331,-1.083535670737402,-0.5187315328746022,0.16642155638393785,-0.34891343747484194,261467.4176
3.3521286195776696,-0.5770749156686562,0.7498981773915444,0.664297527271485,-0.06683799011456974,0.620360095508519,588288.5704
-1.1081614366957537,2.2405192635366684,0.04170746321710196,0.784261198726755,-1.5123726954116967,0.4722299678635911,142777.9562
0.13027355081249897,2.088963129078688,0.8524189982345438,-1.2063413501601787,0.17065557496817352,0.2767785612701704,151626.2655
-3.171770784749806,-0.6732069369696321,-1.4689188548731922,-0.42455241984283343,0.10818550922801631,-1.1277712849830857,204444.2675
-1.4367090173102235,0.10464967534513993,0.156762482262199,-2.0914446180386683,-0.0007926135544111105,-0.6017391000501386,120950.5722
-0.12870597742303533,-0.8585860095126198,-1.8315890490409368,0.23439918153666436,0.7121138882058262,0.3783466120673834,290680.7164
0.3282375721036845,2.602254320602747,-1.788386273329006,1.0161287454784222,-0.21521008434066147,0.568017757746042,297187.7938
3.979895971152865,-0.561048507855917,-0.6844701784486,0.8196136460076474,0.03578777683729416,-0.6866573392458079,874387.1896
-0.8088975678821979,-1.2450514258586656,0.5255831060528431,-0.5232031495186306,-1.9884602305989478,-0.11439688565983726,171882.397
-0.034059491876292,0.012719460049097332,-0.44456661694276384,-0.3592530414817526,-0.4173690656671978,-1.2126576811915282,302507.2463
0.6824179938147928,2.3966688296249905,0.5322873511689163,-0.8522528452204332,0.33525997128861706,0.7019314674157919,145540.6955
-0.7595365320703861,0.748816186434663,-1.4182170987884037,0.48976455353388587,-0.11368363565209692,-0.2846326478611823,440441.4913
0.26468007533901194,-0.6408176601475143,0.5810069520338187,-1.6626680869813193,1.6244421690350026,-0.3873756390737147,357397.9156
-0.6644129678109708,-0.7212371409348571,-0.989974626132877,0.2955476933077647,1.1701343424669024,0.8245953944107588,198410.1318
-2.587349990696487,-1.677891850694648,-0.38119051731778,-1.1057921868776852,-0.6052739723179694,0.46975678725705916,119279.6245
-0.543067950631222,-0.24329321357459116,0.801480980886185,-0.33781101970866645,-0.5841194252147989,1.0937566632472508,438969.2377
0.26895055889485714,1.0810020069957893,-0.8151346304406699,0.6127644640428419,0.6952415250353624,-0.1082253022445805,363773.783
-2.4340014782392045,0.9409915144818946,-2.5335946477610247,1.1838076886114435,-0.7744245248171839,1.1882368158606955,155597.2831
1.737402348748459,-1.1597842143085506,0.07578213372909336,0.4750214662669757,-1.3760698106905453,0.5966715521453537,369780.1596
2.2698363206876095,-0.9482724443579144,0.6525823336182568,0.060285678372894114,0.8267995554140531,-1.063116836063872,374775.5437
-2.778250279644865,-0.3861245419526861,0.7089548746515197,0.3388443102814564,-0.43988054818517586,0.20585264863028888,94313.99041
-0.587794633341846,0.3712263465243955,-0.5306004971523455,-0.7861129633026513,-1.19423309665092,-0.19768983443973775,200578.5387
-0.2812639425710193,-0.8315739177461005,0.19642849173828228,0.16675949932964163,-2.327641957278498,0.6097602728508993,541159.5156
2.1700755924158424,-1.17576498908726,0.9851245148623027,0.673586380158646,-1.5960714937169924,0.15331231835826523,545431.7818
1.4134125012812533,-0.3525062104135193,0.810982612269011,-0.7331865209269812,-0.21545637180475774,0.6065919714485913,571349.124
2.5901085879189414,-0.056599447046100315,1.4228928493760098,-0.18737306158937692,-0.787561451597541,-0.35206819648133975,435482.2208
0.757091788174714,1.566508949143785,0.8756423635295193,-1.1248342168706444,-0.35606159917019486,0.10060761875860451,306977.1266
3.437883336728319,-1.7909719323404034,-0.8335488190766335,1.477737350674662,-0.2619449011524527,0.8982888266988411,450049.6827
2.6322558167632057,0.053600142040931234,0.19458048478015139,-0.842879062979327,1.2791596783080996,-0.3765430654517316,502542.4192
4.23757608492203,1.2084553026737834,-0.5965253735573653,-0.22697963985527753,2.9186585893255415,2.8176478045737956,489551.5899
-1.1907643206575649,1.5821629965737283,0.9055988223880316,0.09541733232612233,0.8521714956823697,-1.7006938839043977,106891.317
3.1226166067561696,-0.20420331063795805,-2.053279448071656,0.6541799548357486,0.3825673279634743,-1.792291670592642,750242.8919
1.5212131522905756,-0.17192884566520128,0.7634721245225323,-1.1208272707613174,-1.172272342365222,-1.03296143584931,601020.8428
-0.30733504266934325,0.2139782077972742,-0.5638393253272709,-1.0949260037149902,-1.1708016903679541,-0.132036517927313,329824.8013
1.9177904019315077,2.010154484817026,-1.2055839468737652,-0.08625316768894382,-0.5144312687581611,-0.9026571511254982,454143.3559
1.614445987565357,-0.4154724572022197,-0.16218126521884232,-1.1851641866870728,-0.01640793093456156,0.43296382860358995,301303.5642
2.2119090157840264,-2.6699674019520216,-0.9954051929045347,-1.1090000018190702,-0.6425870579288531,-0.25430202709045197,748786.0898
0.046482376824257654,-1.445611845383957,-0.6865505828166563,-1.0862867588761935,0.0453796670421274,-1.1624861781094609,293910.6065
0.2529422864809242,-2.3121959168070814,-0.6538517962056756,0.0773666760134805,1.2211986409926132,0.5746277507578094,538065.9273
-0.5728452747368982,-1.0297597439566177,1.1057442700389855,-0.2978386178070015,-0.3252355349036879,-0.28177379670738634,288481.2046
1.259400326463477,1.3157749473468294,-0.3902777146719876,0.5320199518388371,-1.2847788550833634,-0.1731784687296666,505852.6148
1.7847615782588149,-0.5815953371602964,0.27156525297787304,0.6330225799148503,1.1012754809670247,-0.26737616709651474,562524.6544
0.37087552292206455,-0.2330528648926795,1.281110930231623,-0.033196679340110086,-0.28899837454674787,0.014761181448273937,315163.4511
1.5330696571079996,1.1309815267927839,0.01716475130613648,-0.7637815303141139,2.7554834724561585,0.08845772912752468,271635.8595
0.43393840868771355,-0.736630748501349,1.1404656973755274,2.095414971739724,-1.3066379285204055,-0.059980376312184246,297276.8036
-0.506925432681693,-0.4331018931409224,-0.5137255455152895,-1.0344659622258998,-0.8029169888007253,0.0727570709007224,363405.0405
-3.3078915834493547,2.221986755030095,-0.4591876105805564,1.2142315412246134,1.0798108109156699,-0.12032972739959207,106891.5287
3.462172647127048,0.2155571716841809,-0.5414895339407031,-0.05909749743830359,0.010557989694710048,0.10167810246400012,669952.9768
-2.1710957936981745,2.354290728539849,0.4901346023205255,-1.0422034533768152,1.9360086592064933,-1.3540232352732486,378806.9221
1.6066992433573422,-1.1233227869161466,1.0075895488154638,1.2736177506288373,-1.5961697874440497,0.4568276867442168,318042.4425
0.5794776410784386,-1.0681931561994953,-1.0184692425171413,-1.305871006227063,0.11642638310171245,0.15317898815989336,323380.2074
-0.8446693300342236,-1.2209028681114076,-0.6169811108191375,0.218718883707094,1.9857322704790217,0.2842441261778363,167279.1021
0.9403578085750172,0.49662562501691565,0.6036069953491574,-1.8612824936610433,0.4767274043781776,-0.28713624761676265,246561.5892
-4.618946932391204,-0.6865423259498435,-0.17665461960478326,0.24049810434522853,0.7292334990621289,-0.4550159160403743,394620.5868
-3.820135114979866,-1.2332355671489974,0.8379432209108411,-1.5856366009500615,-0.3828803165670274,-1.1169805262568357,202869.0385
-1.287974193055585,2.4204855822778026,1.2415651993642993,0.4108011636237691,0.6318462961190493,0.0780135787837091,293775.3439
0.9211267200792184,0.5580398543093528,-0.07237310956182255,-1.5044085122888617,-1.1249764398095146,0.0847842793260744,411081.4324
2.8151607269336,0.6299148215657294,0.15043794815058653,0.29883097634220857,-1.2430067082680936,0.2978295693269098,619336.2494
-1.2473854008437777,2.1823053717682734,2.2271846235098556,0.7077279828933366,0.06284306819207329,-0.13318449264551938,162064.0187
0.4667388671735662,-1.1048190256637538,0.5627932760763212,-0.26994692711830137,-0.34618665989716624,0.1540988154251122,317119.174
-0.21989162916910535,1.15611429002818,0.642849648883697,-1.7661522187545022,-1.0977374747324569,-1.9022086323228544,108071.4045
-2.269335457306424,1.6191882483849296,-1.0277325310907204,0.35283852366561264,-0.5652238492224508,1.3784266625815431,256568.1022
-1.4697312424008804,0.2572862597229032,-0.5858765047529488,-0.9122372903306977,-1.1808233883332246,0.04944310111959816,152006.1057
1.948611974790036,0.359403853067377,0.5123341346136321,-0.019494186590280304,1.3957281017294942,0.2822454032430875,234979.2686
-0.1563939351847286,-0.5815347936928149,-0.6464477869199612,-1.3885559154101386,-0.10533146696091188,-0.16825146602963054,258261.7063
-0.6776888437041136,0.6107577911972536,-0.9254025645848994,0.8516511041246381,1.2815206621389443,4.521411372579698,160956.7799
1.749129083542036,1.907771354588395,-0.2531864346049131,-0.015985425304180345,-0.4619256986209259,0.8770136861008259,361156.3934
1.927070545626854,2.277602010467583,-0.6433757674980283,1.1375094864569673,-0.5987450305656293,-0.36946082822567783,223068.5627
-1.0407055651784445,-0.356233364837402,-0.9772661030699362,0.29582900987908545,-0.5675689245851225,-1.2917012006358757,254143.551
0.3626924098707148,1.2957700748697574,0.7082608152158687,0.9547679207643675,0.7960196888226909,0.40340939956597255,370472.503
0.7178638475951473,-0.4754732000631448,-0.42482408032315533,-1.7729680366422016,-0.6118108130202999,0.029287526322592933,502926.1317
-0.39373783956586095,1.1167189298610445,0.6904535933555362,0.7935893197886376,2.179405907125449,0.4299838878001835,224911.6551
-1.0243085849547289,1.6597871517501994,-0.47845741754920057,-0.49359740483519066,-1.2752289458830235,0.6005998672871882,98005.92278
0.9396474536005054,0.26095384595815757,-0.3870004291084692,-0.2544430322374674,0.7177803354714852,0.5849163390227579,356616.8564
-0.8022166803253591,-0.7170496035522762,2.0872951407204767,-0.3611298396135136,-0.39944161187822413,-0.25403954210597646,329826.5374
-1.2415680345697173,1.4499119148409154,-1.3964569189227547,1.3533180570539693,0.22523434657044356,-0.7720660659117646,395615.6045
-1.2064845933402069,1.0795831510387475,-1.4924303120327589,0.04126257363927904,-0.9133664197228257,0.35557784684921917,200405.0955
-2.2027561892474052,-0.23540602854738127,0.8021921099334143,1.1206226538701864,-0.31033956505702165,0.24007610383960912,105050.8383
-2.293872327947755,-0.4771211846186772,0.7442607063872526,-1.2369167101866578,0.8238221988419393,-1.350538018886935,149122.5341
-4.836480323420714,-0.5082076199214225,-0.7504004074552123,0.09242143330836321,-0.5106458372701496,-0.45738247896276585,434448.4595
-3.080977572901635,0.39151098960568875,-0.31398564060747686,-1.5016257129790085,0.6416339669535208,-1.4988234844937032,245992.4681
1.8275853952117824,1.8991282900633064,0.24386573330290648,-1.3188591049460925,-0.22612071608296205,-0.8747655744588871,339460.7397
-4.484135913589844,0.007020744136079836,0.4754729492393106,0.9739869950355977,1.8138167464367938,2.7657002161895763,167303.231
2.1924038110144957,0.41558993066423733,-0.27569318928866565,0.26366353542751264,1.0909244121477542,0.40238746583293944,422554.5828
0.9314068209454658,-0.35749476604203567,-0.11276240250465445,2.0325962828328326,0.5313336719928128,-0.97449299691983,471552.2626
1.216434594147871,-0.9832897663426452,0.008928370852945247,-0.6337129239589352,0.2419961130400537,0.18607477511073559,391309.264
2.1772304290636786,-1.88086460551429,0.4537596911988648,-1.3200475996249013,0.7592439345479948,-0.28415645394370354,203699.5856
1.3229186343800048,1.058141513267786,0.9202278768211413,-0.8982769263369171,0.11825272133761017,0.2518288622990209,253944.4545
-1.004632743912693,0.017843601297390523,0.7451074177533884,-1.2880495369003049,0.7780033868823745,-0.33668370357253763,150480.8039
-0.45085485216523646,-0.4155744309756651,-1.1991188123726988,-0.18206384055911695,-0.2840015448792308,0.7717927270982101,201314.9426
-0.6179823139733361,-0.2967964627372056,0.6899646709935127,1.254240937537335,2.0439136722329683,0.6157299720060228,243174.9977
0.06115691539051846,-1.3729537733576764,1.389017811464205,-0.9394810977211098,-1.5931837055608633,0.37375927660385916,286536.4983
-2.4760875795965087,0.1342253721001901,0.33040357265592457,0.9382327292993471,-0.2663400591110762,-0.8730802815995603,195361.7896
0.9826646362612238,0.028068273714091273,1.1148406193327316,-0.06627001042467584,-0.2891950467677775,-1.135280953075816,414476.2629
-2.0721966709669095,0.2979053601590445,1.4873731050745138,-0.20947706878901323,-0.5374989697242444,0.058366854297167384,106135.1287
0.38540121396058447,-0.08689147730298528,-1.117562299740969,-0.4840779903410461,0.6727323812511383,-0.599989592604779,225737.5059
-2.1237145917392564,-0.15881618182376722,-0.14747215366580044,-0.23695198653495433,0.7623820099404283,-1.2078897142181413,256992.6982
-1.449337055565464,-2.0636559510838435,-0.9365243575986936,-1.180731448320404,-1.8495499082670466,-0.06081275212548331,185176.1107
-1.9273785575092182,1.580028556095548,0.1323780384614303,-0.6859386418983621,-0.07567505606749317,-0.09773329702811034,122880.1573
0.733696092462764,1.064586186291701,0.11146548337832132,-0.22881261063238922,0.03159638460528039,-0.8462509046840296,312897.756
-2.137759208175836,-0.28971558647914697,0.021391782167890706,1.712830723132868,0.6886630011971536,2.3704622155451243,162537.203
1.4494596331036356,-0.3156613041659147,-0.7639958179411885,0.002269106013018736,1.2680381759039614,1.4943867141436344,431051.9091
0.3886825002717123,0.010446156533419513,0.46019432055968307,-1.2751628942498814,-1.399958981948415,-0.7029729584822142,288022.9267
-1.0131709804645341,0.5815829571356164,-1.217885698102138,0.18532195668747795,0.6365575466513306,0.691760960994297,268783.2257
-0.9662565091734233,-1.0065469669133122,0.8710295475700014,0.3531081371979374,0.597426934270675,-0.3409794070082106,288084.4238
0.16182980604939323,0.4041700053446128,0.2153098531208565,-0.44910123882194214,0.10815928244000277,0.40779812315130354,333607.6898
-1.3725452982797923,-1.2264018916785047,1.3916674301461867,0.5476202976364641,1.0887662708612191,-0.4756499822371189,165856.2941
-2.1241280371662628,-0.5579134676982087,0.015190588364562127,-1.9124724504460857,0.8942611323507317,1.1920028739629709,154933.1427
0.1227462406818549,0.36200387934453415,0.2471306603116227,-1.3592402945811144,0.6533185540873745,-0.6390889313512249,248291.5764
2.847305198698426,1.6262297523092795,0.599398432789117,-0.7479038722616768,1.0551203359652996,0.20696902309227844,575546.7533
-1.821341186363293,-0.44527311950869036,-0.09812992830815694,-0.9328850706531406,-0.39337951728779996,1.1458794703006263,264706.2813
-0.08360317604210846,0.11408883091972158,0.9712753340061123,0.8194086173450603,0.9564980475647579,-0.7371750114981579,207362.1647
0.15578805928009995,1.1838667778728424,-1.3845054070915686,-1.0989302197335389,0.822129547387679,-0.0323804580636086,410196.7071
2.0464905080601388,-1.2802181970774995,1.6532059167371882,-0.1606156144334133,-0.8565840079236858,0.07959891179840727,530438.3597
0.05274478631735961,-1.6183005861409372,0.34443749759142306,2.134945987005073,-1.1212554897324751,0.04474750879474202,209445.4725
-3.485566666329138,-0.6167027309182351,0.29810956594146715,-0.5666003457106032,-0.730949875460209,-0.004753315609374829,122796.4118
0.27923083387979514,-0.77697389343397,-3.7659150516752873,1.4681505184857915,1.166318013576349,2.4191222236550267,316992.3677
3.4138357393782326,-0.4910493686833785,0.696332728817909,0.9464280625302453,-0.3194259505419208,0.30782509726692825,340496.3677
-3.018014266631599,0.2758684591546822,0.9854684421261701,0.42372939724214465,3.312921440156137,-0.15570747279741068,215340.6198
0.37860646059838793,-1.1599350833770883,2.020655904288191,1.6883948777692293,-1.593202466821292,0.23031778245003584,339842.077
1.4525470378468044,0.41171942683267854,0.3949588915341247,0.19573510964286342,1.4190726294597544,0.04683552474389287,257701.0525
1.0440462404300324,-0.25865664539795685,0.5088783377496835,-0.5270432078949205,-1.6847095095608968,0.555651467265632,449273.8818
-0.31804686058705417,-0.6212961251187609,0.39170957069277046,-0.42331780828293725,0.967033772037529,0.7129117222792447,163683.9944
-1.395197343679071,-0.7816188080609212,0.5543087980345598,-0.280357671047877,0.8875599096418006,0.241063447153291,216085.2785
0.7534248598836233,-2.3758430285090397,-0.5734645682061547,0.7044775181174939,-1.180140950020756,-0.011904626271958863,466005.3147
0.45701976061427285,-2.276632090689086,1.9090785188614232,-0.5505767094331969,-1.592184285612653,0.6368684091592014,397168.0803
-1.8738634734391384,-0.9377237124390436,0.39111212639336657,-0.04475612088724016,1.068756037381114,-1.059961794124589,156485.1911
-0.41146670954980236,0.20861049412064053,0.9176117761178718,1.0818008291057644,-0.72337413298869,-0.5783050809323886,230016.2448
-1.6475485906779368,-0.6467690742189811,0.08021017457827674,-2.091534441190342,0.44173205100524016,0.4274597042617409,167114.0659
1.7012035120880038,0.7156674205248135,-0.7889733376935959,0.9760252366509916,-0.012848162942299408,0.3181193901477812,448083.1316
2.0538681229349,0.6434220609834085,2.2280716745635445,0.1884881838072929,-1.4523255563851827,-0.30937843385120717,246595.8337
-2.2784788853828,-1.8617458734570758,0.5322763827686237,0.5612239609455931,-0.3856033193846608,-0.5146280781439556,185133.6985
-1.0616912285856828,0.06642814568446476,-0.0909220956412957,-1.2584842834349428,-0.9619694780174877,-0.5681774663505097,155815.2438
-0.5485667419323885,1.0763769855309393,0.9298784760352169,-0.8416123331162517,-1.6904917435171356,0.2674621533733781,199506.893
-1.1642185469333957,2.176293904531453,1.4139192822668325,-0.14096436767279766,-1.0595044936288847,-1.2850198883732453,208961.4829
0.24663205949074343,0.5169264641664114,-0.031024271418770913,-2.3046431501641402,0.5782825775593828,0.4791504808213231,227419.5738
-1.3909160255257285,-0.6690041567532916,-1.2474060673062817,-0.7863709818952151,-0.9590041752033253,-0.2157139726345388,149533.4247
-0.11615309440076657,0.870793131913053,-1.5170177270082343,-0.16765852873733,0.3642760454633109,0.4989353324813075,208981.4525
-2.4346115597160765,1.2338592808636517,0.06995674937827287,0.33474645965105493,0.4995964524843301,0.19325035571225205,167927.7775
-0.7257006862636404,1.2860803738739912,-0.46431855745083483,-1.141902061334489,0.45888971085404107,-0.08624856152878087,146992.1027
-3.016837870021582,1.731910205590418,-2.177148266145179,0.46971431771164635,-0.08777040700065408,0.35684783336478393,98235.07669
0.3978390575685534,1.8541749605970836,-0.741349214762744,0.7865829891695877,-0.7695280874567488,0.32045320125628174,291066.7383
1.8640932774963301,0.7961681287532815,1.421446568338948,0.9768373695692764,0.40673198328111215,-0.47323971345603183,381506.6625
0.1590230815002202,-1.3626553988587864,-1.1861026106755241,1.1311394376399981,-0.6585296593903623,0.07948095102737131,351885.5657
2.8163587865062323,1.2175516992791366,0.5145567304137764,-1.133002746463773,-0.06627835882950157,-0.6653832919025161,762704.1818
-0.2092634771323812,0.421337809362017,-0.4199991992821416,-1.4569950985817244,-0.9853750862458032,0.10902120724258256,109108.3763
-2.9745786608060514,0.6637478483992947,-0.33070707169605407,1.5635335727812496,-0.17613817569801046,-0.7734306374504509,265268.8963
0.8617403720209555,1.0369599057720973,-0.8009279712875514,-1.1702369643537605,0.2723370528935599,-0.7851060352848125,365250.9789
0.06834971887653075,0.30780607313021313,0.9019977056202447,0.28384982237277007,0.029174639213400546,-0.09719480940444442,407106.8769
-0.8931113814184957,0.552223723488484,-0.29009454462139656,0.6161457041395816,-0.6626282700157701,-1.176437384194631,224961.5539
-1.4039221914095352,0.34654631378062717,-1.480299647471578,0.4572303137865683,-0.7904260168555031,0.4933559004854418,168112.9189
1.4375517087377911,-1.3590614209568448,0.527561310413032,0.38412667805455797,-0.08407252149019813,-1.3387653442928433,476293.4389
-0.6005054130362644,-1.2723486694174593,-1.3680104640206496,-0.543684321817954,-0.8550062617190841,-1.2026230297229497,211071.0095
-0.11131580497152685,0.9509430264795423,1.0380432464986376,0.3751923870047389,-0.7366399398779353,-0.35584202359108613,475423.0378
1.7088291145703163,-0.2741169006567883,-0.9316725580563541,1.3803598977713019,-0.6052932304114048,-0.5609044375875549,446784.2967
-0.8898976758664789,0.6403518195755359,-0.14753102952491598,0.5498096084610441,0.58300239457482,-2.0698924382844566,157786.9365
2.4253939563511815,1.1209908259690413,0.7259616617606368,-1.1467795769308564,-0.6689807279506742,-0.23549626431408632,383291.0398
1.6455618063168667,0.6550945485038696,1.4552139195238278,-0.8026925318711898,-0.4768869876676586,-0.17731814491477887,482513.0285
-1.9649410526883624,0.2692964997201158,-0.6972669076045516,-0.255272479341803,0.036350080231183114,-1.384921758854541,147534.5009
-1.3474503256523813,0.20411120551712963,0.6866912603945767,1.7364140119625215,0.06730061280937986,-1.098834583836442,196851.6501
0.3694693138617994,-0.4151393271893114,-0.3070458621524315,-0.39821451999370894,-1.8898106673237722,-0.22015049188039507,215961.4266
-2.0168271261742023,0.8840804503865173,0.40128902766657043,0.5071162383865152,0.4649068581049164,0.28120247798491693,140831.8237
-1.145479527148646,-1.5811039725049798,-0.41987128070532853,-0.24266744435031726,0.37138425406305514,2.8446257402155637,247526.258
-2.0410590206909913,-0.8061345754664622,0.2730130867196317,-0.47889615464825525,-0.6399917846458953,-0.24792827649623309,110779.6411
-0.17290628464590704,-0.9874142763294621,-0.0763554509660255,0.44892411922331504,0.12567560440030148,0.6062960223424764,344987.0509
3.6005672874094015,0.4867495102404928,1.4042525026900592,0.24278634415810496,0.36679912722422137,-0.9133841609751336,480231.0677
1.4051520547684355,0.5185569842220008,0.5492567517895274,-0.1957491073847027,-0.9483800515784027,1.0424464987031339,469779.5525
0.884218023034847,-0.145389230710204,0.12933724283314757,-0.056481850360208814,-2.279922772093612,-1.3577174081407941,323473.5061
0.5096974481847306,0.1802449716535966,0.49013141594275955,-0.900728823047736,-1.6149692895562469,-0.07197776349155478,348646.5274
-0.462608961642879,-0.6688289580157334,2.4998809749658744,-0.11985181367471343,0.4852284297755321,0.8744909781471379,128435.0644
-1.7702164425548068,1.3791580765481972,0.4329896304335659,-0.37602096064547663,0.11011338597433536,-1.1070818976379273,160967.1899
-0.5116971757898344,0.8139031023625649,-0.41671607619455825,0.5910750198323979,-1.4577408861769001,1.1802119450944109,169757.4294
0.22234832318982053,-0.333537523509924,0.3420450725507707,1.9364637614493485,1.7948182574105114,3.1113012842931984,242858.6649
-4.178120983736085,2.5066946170828204,-1.399487796919574,0.7580879860687749,0.25929401082150055,-0.8073106059754904,188684.9683
-2.315076536421886,-0.7159252398822692,-0.7226916909431672,0.07826684065005833,1.2403762018651192,2.9608893414694086,131183.6791
1.6111844914923343,-0.3447310912681711,-1.4480454522320112,-0.04041432257741354,2.2207537587030397,0.509189771708195,425369.7452
1.6886319914439534,0.6195199598864279,0.22561996653869737,-1.05856652465691,-1.2613531626703536,-0.5101838296075878,499696.5864
0.18554461407690356,1.8751998689895297,-0.766773366902367,-0.7451226826543175,-0.5406352260480982,-0.3142409439700395,183190.785
-2.1297804701730882,-0.7145924514835655,-1.5081768069866945,-0.264095844354773,-0.8112317718503246,0.3174163036367967,198341.7797
-1.3006794360911675,0.340429509703395,-1.078051935696657,-0.2375264253926899,0.6395327747433073,-1.8636853962362567,195897.2397
-0.34127326942682784,-0.6540550642952097,0.38946137061222313,-0.3765137104560466,-0.44225526887118916,0.5432610744058096,331226.1443
-2.031942058073784,1.428991729308057,0.2755732248310905,0.6631550740904764,0.6820475161104831,0.01447766118097689,117833.0743
0.3780773405402788,-0.3986994616228162,0.8537324274233549,1.155434433479432,-0.44676376780358174,0.1445254700395093,558155.1768
-1.5526343421648265,1.7632014308288433,-1.1475048660144487,0.5096672787025321,-0.48215330427986786,0.5082894783772406,115615.3203
0.8079569599121696,-0.5907234406914812,0.22716551883962416,-0.8822037328227712,1.592995207017442,-1.8558983952297252,373827.7512
0.6933628955535912,0.4441796754585971,0.03245434147646237,1.6333907579616127,0.6822258345993453,0.3121701686096727,301781.1467
0.3351637940537923,-0.38368139034989285,-0.14494896810886546,-1.4196667370214244,1.7757137594210894,0.002219885174342875,294657.38
-1.237575326576519,1.0113465015289373,1.4883848853435009,1.4453892621619395,-0.3827864569546917,-0.3976223713487359,189728.5889
-2.616212532407828,0.4931943430320525,0.2303204484823459,-0.660396388313935,-0.33374322665884176,-0.49783646810576015,139677.7098
0.20868715556047895,1.705052616928498,0.34410520782560616,-0.12382717744143311,1.0450537260309198,-0.22717762209420364,353954.5232
0.484836466593239,1.116166942780163,-1.1412265153978962,-1.2504753015642103,0.8423944959446562,-0.7911181387701668,181925.901
1.3244484609289944,-0.3581364503346142,-0.6078695840945579,0.36809263817675203,-0.33259782761822615,-1.1018219354026828,309154.0514
-2.845699877561995,-2.4425736783226486,-1.7074550065073308,-1.227729318140841,-0.09519216016530292,0.27137235062932075,92774.04799
1.0218386868750502,0.6794546417751959,0.06964936145997748,0.5305516766031134,-1.9096913338677495,1.6752678391723272,374302.8931
1.5027338898313753,0.05025451013485656,0.25881981208376964,0.18961836308523575,-1.6067344901711325,0.7521679035070341,562151.053
0.21441772928178743,0.15928592915712056,2.7735131542673965,0.2883541950235293,1.3222701185595815,-1.212811387087997,203289.7325
0.5101787659257736,-0.42700795432573574,0.09937525024988572,1.1803157325563993,-0.229556125459972,-1.3607041282746508,277242.4891
-0.24796875561601786,-3.2253442282913696,-0.25777663431411824,1.4128857764199223,0.6100573515709028,-0.20355659980419538,415416.769
-0.052862207679574835,1.0376295984077084,0.628770169878991,-0.8244820607365411,2.0429500408297456,3.043276764834,354489.5646
-0.11247174924118225,1.01909175374779,-1.4353186138733853,0.6497561644462836,2.181131801583179,0.775064474935105,339200.9901
-1.8392210103047602,0.0436347802769953,-1.3726138662363576,1.2387581506716652,-0.18196241465043347,-0.6605109243363014,410773.7438
-1.1361519081221223,0.5706313564530959,1.717083876111554,-0.3903481499793599,-0.6083662148988574,-0.48386042130033985,247617.3432
-0.9410052714012761,-0.9574998120294564,-0.5575249820228237,-1.2205480213912987,-2.235193419535553,-0.1842141859546208,201435.0774
0.270602143132367,-0.8364084395114584,0.8945222748935409,-1.462731082851427,-0.9297997073998556,-0.45715420409544777,562160.7089
-2.832773635324222,0.18344035078341658,0.7545064965410611,-1.0548304393558556,1.0669657760698068,-0.19241908294402385,108739.5259
-0.012429646721847414,-0.271310230562923,-1.034207443002438,0.4996431124509013,0.347522183747922,0.4173672016890071,421953.7341
1.956454026990132,-0.5507662318457197,-0.41728392612986237,-1.958496509978811,0.9319743884383199,0.41332928940559904,197643.7107
1.041783002397816,1.7919120268759072,0.73718610851066,-0.5644568131562684,-0.6662145302987597,0.14526508189637924,233342.2854
1.777322796947173,1.538574664412839,-1.0603797146146536,-0.05412852563614678,-1.1663979693125992,-0.5228762354851005,454826.7298
1.919363057133198,1.8127852712800383,-0.16424514322791228,-0.44173574582466923,-0.14873254859611262,-1.3804010529006077,587055.1488
-1.6597061366919352,-1.3205662129625457,-1.0525968121756675,0.06239042070677703,-3.038315339919234,0.7858617841715041,119789.4769
0.2200566886365852,-2.369271701063866,0.6046724945881095,1.5627659615012706,-0.14509374639721556,0.1751099136601605,342875.1627
-1.5554552919451743,1.2177779094439225,0.011816736025325174,-0.4256974382009911,-1.1819043045905842,0.30303123153758227,132679.1883
-2.7003476441376724,2.533063329762022,-0.024337858831564564,-0.2897566336182085,1.4210975940808228,-0.7671529266496052,107131.8222
1.1430072488595218,-0.31458385161060154,0.12433575247215972,-2.128673135192219,1.0579855991759082,-1.0777408903365697,165863.1355
1.4803986661748973,-0.15719931684009963,0.0478680980584567,1.3656767210004983,0.6381409153271979,2.3815347901351287,495148.1821
-0.2043228316134048,-1.1063687911927802,0.5226019322565812,1.3640858168842245,0.6858552271294625,2.017253440604044,319405.5711
-1.190639295045048,0.7032602514461158,-0.4887439142187688,-0.7281923949482182,0.35868067027852174,-0.3143807740436466,250967.0996
0.8531656731440487,1.7058929424213347,2.437301532881109,-0.8614621216381523,-0.56808267197463,1.590839058631748,117918.5277
-0.36250774369518945,-1.9479173774106602,0.17392326247558523,-2.0741852068424356,2.0327991942895447,2.064938973577577,243254.6491
-0.4225151125735968,-0.14696386953768215,0.6887692533585721,-0.3840776853835992,-0.5326193068973663,0.692016414375807,266620.3033
3.32334970288714,-0.37392867039343886,-2.074092443914341,0.6779320552176787,-0.8427779361581124,-0.7148551870680119,450725.5037
-0.3779589959189183,-1.4874249212615125,-0.3986450234491394,-0.4391132814616137,-1.60746534811012,0.9474930886269428,260869.6178
2.277415758039443,0.6912781073145325,2.892735136869985,-0.37574772833912523,-0.6426474598645607,0.6606317873630347,507713.0163
-3.3627384433142473,-0.033535552523640336,2.1946366240484587,1.7532585937057583,-0.04939630688613966,0.8414714737476087,182779.7308
1.6545148617785261,1.5819373329582789,0.2854727234164021,-0.41487702393082176,-0.4448781355376075,-0.0454772547920445,321849.8444
-3.1858549220052117,-0.4454591581898064,-0.6017264016623337,-0.8650209067101505,0.5571376765798697,1.5224576130979919,133886.6698
1.0261210154179294,-0.17991349627528241,-1.5136096313840823,-0.10612587717655697,0.29058242809105633,-0.9279582372421243,527756.2985
1.4128642822461503,-0.04867561181622584,2.1586610188316477,0.2639220050452306,-0.8208734708686622,-0.747860621435414,136794.6888
-1.0312243266850043,0.8753569984319439,1.8285622250687683,1.9044603711832697,0.5758646555553942,-0.37500961254238213,184235.5417
0.5930309273009611,2.416258676299597,3.3029354120447016,1.657125981102217,0.8461871470759866,-0.3247255922032708,167473.2486
0.3530788737547927,0.03731610728160406,1.3558421425545815,-0.09347126494468581,-0.7343817381167614,0.9846192831871012,303962.8866
2.8598149258285734,-2.0392801152253415,-0.2407731950117988,0.01999762244758502,0.4821432066307494,-1.2261086719468401,666173.327
0.3193092370334749,1.6062544465613167,0.12712699013855083,-0.43008020868868896,-0.3544692743111993,0.8765416080828542,283570.2735
-0.2601755441929361,-1.425028523219344,0.2243009952134568,1.7673402822381725,-0.22253825418899337,0.2555467372125304,497737.6711
1.83808753287933,1.8690095660977877,1.1634565915975401,1.5791374087174082,0.15606203348529005,-0.9313715609318765,394038.3909
2.088438945039352,-3.5177228714045254,-1.5556187587155952,1.3761339163081685,-1.294547103578678,-0.05203533169444761,849297.2307
0.8835675331552117,-0.4691373361563607,1.3057201130786842,0.6736027370743028,-0.04232371387471219,-0.4552116218576752,215501.7223
-1.120831894467376,0.7447879077313284,2.3400531535340754,0.13103523007048726,0.1263901058737988,1.536643030489963,196091.6698
2.4978317589430636,1.2877720993379103,-0.9091037714052077,-0.5380361152285469,-0.9971420363629805,-2.346913164787293,322009.8981
-0.6216310371208278,-0.8342794590068738,0.8130770748753641,-1.9757990607282296,-0.4301742349359594,-1.0207092240370785,108849.7826
0.516044407923964,-0.4838239876870313,-1.0029306404028189,-0.767831283749925,-0.6442555322199819,-0.9521265292126784,293299.7552
-1.3831631084104896,0.49412277529283705,-0.741040448559755,-1.1416062047929048,-1.4157639096563441,0.7215771878522451,304756.3378
2.362917811333952,1.374407271010761,-0.0986036616677904,-0.3565268213117535,1.1034039479646804,-1.0048537922948146,383349.313
0.9705405992805272,0.7517940677448555,0.9069769841992392,0.016738722091554994,1.385603927098122,-0.3389488743448699,318697.4162
-2.2827549918329826,-1.65103935659787,1.2869133798909405,-0.1804314309344167,-0.10647408407158632,0.17269979214384296,113768.0565
-1.3058742478711505,-0.27489837309047255,0.6191840187146496,-0.7076892261741942,0.03887207798299746,0.9946861594717288,199637.143
2.289530934158381,0.8526310819935421,-1.4025200574931274,0.45918141846097416,-0.9755061461927258,-0.5979057064379686,425810.8387
1.8032701042343344,-1.6008764039019068,0.539986903210556,-0.08952113656989677,-0.21013037092968645,0.49501186908471906,611446.3581
0.784101230755328,1.4456799577125385,0.963679575464718,0.2845493221670471,0.06517880460530005,-0.29789208429039077,667307.0133
-1.3018325334492231,-1.5842579193669495,0.2124722431000864,-1.9500046406220248,-0.30417549766685054,0.01637469825276197,155604.02
-0.9415122422819864,-2.3228724902937414,0.8081464587885782,-0.6820606231567501,1.4327654621414596,0.19663102108902988,306732.7233
-0.7119420660622438,0.18362355831609353,-0.2616244170627436,0.7071159522727747,-0.14342834726315729,-1.6565420685957364,175483.1363
0.24030573360695082,-2.099040159791376,0.0918720967276582,-1.389170254698482,-0.14365830174443558,0.669434916647497,257182.233
0.7312222670593567,-1.0738231641111222,-1.9343901614571728,-0.9102652314673848,2.0395440105353773,-0.49636723161036955,192498.1029
-0.6022576784074628,-0.060197426657379344,-0.11834585793784871,-0.12010105032938626,-0.015888439270512686,-0.5764616986944947,151361.7125
2.12959402652251,0.20257555399773242,-0.11964790249338185,0.7074322208844934,-0.003159545725248884,0.042326814433714034,483683.052
0.4030571737436165,-1.1383848425142689,-0.4957776821699324,-0.05937218678587262,1.010069646760818,-1.011889209255006,440762.3342
-0.8326705127907442,-0.0032798627906173647,0.5977217544704281,-0.40139205576451653,-2.514776878195676,-0.20547599360390953,176426.4574
-1.1693056707043799,-2.372139828085831,-0.46499000820060904,-0.10568234524219995,2.355536648306709,1.3651933644540024,224973.4118
0.550531730180902,-0.8631029469920575,-0.620593888089922,0.28082920995799865,-0.8444403883593968,0.46641453011441647,340564.4614
-0.7970601370246202,0.4272885142269272,0.5765930767763394,1.091320741782399,-0.6818579443790203,0.15297641730195574,144270.6511
1.041921374855589,-0.4228841459867244,0.2227774132647008,0.08711069460615445,-1.7741113145062601,1.1221458864495997,273012.2059
1.9612546470505823,0.8671249575226757,-2.7906606788682145,-0.3850869490401179,-0.12541152190308524,-1.3438688405449268,625032.5031
-2.252040195113615,0.01959120098693874,-0.3230791828455104,0.187398046897067,-0.07694789638038467,-0.5269290038402794,208322.3964
-1.197353285912236,-1.133106290301577,0.2877451268207735,-0.8924685975696119,-0.07986282457993528,1.508146300213417,136062.8211
-4.592306904800287,-1.0731456667211228,0.19674430771441126,2.250393761533793,0.3263856441034734,1.9332707219933842,110450.8527
0.9553641018891269,-0.41527015782106763,1.3057615489822814,-0.1350869984617342,0.8686915447033056,2.1372938224876057,345705.3279
0.4077064275015189,1.8484315463766974,-0.989378208419899,-0.861592904969459,-0.732342732832485,0.9067294203733344,125901.3577
0.4934224901222901,-2.0656268783775675,-0.6983660730890957,-1.7785316118635264,2.0331055172319226,-1.511695042652367,151985.0457
1.5359716808071084,1.8352066192630683,-0.11706245400967569,0.13732208767186901,-0.34390050324400334,0.6742512813599096,338905.9794
1.8635817987941368,-0.16272643301871145,-0.22708844237139392,-0.5231098965545564,0.41798198806437564,2.8821364999357693,343771.9532
-1.6434351689375144,-0.23773636134155693,0.3198280481091416,-0.7910340470517276,0.04697277113244055,0.7146981214054267,174243.2503
2.5005678903398123,-0.5316658437956835,1.1452901475461987,-1.7547346730961484,-0.537730551603392,-0.9332428347926895,338942.4888
-1.9075327470968126,-0.3663160390886128,0.16104008904897493,-0.4431515184804235,-0.48546507530558475,-0.21930950811637231,209556.1828
-3.0439210957488414,-1.1236318357563977,0.22323575249269068,1.3549881207115133,-0.15427358667287477,-0.6473384173313217,138343.9413
1.8047506347402111,-0.7495904965537439,-0.8152555161625621,-0.7770613958304448,-0.5491157676014986,-1.500805471511755,288276.8444
-2.520775399016239,2.399345749886383,-0.967854586976847,0.06335406790349286,1.8520394534348354,1.0455875591122594,172176.5119
-0.21663040124193214,0.024123448179454766,1.3111673594978757,2.0561822687489553,-1.2726393750105072,0.21059375735428595,286724.3972
0.24669650209883326,0.07403380738186453,1.1396572720661347,-1.5862620236999783,-0.05780696123255869,0.499462230232734,217710.7415
-1.4804469882425588,-0.8201342434546303,-0.5971796638540966,-0.8771868680282958,0.09263457476108918,-0.4381767443274245,218446.7975
-0.687021661136526,1.0488410979450171,-1.6538929716242654,0.823211788619552,-0.6690646488798263,-0.49088011668973497,485724.5886
-1.3406216389732157,0.5482970362308248,1.0711461866839174,0.2872477411902839,-0.6706177782407144,0.14969419005833573,194706.3253
-2.1604671361697187,-1.8867569818093473,0.605580359223069,-0.34340040548389883,-1.9482694064892976,0.4824699611777113,131819.8828
1.498184849367456,0.41283192619065195,-2.343656575592114,-0.6292188440789236,0.04738892210759053,-0.3166912762354213,477183.1747
1.5541462560652723,0.07715219148952307,1.5572840141669526,-0.045336577873827714,0.7619048547726829,2.426861327005784,484512.1588
-1.2850268374404799,1.0790396820895218,0.8101333636618401,-0.18861358919889296,0.29728850592887496,-1.741284230000389,96645.45592
0.22005589793250213,-1.554326472625573,-0.3742781989541852,1.288189381879843,0.37086024445918836,-1.061499397290644,242090.3177
1.2080077981048947,0.28425795649596225,0.8828570494978288,0.8257535104730079,-1.6157231774119938,-0.11828979384789233,459577.8498
-0.6928506086657272,1.5555859139034391,0.16109280685989708,0.7736413345822757,-0.10735171162472672,-1.051965684712351,191199.6967
-0.15747466769432628,-0.37489768658041844,1.0634071713073445,-0.289417153340399,-0.4819494042075234,0.3955774401668748,417654.312
-2.029305648573814,-0.8088289671139475,-0.40610813711098537,-0.945845337351897,0.887606146884334,-1.1381863327985935,222777.0701
1.0593889853987821,-1.4393698569913622,-0.5253688418871678,0.6982987369894613,1.4999564699728776,-1.3360546413872878,339258.4368
0.41897895207062175,0.18513668491440796,-0.2369489056701245,2.0428613365767854,0.1479941144002192,1.1315590625109184,442788.154
-1.2507221945425444,1.0738267796904015,-1.762073407328354,-0.59992322590736,0.49733540604670046,-0.45283728067472795,254303.635
-0.04217336830677193,1.749389585693286,-0.9395356423374427,1.7336915912694564,-0.029015345759009614,-1.0827273693055648,300052.9435
0.20724905385333445,-0.7190106459625422,-0.028555389084074265,-0.560675014913985,2.3977419242395577,-0.20524202076777828,383024.0157
-0.49922997991634444,0.11053183547156632,-0.42234677449905855,-1.9886412345659867,0.540252012309052,-1.3591074324777719,163298.013
1.1640817837140416,-1.1393088966675498,-1.9339272042667548,0.8908682233046292,0.18860848285985404,-1.4372138963777281,666148.7699
-1.0365195849389575,1.6127056344587742,-0.41312190448246155,1.9560198615013098,2.136955083074902,2.9008156530556737,183107.5642
0.34347994199505716,0.5171077283997865,0.5439851746346774,-0.019056099917202123,0.7992292625745104,-1.5791568429695682,251833.8761
0.0010293703578315011,0.3692715611177905,0.878931558287595,1.1533542803798245,0.18248120339354945,-0.837886761552413,355415.1088
-2.581778283163357,0.25093558005419475,0.945535985704002,0.4094316132272021,-0.1473190426323065,0.2940210731535783,142984.178
0.2137992300877598,0.03554930611178691,1.474130031876447,-0.5161645677408474,-1.0321509031419316,0.042470856559462346,177443.8225
-0.5790740237616182,0.8795424261115117,-0.3876333276429497,0.12845986313984228,0.6870761151760111,3.003960478521247,232294.47
-2.521687161026117,0.8483796663778086,-0.03188168003402102,-0.9165714170316918,1.8337202666891577,-1.1258085706096779,278031.9432
-3.0619522265355017,1.63250700762685,0.5186530801530108,1.000890846728144,1.121971065385432,0.5745671251271744,290806.1083
1.6969500182925934,0.32728824338872825,1.7874469759212184,0.9981025346971182,-0.4434243032665464,0.4496274314696194,451761.6713
-1.9532470885468545,-1.4851712677522584,1.0670190043677923,-1.8260910299103135,0.2393590361491263,-1.2736529882056387,273232.6509
2.9891754588199952,0.180234799472927,0.17138775516461452,-0.26050727321262895,-0.4997700582361509,1.8176998824490278,288525.3515
-0.2538498511472626,1.0260606465179751,0.1722020209421236,1.2317214089082813,1.6314751062441073,-0.08143813566801288,134853.855
-0.3510749301239531,-0.6510652664783071,0.6497857780017707,1.6924924995134787,-0.032144502344489186,0.4423392477396953,252379.5882
0.8254297806652146,-0.44000298280415073,-0.3706522105839548,-0.4047757550302441,-1.2390296441641033,-0.5896657799541319,527805.1623
1.1063087882062599,-0.9073646657227913,0.175441035621256,0.1790758239076951,-0.7365416195987387,0.1542878144563091,339013.2837
-0.2849359697448625,1.232084849732324,0.6483255043273393,-1.7180677478026327,0.3617181019042862,0.08522229815264024,102297.5218
-0.5296115983999847,-0.41369277501943996,0.2164718508122228,0.634774585841898,-0.3583280156166935,-0.29327589348559013,298444.3614
-0.2308601348837988,0.09266611348431707,0.10292941628490726,-1.2395972261727657,1.8079597531159655,-0.6231893831050599,345118.1716
-4.031217606573351,1.2654014645658758,0.4819441571882,0.7653816437020795,-0.41435376845616867,-1.1704407165019146,325649.7834
0.1136901259921572,0.21557359905054085,1.0052124410003114,-1.3738837279930132,-1.4532321191827011,0.10679114208061327,238884.6266
1.4866876351047436,2.3016026470130053,-1.3818945572358339,-0.45302850884297713,1.4390113813924572,3.3531620134116134,544527.3548
-1.1117449203405527,-1.3137945047423178,1.1461577044675733,0.21033072555132293,-1.01829683245442,0.9182841092793574,214462.382
0.671756446453105,0.07471098776246962,1.3563350028079566,-1.3075190029252908,-1.0405360513994193,-1.2535147059826872,298680.9437
1.1666155391428172,1.6012082391454177,0.1409717520545175,-0.2193120185936184,-0.4665118372375028,-0.05856878002970932,442225.0674
-1.2180558932856889,-0.13428316300965398,-0.27217148881906117,0.4948877740629991,0.2465354625387311,-1.3916251568268516,127451.1909
-0.050212173368178674,0.5015578993901835,-0.6332435426669596,-0.39781857137205423,0.9123887919677839,-1.7900811006336874,244580.9873
0.45183092915095935,-0.2865297551305149,0.015448012522615268,-1.771671393878442,0.4717297637925443,-0.4175826657312121,174163.6594
0.8652440748753351,-0.26720733895694065,-1.9605035859539524,0.2688941630535633,-0.09107193338911385,0.6717013556124897,439592.108
1.294661550030338,0.6486750148803874,1.330896659537114,-0.14657618472965528,-0.9178860514535361,-0.36441370573475734,404176.0086
1.1325616978265407,0.7696678847829452,-0.7169421287029115,1.04876295616297,-0.49090137078379903,0.9747836802505107,473247.4614
0.4947879752778803,0.8522598469908906,-0.02013646020332477,1.7045932317956234,0.07061505941470131,1.1327052055111806,293386.9158
1.5726440362254759,0.6914876542751142,-1.1124961708486667,1.0057998092429605,-1.5620635764130704,0.9198220680422521,404832.6191
1.351830092420417,-1.2215631033881105,0.7542969749133929,-0.13655793524262858,-1.2425896480380785,-1.1201554009180774,237318.6527
0.32363788966193796,-1.197194524878197,-0.8271914237598926,1.9483783236590988,-0.03998105484313687,0.41995468330339164,260509.4674
0.36349271082498275,-1.3469936694029854,0.46483981873730723,0.12098477151749788,0.4439905848049297,-0.19879195012258644,237627.2881
1.0387530703546557,0.5388717033273892,1.6527838949170066,0.7602039040459141,0.5662091300689612,-0.29115787096906937,390638.4666
3.5171180236773325,0.4749549910987415,0.23947038771784834,-0.14321718456645227,1.3278754656676712,0.8480641106712234,435506.5116
-0.24815896006258792,-0.18907863591553467,1.299680315437452,0.1657136951547737,0.6693471824808593,-0.6488069356312898,212345.6267
-1.1647966459721517,-2.149208969707594,-1.418454543719062,2.2087491952455007,-0.12027526555895073,-0.10119829937081103,303351.4472
0.37361229454244976,-0.28055595001077516,-0.3715170205671674,-1.2606397725033767,-1.2364659898441472,0.31440603867312555,133676.534
-0.4428141610307909,-1.1723279544927854,0.16410517201631036,-1.735961263733009,0.5155970641028961,1.6647348400397732,127115.2583
-1.054070133967648,1.908503759831421,0.18280803221840342,0.29734979104105974,-1.6594011831772635,-0.6681561808949901,105902.3322
1.023425129792069,-0.16574606885121881,1.2844398582656438,-1.1841443392349416,-0.8628759054980926,-0.007243673051860504,206409.2786
0.5309712759002566,-0.16738517223592447,-0.4714442244332856,-0.31579147365318233,-1.2291773357054467,0.5870987242249798,419966.6879
1.6702472067498524,2.0622527847101737,0.33060473603789486,-0.1305611363482443,0.1393992299670032,-0.8643700364888177,261413.5934
0.132996399721141,-2.1785072605357922,-1.392850633203496,1.1925720807236988,-1.5716455992032436,1.0310312254821472,499241.8291
-0.503949798027852,-1.1211946618697661,1.9263907638279987,0.47383703805028904,1.1683915030385448,1.7253418602883253,324048.5151
-3.5130639088045776,-1.2028841258464074,0.11128010078108588,1.150373651787677,2.1556316454588047,-1.333054333247782,122433.8106
-1.9458268226472737,-1.4894557199869043,-0.5840084702775229,1.7274954356733871,-1.2322389384906973,-1.6454005984674531,279061.4155
0.36607122668086906,1.9982565291116774,1.8457851892344312,-0.9763529470570137,1.0625258304629852,0.45402039436328767,370421.234
0.7821387473125343,-0.8360002067809645,2.1976924154397355,0.018513986069230867,-0.8037251263162205,-0.027351966283309343,320559.6601
-1.2777012890780912,-1.3334849309794177,0.39946527350195626,-1.2444029219963937,-1.5589657881175305,-0.07016157443232683,299949.6785
0.5143719232691226,-0.013082055781050827,-0.7739311494785289,0.47137013047315707,0.09368122931157818,0.7663236813747732,542943.1356
-1.4237611926907598,0.6428604836386326,-0.7808898034200459,-1.0454059703689795,-0.5564930595145512,-0.27440868229400245,160605.5604
3.7015240754825207,0.4496467086749661,-0.30664919804079344,1.5743815148153484,-0.5966940667821182,-1.532273371993995,612887.7486
0.8555922037273995,-1.6042538035011884,-1.1938214930551572,0.6659106976892185,-0.1305847329941502,0.1560471101960888,397948.0494
-3.187688567311933,0.7829436453538149,-1.2656686197245954,-0.26451836185649474,-0.05895894449466096,0.21857973480208406,147113.2338
-1.9841422626371552,1.529846399091684,-1.0508282057235552,-0.4178789581176112,-0.6302784779792671,1.3089282253675618,161039.2134
0.9825347422678291,1.7977038541118702,0.730281666337527,1.3384156059708814,2.0602699668462754,1.9221428109940575,459853.5182
-3.487688469449951,0.11314235232380146,-0.492738247643027,0.2641367556544424,2.1236811076462034,-1.345586243911186,180340.2414
2.0296252675318205,-1.163617807339183,-0.8739471706396136,-0.30060968108900005,0.3486443609305639,-0.6546243441582399,611952.6394
-1.7379873103579984,0.34571649756971495,0.09453495159088197,-1.44785328719761,-0.01971396063240256,0.9762464500620993,196839.3153
1.632766476182501,0.9552196870824406,-0.05996281472346501,4.4870903214736,0.9580318818730539,-1.1671478232114352,676723.7491
-2.4532332652334006,0.5422208519517792,0.3377719505992429,-1.852756051597098,-0.12466376798280175,-0.1669861898240821,239641.2752
1.6201472402025108,-0.8588521742230818,-1.1450973705474183,0.5868795169994203,-1.3457289444168905,-0.6708087216791704,375354.3711
-1.3409687569312634,-0.3187460539219739,0.7334985480474122,-1.3635077243915832,0.19713029120630488,-0.43934213350767815,137651.9782
-0.2346325727046078,1.0507929853556492,-0.45828043273967767,0.5647334816600696,0.3424299549735652,0.23484289263625865,203760.4846
-1.6586518206985654,-1.8498003661530023,0.3413028649226272,-0.6413370561883872,0.3655446871027447,-0.4070370983936247,152297.6017
1.7708828344624399,1.517595175014719,0.7124569409626479,1.6151267523616935,-2.074689398672772,0.7085637695503335,301642.0436
1.5686892745054262,0.2388161656816605,1.4315290563747096,-1.8286392320441578,-0.11276037759321828,1.1395091013982943,453631.532
2.232010731928932,-2.428718454788546,0.5623280791805504,-0.9888367044920314,-0.42013065443536834,0.04852667306616413,333345.3744
0.5705434341591948,-0.16698629833199552,-0.10257402888455534,0.08885169810513466,1.6090296493979013,0.3147579454097496,483241.2513
1.7983011335146921,-2.627572291224681,-0.5903642858098326,1.2614408682192169,0.12789464434896694,0.06659372882213373,763219.162
0.782932611166632,0.9620252777145183,0.2739208876845247,0.8669447122071622,1.9221936745773223,-1.6201091907444278,430258.7998
-1.103871486458451,0.7103628619250025,-1.1607160352336117,-0.08926353604648057,1.2712011529518252,-0.5057381698636766,274890.2237
2.1251586178562083,1.0023877413247404,-1.1545623031062684,1.3124169648952229,-1.4916018843420256,2.128203568248737,681994.9094
-2.445992293820199,-1.4535500709492386,1.2817289105640997,-0.6192562064926485,-0.3329978076075504,-1.5592126092842293,102050.3585
-3.7409894166681763,-0.46065479160359896,2.0660553394096444,-0.34287044829012103,-0.07383871073576162,-0.04444885312709364,121786.8176
1.773857240778695,0.46011313359760664,0.8117254662756301,0.49023851253369444,0.018945275930063565,0.8508533198239877,631312.376
1.2193830851032896,-0.5691900674487813,-0.9956729331335252,-0.5886371598068529,0.30036879431604446,0.5886348089979242,271185.4808
0.9383195335002426,-0.3029970257300298,-1.4502771801448373,0.19007326176090575,0.39480909211574233,0.2819615694403747,423815.248
0.04985212127367122,1.4513261474749015,-2.0776425176944984,0.8928570627035014,-1.0903668467871017,0.75352860894506,261807.1939
-1.32576518444076,-0.1260005593508792,0.23516031329980816,-1.3188307333274991,-0.3421247326575357,0.371069794468409,158162.5983
-1.4604334142332505,-9.286095216973173e-05,1.4768682818115637,-0.40853569986240534,-0.586845604121107,1.1072070346394625,131037.3002
-2.9025253329482252,0.21728966943387473,-0.6668267206958495,0.08527257495761756,1.7396515640417096,-1.3995048835340345,119066.8326
-0.720740440531144,-2.884643347199283,-0.6956014252824245,-0.3586185533900276,1.4871474406793626,-0.5109825888327773,205784.669
-1.779808266104944,-0.7990630173581241,-0.8159425229609331,-1.274949641046633,-1.451358493756472,-0.3757944848328477,330437.4705
-0.9864057857239504,1.5703226348212658,-0.3463225004275765,0.3360485971940965,-0.8236677120824475,-0.012341004880350302,202608.9636
3.1227946604891637,-0.4042591154039089,0.7125104233355657,0.6701855580752301,-1.2072981360008193,0.46343660212055976,749067.4694
0.16493631799286465,1.379825574104999,0.10528807370207363,-0.7777574429048082,0.7692495326190929,0.21559401872876743,280826.7251
0.5942658470750773,-0.6694432131833002,1.8203490572899754,-0.23420567560646566,0.1489936321919539,-0.14777432049165032,245099.9209
-0.5196267785508465,-1.70286757155317,0.41915698073252877,-0.8031126255019626,-0.6875550214948679,-0.2912803802015022,254894.2626
1.345609988403904,-2.277840088296288,0.5270161384801751,2.9593698367739534,-0.2516439007894439,1.1649143684984196,837970.4147
1.4441866157522834,-1.0102330179718142,1.2338518351754555,-0.4863253030112568,-1.059784060789214,1.0576511378478952,432711.3006
0.14723546110934665,-0.3049832530363772,-1.5287992603319125,-0.2565551842815026,1.0613530776752405,-0.255533875685466,388014.5042
2.107410502932425,-0.26202835180066125,-0.7757148597128578,-0.8141836549299224,-0.3991351629925231,0.6507395706822514,503314.3608
1.2067198391147367,-1.5460640721587122,-0.22652236423957486,-0.932266267955492,0.39397718086719813,0.9695717453955768,346232.2238
2.3677963465736793,-0.3421912761191308,-0.8948485789565843,0.6540899009963067,0.9828651070051178,1.9591591791991103,524187.1143
0.4332828887945337,0.01863418173779409,-0.3241922011676664,-1.0138446279462037,-0.5830830161390035,-0.38185459052472703,218833.1818
0.6971833247354048,-0.012667356587281344,1.3908409150448495,-1.223785798335466,0.11143489983909542,0.3303482159346539,307857.6781
-0.8487575510512633,0.2066964263857894,-0.5990181307581358,-0.4217890230907342,0.24042396699519764,-0.024514626785193203,221530.8266
1.5941517698691405,-0.9025678246853526,0.24524521862377802,0.5073666901230373,-1.0756490094932565,0.4157715223132179,552399.0431
-0.06166691352974192,-0.9776686547962844,-0.2029425067707319,0.33813967721519306,-0.7956309728216053,0.5064450600455986,292393.51
-0.4241271726548787,2.715332834832756,0.9391403607696431,-0.32998877843219127,0.11427504348853854,0.5337334886145343,159467.8898
2.0814378886994405,-0.06257519687133307,-1.1968331092020097,-0.889388882281694,1.5563039897160544,-0.2911659703646459,578259.3649
-0.4141318461068044,3.042777443767968,-0.39126614091513867,1.8174046497051413,-0.6834293762006005,0.5184578466793395,185347.049
1.2104485008131898,1.5012276203407593,0.9107486714049072,-0.843264737635988,0.9651201692769539,0.15973460226097827,244700.5513
1.5765792657488296,0.38107863745985343,-0.07121478081603072,0.012399978315982135,-0.23543972201671395,-0.7620398871874488,374107.3985
0.15703089104499235,-0.130728741413766,1.4821698225468882,0.04944008497499251,-0.3804960425161996,1.0657707936369825,256747.0528
-0.565797512505605,1.6665824632658148,0.4027354799122183,-0.8927559220051585,-1.8313757140300568,0.9203444594851872,202442.6815
-1.1199337284674522,1.70857752968337,2.210970852193251,0.7197940759601583,0.034347977081081976,0.13216210409816354,177048.5506
-1.074023810280647,0.002852157048904942,-1.624179800375035,-0.072436496430551,1.1181081963503197,-0.21221529855595672,358206.1419
3.0262515035442887,1.277609109290049,0.7173507567905689,0.38341602942193903,1.5271677209591876,4.207655397150266,592175.603
2.218694189078419,0.5895015309902802,0.27772321236161407,-2.11510821680839,-1.0749330872039446,-0.28009295215639135,311510.6121
0.3569795598288257,-2.4057649179015015,0.25199514847421745,0.28252432952820905,1.6136876445163375,-1.840833484526943,552899.6883
1.314735232324628,-2.02025475812149,-1.386071877339812,1.2659942728633458,2.0752292193550748,-0.2522117339225676,330587.3834
-0.38653812292831957,-0.32305157402782153,0.5918716901544888,1.057342721354324,0.02640430402295048,0.28248950345573864,514204.7866
0.4939266260757916,1.6845712006171687,-0.3158660012125081,0.9607326697327327,-0.697928177600465,1.4774776344486218,242606.8395
-1.1595625865721373,-0.7194701311561688,1.3967141181543465,1.1044129226758848,0.3709427753874431,-0.09806083541658621,144004.2554
2.6978206381741456,0.327930079062123,0.13554270190517584,0.5423895321275677,0.22779243221099238,0.3240229707648383,594488.8324
-3.2468973367811267,0.1906840393846265,-0.5153958853926692,0.21085912529907636,-1.61772619581566,0.7650679823624394,148537.9023
-1.5986580964978292,1.7766021663760634,-0.5526799261458348,-1.4556793332396052,-0.5755490412824125,0.7282652640647587,270705.4256
-0.6960292002157656,0.3660228082183486,-0.6093741350782005,0.6765982419479663,-0.3556577840654875,-0.12085655720553597,244045.5199
1.5299613681549233,-0.22830679622196492,0.488389497942715,0.9108205677520596,-0.8045288145006005,-0.5659549666504435,284914.3038
-1.4158386134768768,1.2295340045723213,-1.4543108354663954,-0.8599306189318625,-0.6271483503323192,-0.5480058838974683,268056.2264
0.6319697295008727,-0.7337219185062895,-0.20303369911932603,0.4637397522734245,-0.13884300118562512,0.8764824794389657,397277.2679
-1.006388240925045,0.43881801344406846,1.2365146355261571,0.6747089223392291,-1.7146840615352346,-0.9019121682831932,176690.5179
1.0999432794289838,-1.269226387601195,-1.5015000466401456,0.4687303254381061,0.16761156719713904,-1.1867002115619203,390128.7501
2.932450926451295,0.9149648399476221,-0.2754742351614009,2.85421591311361,-0.18627347121856927,0.13644330192417306,689258.045
-0.30986781246595585,0.4575855163915663,-0.944050437679698,-0.2576249604411916,-1.7296644146882192,0.9317140451091651,205364.1847
-1.4539356906433012,-0.44033149361552276,0.39246328432583966,-0.10968735458539554,0.4804873468570138,-0.07943738737043095,114899.8269
-1.123900219944413,0.31333929097184215,0.8803386438038359,1.1645879166910869,-0.5685344649455153,-0.438227726116968,157357.3693
-0.8440930911186167,-0.5074837075340181,-1.4080639310084937,-0.919096600438415,-0.6831444421730276,0.9304997478486776,124139.6177
-0.40124824401348086,-2.14167330366418,-1.4012703505212225,0.8128400236194872,0.8140060689433993,-0.9132816517285989,712252.1894
-1.094603795975714,-1.7017548100308624,0.2181281994039756,1.2827784157832636,-0.08622111016863067,-0.9438409458236625,206938.7614
-1.2784419179615045,-1.6866917097525815,0.46315041256467027,-1.4331876025940875,-0.17404881756299226,-0.030425898969153084,358135.5706
0.23931192038697277,0.34454959006116265,0.3821481210681302,-0.3158122697047781,-0.324780125351571,-0.1400286595143612,270755.4029
0.5377470856781367,1.086513998251934,1.3623891198380245,0.3617421829399527,-1.342539950893738,1.8538298795614392,215742.7482
-1.5865710067819734,-1.7554201078923746,-0.0772714671431977,-0.34597404096746703,-0.13894943752014324,0.4591668229904878,214915.6692
-1.8428352646679445,0.5904475947133626,-1.7195216261934325,-0.26843741253746234,0.6901407687563293,0.2235223069120376,193808.0636
1.5273623205864668,1.507418318372688,0.6265587675428164,-1.100548381204354,-0.8678488171346755,-1.9435937709704216,183923.0472
1.7382520295137358,0.21395200743507267,0.9179859737117883,0.5983873300257224,-1.4385683199431827,-0.009923197481704709,587516.5043
1.6097020339756618,0.624407214055258,-1.317762516684766,0.033600402776135664,-1.1202552222929663,1.002378739657567,449529.6374
-1.2686522492530876,1.0900224894039772,0.06866580620359305,-1.2137267599675483,1.1534085723569176,1.7695278332331095,198478.5025
-0.9482134017427594,-1.3800088904336503,1.896633930309535,-1.3368502739715162,2.1431811090543094,2.4883057437899323,192402.0638
-0.23059090760152953,0.8439354805884571,-1.742344894330211,0.3410512994096503,-0.8010874521583141,-0.6521672120570725,402293.4837
-0.8524995080063211,-1.3910922036461333,-0.9170988809922768,0.16233929335674316,0.9427398406964537,2.985170935409975,154444.6512
-0.7192859436409552,0.840836133030224,1.8561759335608397,-1.4814103626039556,0.548576282576886,-0.14856147638138187,134583.2515
-2.3053087259792036,-1.978839579354967,-1.039535467737762,-0.5392266052487406,-1.8032807845020467,-0.27219113563660075,165657.3604
0.4407337096638168,-2.6494567828186115,-0.2910937276309769,-0.6101481611986099,-0.48620634789857375,-0.20082739927906282,222939.7391
-2.6273686614023393,-0.22747509460871057,-1.6478367213733243,-0.43116836623107174,0.1625009244128685,0.07866826792592423,155158.3258
-1.3167297789077825,0.8309594841290109,-1.2223351939472684,0.19877454735517025,-1.8979719866838152,1.8621884298557396,277814.9994
0.8035576780228815,-0.013965604852127856,-1.6538025838372146,0.49134516323309907,0.24681703086591186,0.6360597009535124,343027.6788
1.313069800519214,-0.4007898961626568,-2.364433621203509,-0.28893698036300297,1.4890153135674231,-1.5913485146591673,284573.5039
0.6052294280062225,-1.0973841368581312,1.6881418847831007,-0.1276237002620403,-0.1848134951614283,-0.31503433003225895,427600.4758
2.030535813042804,0.6462025225223842,0.6977501257342185,0.030143344439146406,0.20971238245454502,-0.2744058978910621,444412.2556
0.28253331282174526,0.47251966434907133,-1.635126550830079,-1.5326420654698927,0.3115092624676716,-0.4377090702493844,182718.5298
0.9574003908176094,-1.6214678597570782,0.9227385927217109,1.3815351051693177,-0.07260582447989125,-1.5717494619201002,380252.3536
0.3021056672228757,1.8708289249979848,-0.28246621658137866,-0.27317454584827033,-0.4906192003440155,0.11738658492354555,365330.0965
-1.034474147110309,-0.11231950274818212,1.096711554362109,0.6332383000981125,-1.7871243208783412,-0.10899177871603252,179268.8229
-0.004423441697384619,0.6512499321656219,0.27325609727294775,0.9443450632602639,1.6224026175580484,0.12701668964542942,440770.9667
2.1517891599050785,-0.0015031883908257892,-1.2313048074831328,1.0822249882649773,0.07343317138859248,-0.08702105206145529,504313.189
1.8813225027540754,-0.2390621517481842,-1.02615759180748,1.4251723955628197,2.0068262443968243,-0.6292181027367589,428833.192
0.147135606094145,0.719347140304045,0.45192183320045903,0.7297823916558802,0.07478034082280371,0.7507491016120679,431395.731
-2.3836870056749557,0.13330154892118803,-1.1021961202925372,-0.6760970595179567,-1.0947009475133462,1.0714090671637835,154520.8067
-0.25107493902300737,0.09364507351254225,1.7611425778744705,0.31298432947631166,-0.32791590768259904,-1.476475676725164,346664.0448
0.49910659599549895,-0.7505454463089093,-1.295533703835674,-1.8012798101083483,-1.6632542483003503,0.3915929130350784,223576.1619
0.6271590618825716,-0.34112769501447276,-0.20214486887278402,0.4216641030020671,-1.316646451026588,0.41260152060537314,303919.7476
-3.2382042288406003,-1.6164959540219308,1.181029199301388,0.8315636551155398,1.3490823164441128,1.727368274127445,276181.7237
-0.7564467376314389,-0.2804395204465537,0.966535432604846,0.15714999668335994,-0.37303107606329666,-0.8675622670952707,166715.2509
-4.0592111624222875,-1.0178287511786346,-0.21827146887248375,0.47016780153097953,1.0763816685855407,-0.5318736470977941,127273.3566
1.5590422770845964,0.9861185551446862,-0.8311771747626483,-0.19668525465832262,1.2099074505524883,-0.392827230766491,311436.8045
2.5176938328957847,1.6124007443394444,0.24666266562294065,-0.0006036418039217831,3.148998308209964,-1.3421347978554625,408043.3866
-0.9601985490723435,-0.048702717089582924,0.03710237250720066,1.1370511311679874,0.3759958587940419,2.0798701803936885,233789.3427
-3.5455121466885684,1.4966245550688726,-0.7145561702206605,-0.0339927831034521,-0.8342428002295458,-0.06584685802675724,253706.2029
2.3869992849250634,-0.6650062340535817,0.3103658470466306,-0.6963706411355046,0.31223210186696204,0.1490265069448428,462394.7906
-1.4234322668297008,-1.9862233238149878,-2.8024815143566895,-0.6779031191649718,-0.008406501319814581,0.31134689945207733,253203.9042
-3.855661818500695,-0.5442315847508402,0.33922677957818625,1.9791427045048338,0.8546134246980183,-1.2173023739904025,181185.637
-1.2848267961878994,-0.24937237857647238,0.9720898953633891,1.9600154750320715,0.02826120111087066,0.8774093312593872,392732.8557
0.20840826029696738,-2.5280284904554247,-1.438716777151518,1.008457109847887,1.2783774008065711,-2.198140108121096,300158.0896
-0.6256003649119874,-0.7320182981895745,-0.7494672185022773,-0.08526909634997544,1.6417122479826887,-0.8251635108080957,351781.2559
0.774221267769671,2.483960988193345,-2.472267549284081,0.796662712216743,-0.772930576218374,-0.3928016857090345,336276.9028
-1.4365102172061437,0.2822596369191114,-0.16685248413756432,1.303477491704695,-1.2154072910004954,1.0930850298344958,389898.0003
2.0906179271101246,0.20509073905762032,0.36126973374577015,2.1466788411006092,1.5445091385662866,-0.751921234309448,565634.5769
-0.5169091740504586,1.5071157745805306,0.3550929684775964,1.56135338461615,-0.5682655939447007,-1.0698148281621405,332929.6403
0.3164026662536463,0.2140810374011626,0.4840629224853226,0.5264519956928811,-0.743011419942484,0.15454038948523122,317519.7226
1.726751504349331,1.0410570021247747,-0.14980190422457762,0.15224007344120977,1.881259084527824,-2.0716105936249765,507865.0294
-1.3234437542733772,-0.8888068048582853,0.7550183555993577,0.45795456866311535,-0.1565619598287985,-0.5748208184315342,186836.4341
0.4088971862154426,-1.4217053705389975,0.097024647226501,-1.7136505532960278,1.2622128540379978,-1.2052773900802247,217832.0938
-0.6778552840696137,0.26029383984808807,1.8621639307721622,0.7519450942444489,-1.3729312902639415,0.00039334177218950674,200834.2875
-0.3533727992472166,-1.6922100266356037,0.6596547451025999,-0.726296639028129,0.34995712123382117,-0.8502782101578499,306963.0262
-3.315903841527126,2.075291658208039,-0.5029645605820627,-0.2331569188333723,-0.9479715036120708,-0.7484971966457304,120328.5623
0.7951547624710591,-0.8648012741404778,-0.31827584438241946,-0.23595429748581642,2.2429902577176444,2.989323209756047,390936.305
-1.104737323862761,-1.0280718314870445,-1.267079468498005,-0.5443355803029607,-0.20812788017465456,-1.0523639387775403,313286.8009
0.33421627908600965,-0.5222189864587787,-0.933680497454092,-0.5445103960750387,0.3217591020533117,0.1151647822098064,384306.2272
-2.2590828758077874,0.3132612318949912,1.0157766905067425,-1.0629792419896988,1.1224098018656967,0.6143093970499273,127058.6412
-0.7331717105274185,1.1677801133375292,1.3971340635599727,-0.42715640690301565,-1.1726464900834987,-0.08497792449270239,190599.4267
-0.17375590784159287,2.6696365986142285,1.062448881037887,0.26136154045701965,-0.42018173877049,-0.7918375925192135,148126.1958
-1.1128212940984008,1.909422444586101,0.11944287121567711,-0.23250186134561557,-0.7128106597098731,0.18286496818526984,261715.0866
-1.994124890234399,-1.377041069062472,0.022415481555114265,0.7265615523812581,1.2316382530934153,-1.7136554663714687,125908.1015
1.8063176503431293,1.3241798080834593,0.9333311387996506,2.057782284062686,-1.2560348425149477,0.009132183214676863,651993.5077
-0.5291750426483068,0.14760104113801675,0.996766915989982,-1.1532867854305018,-1.139231818977917,0.7441571807234834,183397.9195
-1.168659236049271,-2.570245153186661,-0.38827425264269033,-0.5220304484887135,1.375166670371509,-1.9269653759472196,287456.6726
2.113360126734115,0.2971563047435713,-0.7847246807625962,0.3240603187442227,0.39034459475064787,-1.1548923596219753,727626.7059
0.8541488370717453,1.8712807574012529,0.14029707249925222,0.32634816597571004,0.9849089056652816,0.8557521151314803,328391.6367
-3.3064694194778785,-0.2813988045814251,-0.3690447810654694,2.205433706203263,0.9601540586966423,-0.6298989206785321,182527.0627
2.1595610048163953,-1.1239199194519516,-1.0315915204038477,0.14380174768622633,1.1952352324756446,-1.529851454177667,223665.42
-1.0135375596577447,0.9343182901049057,0.21308268549557993,0.5701071522420486,-0.1836361792226929,-0.16580230619883168,226612.8674
1.8021281857178533,0.33040420711094226,0.43682411528450765,-0.45031111708870886,-0.20894861087728706,-0.2701657546838619,662104.8113
-3.27583910942315,1.3114038990022094,0.9862218807389995,-0.6851607768844767,1.986893865186487,2.2749583388057983,167794.434
2.8320790697608285,-1.215800603346507,0.3750329962201314,0.7122272159411087,0.6173573675708833,0.1383624073259633,394371.9124
-1.8122295735852305,1.66249908270159,-0.1517073988041325,-1.4006084956745215,-0.598359364930697,0.059509550395934786,315717.5255
1.2579284087783649,-2.241649317058947,1.803326510914116,1.6271310013781797,-1.028018039767013,0.08970804317799647,363115.9217
4.329029725848376,0.2961092373624075,-0.32671474823708363,1.6865876471265737,-1.0945687634695183,-0.6911470889218898,558724.6168
0.8141888410367564,-0.2763355635811342,-1.197675801385648,0.3014438020670069,0.9457603032027228,0.9980919404022708,314630.9598
1.1536004632735228,-0.13359279878444363,0.0962272954770945,-0.69337977701982,0.10687379150679968,0.24872497174065725,299895.4757
0.7157331080589662,0.07822726291539069,-0.33980026137611286,-0.4325597014295373,-2.562882125509835,-0.4722893360575453,455248.5557
-0.3781706199774943,-0.6620459539247956,-1.398492760370647,-0.4928136636636174,-0.42637975256034716,0.7316440607381193,397648.5235
-1.997479213660581,-1.278139333964411,-0.9632660568783419,0.42440450683316205,-0.05001508107603701,-0.6040916426601105,222701.3807
-2.6494004792,-0.1872356569320902,-0.864829541237266,-2.029462187071045,0.4478786073748594,-1.167984252370248,98540.95607
-1.8243353878606325,0.10867282413497756,0.30149214332623586,-0.8147852292881771,-0.0003283307794670712,0.21056199339021206,131803.1407
0.7240123482824027,1.1051008526593973,0.20464755787959038,0.7728166366412995,0.6339447857184547,0.3055062957361961,423958.8646
1.1977478830888217,-1.56067055805847,0.8411174280032955,0.4081274467551181,0.9605158590389994,0.5520846237571986,341905.6708
2.330912000746678,0.5466734236315166,-0.09564260193816046,0.2570420841526408,-0.003434230383753565,-0.5022513025105614,311596.6105
-0.8978574559647622,1.5425069700695246,0.3620621158900985,0.06191155953748344,0.21745916460204456,-0.68177606973727,102811.3906
2.9850358729310034,0.2116433762437317,-0.5914941240673391,-0.36349065562799754,-1.5299597255313164,-0.36553950653770223,713441.2579
2.218926265254061,0.9585473493354532,0.3579038806022457,0.723049681359449,0.07005925131596057,-0.3490565929540468,396505.3981
-1.0318451137056222,1.650234561924837,1.466552930973356,-0.3823404889091611,-0.8234071873909027,-0.4207058369968165,235650.3565
-1.9503282004523705,-0.38769880694127345,0.4574669503753341,-0.05290389607176212,0.5615829879051177,0.3592355185739213,113983.8198
0.33347670525215295,0.5534638664197197,-0.27296460428390745,-0.29417967960667446,-0.8148553586397913,0.885819927109846,195135.8534
3.5752782719007805,-1.1980952457496432,0.6757977265210484,1.420133506421395,-1.3776094949103779,-0.06473858808141272,816228.0597
-2.0930863331843472,-0.6552463224508523,0.6811067354946265,-0.7087776723187843,-1.1818946755945217,0.15496510587482334,95319.3426
-0.13244956265749624,0.0819959983119007,0.8658302099449022,-0.5001035031307717,-0.46317814850162975,0.18391635703196202,184180.3022
-1.3431600364004692,0.15235365706985005,-0.5465401035357329,1.121099066123604,1.9061039272543285,-1.940232208617558,238886.441
-0.941892134769098,-0.20547184997462287,-1.407123175912463,-0.6171730531035261,-1.1107161994791372,-0.468632588152192,439796.0716
-3.742774281113905,-1.2438903020905347,0.7230229611971626,-0.09138510918397692,-0.12217572436951596,0.316001547445857,112697.6057
-2.0067308258501817,0.7738930209459085,-1.447704261103243,0.48398244567363197,0.33060910333495214,-0.8924127746608023,150319.056
-2.904030237242491,-2.104987274674048,1.113733441269789,-0.02919283987756968,0.4418113701556831,-1.0098812343207328,118738.0677
1.4472850667591957,0.12072830492796177,0.550673545514789,-2.2894697910813506,0.5879703040824674,0.43172329649864416,373841.5628
-1.7670993115569695,1.1116533234451957,1.0182632161052476,-0.1454218476809264,0.06545682858089778,-0.5901532758700598,136278.2019
1.672722116734162,-0.05495197319613197,-2.0260710742617856,-0.4988686954466319,-0.35321758911919415,2.1114757126439287,313323.3904
-0.37136906594353253,-0.0339745455519673,-0.7860142638554933,-0.5256796062610253,-1.0259104101592282,0.23619054955043936,329881.689
-0.10798819948305483,-1.8711485753418773,0.03276729313399263,-1.1987399151331835,0.8717282285785166,2.2844160656791814,376807.9552
2.6022016457860597,0.2625679234141805,0.3714296426900532,1.9130513518327903,-1.4047344437486136,-1.3238911218941871,379636.3001
-1.8851189806271471,-0.0699731544965286,0.8029749167189822,-0.42662342366398565,0.4027197455087683,0.2027906923317538,146398.0981
0.8199833759244335,1.8088551250946525,0.8462204575006496,-1.714618447041074,1.0582078485791986,4.16698860729659,257495.1117
2.6670665996233787,-0.3598250636649351,-1.2093568326538302,0.4011182129986835,0.7927903729942566,-1.1245793321541855,791421.1359
0.1520920904365381,1.3529778483003287,1.4804787514837998,0.5127614018800628,-0.30901939372742715,0.6647516844510962,282855.1167
0.030279418565877708,-1.850754407173507,-0.1882933576620742,0.9816535583777047,-0.7970589017230524,-0.3322587232656499,412716.6364
-1.358893878553163,-1.3723257836847422,0.35676252909553513,1.2370560445826575,-1.1313526235809939,0.8059180353913885,380776.593
-2.648670460578739,1.996931419000082,1.5026004165409141,0.21155245049767502,-0.07677439707560829,0.012078141139238009,113695.3777
-0.18830472357821246,0.29935863210451696,-0.9982290547247439,1.5569355303527643,-0.03013163199775662,-0.31112168955778613,402016.5032
-1.6260400932824968,-0.6021505621928549,-0.43042515242862267,1.4075892923427105,-1.2462693693828935,0.22697490344758003,370439.3523
-0.7368871752826652,-0.8656389602769354,0.7888690507686,-0.11058079176837923,-1.1378214778234375,0.027611838757171957,315279.277
0.5268384999319569,2.4082633057456992,0.356031801188516,0.4464908533905543,0.19899523401414873,-0.14174637109089414,311996.9285
-1.6228894266753753,2.3363688780076646,0.9956529438823534,-1.5176104557001733,0.20739500606902334,-1.01169966963875,154133.2594
-2.08922349461766,0.4158449091187084,0.5815335649755905,-1.3694639843660463,0.5813955952150781,-0.7680052278434537,125895.9984
3.7418313889857617,-0.1646018878560924,-0.43241267107915204,-0.8587033642413904,2.51241301254185,1.2303217081695434,509396.2491
-1.0978304884636532,0.4399943828288238,-2.8030842626607555,0.37677504046053006,0.6520156396317157,1.1304766988132946,295674.2272
-1.2631235818359299,-0.9905979276153793,-0.47202788245956656,-0.6201421366085191,0.0904695802606436,-0.7008435239077674,280797.6486
-0.5000906789225911,-2.180699803397548,1.187949535271772,1.293568075432381,0.8333747003579622,0.4421936382040385,253671.3641
-0.20426342180528675,2.0032793300621288,-0.7835024225780679,-0.5950813349554026,-0.24765174407699128,-0.1758543653145578,304061.1571
-0.3978538726022148,0.9534057791948392,-2.4271171303413954,1.0531915330932782,1.2444833636668193,-1.1792600726612679,311418.5885
0.6496351011132028,1.122098569794128,0.7003931840295536,-0.5813861331183168,-1.853803749760746,0.06288588420042164,129891.1783
-1.3672264941753132,0.8611360198866648,-0.8823647082418218,0.7733017667933768,-1.0962966976367758,-1.2139455260377006,277678.3584
0.29475453637108867,-0.9928583716835624,0.9481395158237902,0.5895017864067893,-0.7819964001279404,0.3517910248636483,449851.6157
0.734198954277948,0.40891629855177597,0.5085224984488095,-0.5463834313507226,-1.0579409746185495,-1.7349130266084776,336980.0256
-1.0752557364937976,-0.9815628123968189,-0.834665948388259,0.7670545671771055,-1.5753586626667273,0.3777827276120872,151227.593
1.420907333473635,0.002890983631302647,-0.4273759844374094,-0.7224545986496712,0.04902551470852233,0.49198222164161365,239893.8764
0.055628894834514865,-1.2111211416795307,0.38091750523361234,-0.7319724431289624,-1.5060793204817966,-0.9809617005149376,407439.7019
0.7735818953194497,-0.7941708617994057,1.4183185052968414,0.11070155604059995,-1.6371951344306395,-0.9227949275599604,249197.4365
-0.28770341480138756,0.20054155726909056,0.36619365363824535,-0.38256296597748635,-1.2111455587434001,-0.3817369166915523,152316.5163
-1.7722037881997872,0.11791453744916253,1.1718243305876104,0.594090686112557,-0.706293538628017,-1.4596932845122388,152308.4204
1.5758032693909212,-1.3225823278638742,-0.8054615504653772,0.18995654458786343,-1.3735569654036472,-0.9257516397376498,341988.3309
-0.9154364526948203,-0.26926335317156297,0.6661252214772022,-1.2309916414911546,-0.14174230932575052,-0.28426465389397354,108814.7493
-1.0244767747162935,-0.10926219641606032,-0.3741070736252964,0.6123422651146865,-2.137131324289201,-0.3771178634399805,251531.1664
-1.7384838807553162,-0.6564011544559956,-0.594212892647529,-0.9084516228181899,0.5917554129779906,-0.08652090896835134,196709.0234
-0.3499752181509612,-0.647069928854399,-0.04802351029483032,-1.0914596454619616,0.22191829214901634,-0.2669740450540551,213524.6477
-3.3645123169076876,0.2165931549008411,0.15148037862180716,-0.16719230007534563,-0.9810260652408276,1.1208021482036195,113269.523
0.7883026593613981,-1.7019850127151779,-0.637388571787498,-0.364633729272775,0.9794714057595569,-0.9692392018872816,290268.5031
1.687578945550532,0.11471167086866928,1.11421629421069,0.38769583616631303,0.6472964121149879,-0.5724014675146916,223105.4141
-1.0235375033183878,-0.10495906213957314,2.448532943005554,2.8742268758714107,-0.22539326087413403,-0.7942460906414232,373527.7319
-1.2662350464857508,-1.888111786995527,-0.24043910285042114,-1.1294408046756006,1.0672531224753665,-0.7059121906574389,334532.0755
-0.6789611714943805,-1.897434648482373,0.12736132055846058,0.378037305701073,0.1326602983481383,-0.5341848902298951,572622.5536
4.344302852163083,-2.5550419929776322,-1.0438717082311546,0.5100666126626195,1.0870298169682941,-0.12581305361163406,829280.1212
-1.2991363652714083,1.0677636992331656,0.2811909126266533,1.9319627234060914,-0.44679927798319863,0.11883357449258147,314074.2013
0.39044863189034007,0.8486679501881297,0.1283263876853102,2.2397486600784795,-0.6864951402174935,0.03182595240475041,294658.1949
-0.2605906113080147,-1.6243191763170404,-0.5553504577069848,0.16817075442275245,-0.03846766924976335,2.3899306073641067,356015.9725
3.1014787960100136,1.4941435310006217,1.6406928002620174,-0.3929823573398424,-0.6192638551205031,-0.70532028508765,470536.3101
3.0798074426496047,-1.5407363723485834,-1.1609812490446507,-1.0600298282319551,1.8848981357023784,-0.48355051458844206,506332.0959
-1.4562631220455575,-1.2813001920468432,1.2747819690885607,1.724223731887983,1.1139993943450153,0.029595064847927607,337885.0451
0.3917365221479068,0.5083826813481833,0.13016688574458676,-0.5866077520424513,1.4321496537769631,-0.7204713947398473,398607.9416
-2.8809310146018836,-0.741805177152902,-1.0421125167448333,-0.2980776811152178,0.19605969913388943,0.45049431695504183,200372.4571
0.962308020579869,0.6349955561030252,-2.070600296448007,0.11749552102458118,-0.2869813626093244,-0.23258911326500956,564668.1947
-0.3061530932488777,-0.37116007646179533,-0.7132295445433696,-3.1024067789362895,0.9021425953061174,-1.212711210150895,165193.2235
1.9470752897260166,-1.3316803885472197,-0.3657810072831797,-0.44894034793595455,-0.9127450029691339,-2.0816258820479825,348619.8053
-0.6677732117244564,-0.025887128588558916,-1.9005967234231305,-0.6092442806212831,-0.8474028258096006,-0.02313348355729968,230578.9288
-0.39552952801454944,0.6756457781451979,0.7243819800026219,-0.1800557085228187,1.8523062877684398,0.14555212600796133,196299.6935
1.2081854623216568,0.3453360207611812,0.8051626916095339,-1.3463570152260629,0.09632213948863512,-0.7301874369137862,197377.5948
-0.19564863932021084,2.3645813958662703,0.32142292311788895,-2.7440459074212877,0.1801075480153112,-0.03855984988494558,111897.733
-1.3398997066129472,-1.0192159609564946,-0.5103351694270056,-0.44140398663924096,-0.848694303231549,1.4289306887933677,213676.0506
-0.03486410636423382,0.22166684586733973,-0.41775885321137135,-0.5984446588057405,-0.0004315344540795071,1.0075515625508074,136866.0138
-1.6154305496116814,1.4895317579636416,-0.8271310380398046,-1.2199671345616654,0.05514622546135345,1.1107241269109913,94995.80949
2.6245502284572564,-2.0479688419286015,-1.0296551234281144,-0.12427291634422793,-0.43251467547720596,-0.20581287106542412,650855.1678
-0.02151102792883284,-0.5529785751985716,0.36190804721980235,-1.3158980523141495,0.919823786251303,0.04837378215375841,132104.0494
-1.2364368762917906,0.13167108694171964,1.7981676322792057,-0.6864357362885745,0.4261239285735418,-0.3922373843388405,203731.6781
0.8421507028611802,-0.13783261261190352,0.10980111471910033,0.6370036303089109,-0.9540408379392826,-0.8231075021433566,213896.1784
1.5573045210630383,0.22853083894218484,1.335913396031687,1.2824522114447099,0.40666661053482767,-2.376119500276395,302138.7007
-1.7695696613980505,0.01098379418730266,-1.3767017035820825,0.26818427620898333,1.9883838601927268,-1.2975727156896355,245731.7371
-1.380215740423341,0.37441585413724393,0.4504331810789908,-0.5352027961578555,1.0147721293848866,-0.8368751907622516,98718.31518
3.8634257868926243,-1.0789974589341973,0.59451281241415,-1.0454858244824659,-0.3051401182708195,-0.6816114438391342,830152.1566
-1.1948803307248423,-1.4536156916126937,0.07022800347603038,0.4291514313614036,1.2609341821485023,0.19611965805131387,313484.1485
-0.7139606433121151,-0.4778660921821997,0.27447159378408975,0.1697779806531897,2.293271993790455,-0.7781256249930397,151913.9993
2.4807209468516174,-0.14198298347145225,-0.035852607886901686,0.2709550893075998,0.4525110224239278,-0.3711785214168656,374415.8652
-1.6467166760080114,0.4631850708765287,1.0331224901579699,1.823944204853661,0.6039999077280018,-0.5982721610153512,173059.6361
0.052324503176770155,1.5054009898408869,-1.3562107258451286,-0.9671051361209343,-0.23008365316338197,0.3813591841315791,345985.2698
0.13175901808040388,-1.4451472955796654,1.4458422926199246,0.45875234095188244,0.04713070509146117,-0.05935174890467317,191530.8126
-0.6230995406338671,1.2968663307947024,0.4832946062526182,0.6403879978824683,-0.8291522141644709,1.63551786905963,232593.1716
-3.667516732391474,-0.8149648074579355,-0.27286737475717543,0.22477710812232032,0.8919639808548391,-0.545976406504454,134264.7762
0.13960896537717982,-1.2584697658909856,1.7810132799275014,-0.6489742876718749,-2.206786425735655,0.5656671008346947,166993.8211
0.467854801372489,-0.4366458901297209,-0.43047744626456136,-1.0994570543747377,0.4324886325068597,-0.5278620607309,411696.635
-0.11900171902390104,2.015472119009865,0.4540728271818512,-0.47558077578373903,2.0984345309923813,4.300482885499977,129375.8222
-0.2676171700500673,1.4665475044837246,-0.6729721678578594,1.7241035655863772,-0.6028662073181085,-0.3051424732400657,540260.287
2.474856077758045,1.544344946730195,0.7802456575835702,-0.5964699730448555,-0.20392676038039054,0.5913210078211222,348780.2029
-2.3135861804027194,2.5704348212444894,-2.013089350563306,-0.7040023893952179,-1.0849201555404364,0.7969934588729845,112889.549
-1.0197644477364256,0.019143863850325626,-1.7118467808114357,0.43645608248411133,0.4099015537248684,-0.9276130715849839,161135.927
-0.9184830504598978,-1.2394607749392978,-2.159222944329976,0.3118916990239652,1.4873395178438797,-0.3679328013745598,255530.6013
-2.327149827143204,0.5623683430042066,-1.0131614293359814,0.013387766947852382,-0.1802805572147642,-0.03633040802129309,168330.4741
-1.4438212977505924,1.842360743247138,-1.6975081950197317,-0.3022759012216496,-0.08367287538536602,-0.27740261240644304,92601.95258
-1.7340309033457908,-1.5113646111186814,-0.5488890084209328,0.2023323646201793,0.7691328479898913,1.8827716694322625,306219.2514
1.673875137300009,0.9661136379903247,-2.468563295676938,0.8657528658458903,-0.9297681514306896,-0.07021005053117066,540757.4699
-0.5143332381404777,-0.9614322803775608,0.5306238459898539,-2.129237730134941,-1.5812144708444495,1.1657103759668654,182456.2896
-0.6219173675392474,-1.2522568232931202,0.09147026244943825,-0.9357627426898993,-1.71730972547136,0.3084860515062155,432123.938
-0.7614976766122293,0.7938894210624858,-0.5456544543503152,-0.5464762262389298,0.29877018183537146,1.6860619810586814,99338.70513
-0.376030675323919,-0.8581908891308481,-0.34903793681713774,-1.0876324819683978,1.0752127026718383,-1.4088978228242501,431606.9747
-1.0136590727282329,0.30745550942908456,-1.6583159501194995,0.21257149927970964,-0.7816121483863913,-0.5039730201041545,163923.6526
-1.3908310224596148,-1.6337491208792485,0.1963247022299137,0.9474174136655417,1.7138692569395348,-0.5990310184268393,112202.2475
0.4395768678152212,-1.5044932083456997,0.2607080301340162,1.9605916836107067,-2.5416133990769785,-0.07937630709053833,436153.2994
0.8124497321399192,0.2850662454510468,-0.9494949938455589,0.0512271169115307,-1.2844420713619673,-0.2906844267856026,419292.4776
-0.7513456466335342,-0.5934182912541911,0.08975105525383566,0.4478388022862611,-1.6887247261869665,-0.19894507676903916,219051.4837
-0.2993897052880878,0.9167348368662799,-1.9012474989158759,-0.010896105227020357,0.6647374117107555,0.23519366435656455,229305.9829
1.9823313815191521,-0.06528761902915933,-0.3048028142318445,0.7527735682602045,-0.531870919699044,0.8897222974602657,242334.6467
0.33047773664012947,-0.6756505491906697,2.1536520535132637,0.3542478436055031,0.42706195869198676,1.3775931114373352,271609.5495
-1.822013303720611,1.8930941521998152,0.8804305912616768,-0.7657279904886337,0.034913936895639555,0.2587325797404651,129581.9276
1.2008739644113111,0.48748880868861166,-0.31872147719259436,-0.630511160340746,0.3167642696034272,-0.2938141650706608,349805.471
2.670061458935155,1.331067148058416,0.6796091869239194,1.4863616973919402,-1.5586023820079222,0.027099408248824276,380264.2489
-1.3041369473017133,-1.0335720576325187,0.745358664110923,1.2438431190738932,1.456694123478411,-1.0172490721964629,205838.1961
0.5583180395484424,0.24454373801377632,-1.703423646513936,0.7368432912697096,0.021075932138425818,-1.7657519037430858,479551.9932
-0.9928795401499123,-0.32534872324792774,0.8015870447669527,-0.3146269128995563,-1.201082891878855,0.9372540788003768,152349.6387
0.7314936266161893,-1.492909271579965,-2.986614412607228,1.3655359459823924,1.265480064264034,-0.414760216340653,564164.8118
1.5558073366176974,0.326853620691767,1.574435305412317,-0.7326494078003013,-2.058598480915491,-1.05325305124024,239850.3375
1.2937218831142798,-2.358884902566275,-0.5584724006551312,2.397016718278912,0.14940426587996378,3.1973655283175435,630878.4614
1.5169920486937825,0.3064202087256491,-0.856560164844318,-0.2260230752131493,-1.6748156339605391,-0.22411347720455183,573083.1594
2.1346933208141614,0.8921840069972196,-0.9348388214891531,0.33938635185586685,-1.255125026797113,-0.8134890166555698,465801.9712
-1.9312814774157456,1.013485517121921,-0.15437436673990995,-1.7746149386345884,0.078943282936683,-0.5112798769308131,186837.4162
0.5897024538935303,-0.07984200840209067,1.5713581878373022,0.11188292392904906,2.1715644525940614,1.3968110981652155,272173.3089
-1.368091959932323,-0.7067700055598285,-0.5401418988032376,-0.4427757104962195,1.1677586691515602,0.32800531919146403,99790.47713
0.31685269686878875,-0.5767719908461365,0.08233452825220483,-0.7659991950932369,-0.3190040481507313,0.21701647525435447,215596.0861
1.2110121438884245,0.2115312217732087,-0.11910468514935586,0.6277002052798446,-0.8447895088440935,-0.4824219331931472,385144.7233
1.4955737543023073,-0.44218527885520426,-1.4985769569274652,-1.6630678364856397,0.09506589502055622,0.44219329803055285,417432.9492
-0.7303261002771912,0.1814491865669512,-0.9458290422772433,-1.216445875118796,-0.111898570728215,-0.6898715175981465,235149.0994
1.352146885303654,-0.6434519379180248,0.4431687072503259,0.46934134005062583,-0.5840826796723985,-0.4404732409507953,282190.943
1.0418297470274258,-0.1745888882786336,-1.4020642673666905,0.49010754244589616,-0.37540777678160486,-1.106580001828491,399718.2074
-1.0751001557830686,-1.2747801961317107,-0.7603675045550825,2.143038043597909,0.9938724812146359,1.0731247832931132,352518.6373
1.278566753536319,-1.1764685777425912,0.2746152625415119,0.5890699219858127,2.234245727017642,-1.07387709131009,295544.7864
-0.9353076394949503,1.3993900262426122,-0.4972835368273096,-0.7164555299980707,-0.5860696264488515,-0.0588162085964327,148899.3633
2.641042931657515,-0.4725605295712952,0.37700623948705114,-1.2340666983504953,0.5600761753967312,-0.16694367608926175,728421.5303
0.18783492091519696,-1.33986362653662,-2.059268226468824,-0.32016273904969134,-0.41209034478934314,-0.7056920671698939,492336.0882
0.24554652887599462,1.8203153015323053,-1.0755196215289087,-1.932118623818068,-0.6224301778043808,-0.44857845260179136,202973.6518
2.422568891865815,0.5750735399353702,-1.429633119154082,-0.5118001035049418,-0.04296218700815798,-0.18531147940262757,300234.4103
0.9305521530794578,1.2313246400003175,-1.3507081576311835,-0.5140723533181241,0.3292883159085056,0.10956244056649046,529170.2351
0.8250135301085147,0.23484748241190154,-0.56901986810475,-1.790577668117339,0.18314339421267473,-1.2803139089456754,395372.1412
1.657301103535537,0.11840127872478341,0.414480874251678,-1.8812307893431224,-0.6068323727556871,1.1722623294451968,321898.8296
3.162431483996994,0.048356225884555896,-0.03723815704420371,1.6621927119492983,-0.1751682978263539,0.7841700125546482,629971.2026
0.20094295483306515,1.9190024075249423,-2.003293453067202,-0.39139061848962736,-0.23339991447569358,-0.23150197435700795,248774.6128
0.5754882866254999,0.7337225194408252,0.7305554750663261,0.17469322329329853,0.11088179502927302,-0.4587873067236511,274030.2632
-1.6884708290202781,-2.0572310734068036,-2.1426517428362577,-0.8264528071503304,0.0959448942702034,-0.13772607091615674,506924.7007
0.0773221591441269,-2.701957988781903,1.1324815334234768,0.5433439169048233,-0.8896089699758069,0.40485702956445024,413163.3197
-2.718366607003778,-0.5042709300171907,1.2639790474026527,2.272724603758071,0.7235874464561931,-1.165348142603619,250365.5653
2.025545247680937,-0.33246989664767984,-1.2943157955982978,1.2121116168078272,-1.2597795475000189,0.9260210079133339,574797.8715
-0.05504316804502877,-0.11522097229932814,0.5281010877963104,0.09972704637855119,-0.440537711426575,1.1560136535487857,289207.8725
2.9304860368152084,1.037022569199257,0.3270127007991725,-2.5548305817006103,-0.1625288852217293,-0.21849323610031898,443216.9696
0.6361223746887608,2.0313173763843007,1.5100835712175655,0.5072618523910538,0.12891858330469189,-0.16432913074463354,226312.606
2.4702834233861526,-0.24798754382936447,1.0809273373819848,-0.5008267818528418,-0.2529858184810651,-0.698411522247563,533541.3888
-0.5413155085729642,-0.3031954615610651,-0.8784005229642882,0.33373244518899564,-0.21822906096410882,-0.14565017566373714,412388.0148
0.03609990173143304,1.2953061173326712,0.6361208422758937,-0.42114547759408505,-2.233282704738548,0.0036426561592576233,132458.2991
2.0682192310526935,1.083938700968131,0.7305925030074997,1.1798765192476839,-1.2937784681160165,-0.6794710061511284,507058.1517
-2.354892870894731,2.115733972098931,-0.20787836255522885,-0.20829229776878389,1.7415473832348753,0.2474214751013332,137475.7105
-1.6951061734808655,-1.0939073381166453,-0.03687981147147357,0.9499111345123733,1.591291352893509,0.1374537431145959,209231.3155
2.2582228942125844,0.30374085000938644,0.7099767251953985,0.23123398385988314,-0.900961688378691,0.3356224146795801,531828.5757
0.06896870526552346,1.9710549608420551,0.765314175456839,-0.03756940648279197,-1.2472781543926152,0.722359943940192,188772.5549
-0.19253499285735406,1.057938184098422,0.6216836449652581,-1.8763178704848271,-0.12515613884664958,-0.3300269333015576,144184.616
1.4376640391366178,-1.7231995047765498,-1.52046785277254,-0.24661275950011363,-0.6323245357974622,-0.16398067260987165,570090.1058
0.28778872565394054,0.04174851872201195,1.291458237749466,-0.5639741966487148,-0.25612769405645186,0.9000910467523573,263369.584
-2.1685539443924733,-2.1377786840145836,0.4403042470255769,-0.05571534399907858,0.3940981646101051,-0.37732768982385967,155755.9859
0.6213416231483254,-0.6066657459686097,1.8638715853406966,-0.48429367757918423,0.4622854511308105,-0.8556188905038719,236381.0551
0.6750639290583955,-0.027201291901371268,-0.9998636290781466,-2.075094319893042,0.3149269190178863,0.7257499651569536,234225.3508
0.440693715846489,1.2791614199820829,1.9843507112595242,0.3878902430525046,-0.9708690632028133,-0.3294117120900837,190448.0922
-1.7160954287484382,0.5617230065595222,1.3544317524227723,1.2647522458636615,-0.3209299689038218,-0.4128792191590195,184652.8351
-1.707785836867667,0.19417369159215403,-0.7486731945394849,0.5486215338930326,1.6008890962956168,1.958913184155583,209841.1212
0.07205681200723846,0.473574716654688,0.10002972210315081,0.44522451781223965,-0.3730997286426914,0.795853016225808,256654.3421
1.0083260472316222,-0.7643013524730546,1.0126317113637855,0.0457319165176141,-1.0797667664117263,-1.0262791619837632,346383.1279
-0.22549276661419476,1.330068572295024,-0.9917294081276177,1.5666698498049885,1.0208219987018283,3.726422059236894,270401.0649
-2.0150188413296806,-1.0383808604447946,0.7058008266225139,-0.21277530175620826,-0.21783408061779302,-1.273676765756822,135675.877
-0.7237755152452062,-1.170235089989517,0.6330123389784797,-1.1006519811419697,0.26658979995871873,-0.6126275195203157,323789.908
0.4302401948491771,2.1927604179609834,-1.707943914734903,1.4464643509114037,0.8991405945912596,-0.3695727909270352,173493.5874
-0.5668561048876546,-0.3452920569856556,-0.29081626273123906,0.17400586846181407,-0.9038588589255948,-0.13724657612859167,268744.0295
-1.9207422541173205,-1.3924413618394196,-0.27606999216691397,-0.949120237545038,1.4353450921115547,-1.4940033735285083,132997.0632
-0.47842080628754535,-1.0398612955190882,-1.0278466730709477,-0.5335337524197202,1.4084307676670742,-0.400840391871993,251127.5689
-0.6533903778429465,1.5610140363489107,0.6208864361339145,-0.3840271776066706,1.3267493478314147,-1.0318407357659831,166249.1423
-0.40388677557763086,-2.341485882663954,1.2160113046891972,0.8492345468095587,0.25654254119546244,-0.16404179468899616,288443.5405
2.6941995661942353,-0.9267318823595045,-0.1559746168320552,0.987878646574072,-0.0353983199713168,0.4189799219590097,527678.7966
0.6490938781360117,-2.1573346764531225,0.7903901296671281,-1.0075151773418936,0.18210163526597067,-0.2904566332713004,212914.6987
0.8621751771644882,-2.1886656495853054,0.1711756173820658,0.3662168380034294,-0.09472507952083677,-1.2165670901146202,608346.9181
-3.4257127451355953,-1.2918384978738993,0.18295768540328394,0.6950714162680948,-0.8591780594820482,-0.2852984928377107,113736.8159
-0.3937905659750626,1.6308458348942636,-0.7673406661717062,0.9640633030540521,-1.6351596093663459,-0.3903502047365366,170579.0863
-2.9227851141673744,0.7878958841380056,-0.00705065148830333,1.35058213296701,0.7036512286323409,0.2772025087950824,199494.4664
-0.16698290311900577,-2.1019248652596367,-1.9487743885274424,-1.1279941080231133,-1.5235738971604578,0.5404509052542551,576752.4502
-2.2077629961263927,-0.43171464083096495,0.2885129091406938,1.1189002816226354,-0.5400033741223722,0.1977488038027645,176184.984
0.8123561392856786,0.3848519732278689,-0.6586849901582306,0.9775609279354232,0.5810438210831471,1.294838744336947,561136.6102
0.05491661241967363,-0.9632664193096193,-0.23713644279023993,-0.10020659232343256,-0.4969420591735259,1.5511027093140575,324219.1165
0.015450959424362955,0.22847412276854182,-1.4902220450284367,0.3645252121891798,2.2326465877786976,2.2341202297986573,239318.3161
-0.23377499717175887,1.270963509002825,-0.4429117404087426,1.1674527427288215,0.7214165242042657,0.5032228752278907,329972.2498
-1.6468769626195403,-2.2984610766354048,-0.15775522322715946,-0.4258541045470717,0.6747569193535422,-0.6669361105360639,209251.238
1.8915388584145083,1.5276773741612597,1.3176315934744822,0.6615191708333535,0.6170654644453173,-1.9147021265615864,333793.7857
-0.4752876877718642,0.31875716470025867,-0.9601308696308813,0.8356423257555732,-1.0435052540687475,-0.026634856745406183,382471.2411
2.3308018019015724,-2.5857363520164203,-0.557438922313028,-1.308430936530753,-0.42761673853136023,-0.17278390809739794,608409.4563
-2.80830047030546,0.2814965464605003,-1.412337417507464,0.8291808527143814,-0.5933603534534045,-1.5009234888381338,288145.2699
1.0346023610844977,-0.17037579083140286,-0.7234370705471818,0.8642537022068467,0.5113931661021202,0.5525939089935364,714083.0738
-1.7630972314606084,-0.7666530677205585,0.9903767315451171,-0.6134502912581811,-0.2692555330568973,-0.10449352446463393,170728.7881
-2.255819262548166,-0.6422839590774382,-1.1600175726484636,-1.6803862301683472,2.3540893773485654,2.3874326819132174,97646.83316
0.7671889276681566,0.13776780752935164,0.2826464729526714,0.7224903925801296,0.1793264655944224,-1.1784959105881012,502951.2248
0.5895130156336165,-2.321660570134945,-0.2901709022044806,0.33847315535602823,-1.4145989423177852,1.2629082755502605,437886.321
-1.4064178066373996,0.7884979476563326,0.941727650104663,0.04524205760208337,0.21034887497783866,-1.9983904819382774,106959.66
-1.811141496888769,0.036955888226548196,-1.8337885428668128,0.368815530169512,0.8522616225041224,1.3496663007918306,134650.013
1.202610974745729,-1.7322794495238742,0.48984651081783304,0.9537511930345901,0.024185546263349896,0.5386874190050093,477320.8515
0.03218426428726875,-1.5226298273315158,-0.9676170211106371,-0.18141738220900183,0.1643705731174556,0.37794313066207386,320726.3276
-0.5756524131517402,1.4490787907617586,0.3576441910190751,0.1500130844664597,0.890805647030725,-0.6942300064059393,215617.7792
0.1622761685374076,1.9006870246928615,-0.512389235849327,1.1300273970907662,1.7707622366727922,-1.4973020767890355,256768.3487
1.5997107414931035,0.5479912425335971,-0.22692664463108847,1.2277006318347878,-2.182418057438883,-0.42717831120125294,597561.8821
0.7991807126264439,-0.010252090513450034,-0.038137873846914805,-0.7737487252349036,-0.3302075274470997,-0.16148880478129177,363786.1727
1.6303103943419435,-0.37387069459339506,-0.49386850464743964,-1.2656538955491523,-0.07232667847058448,0.8227960477582404,256432.41
0.6509819423374681,-0.6794832780032936,0.816475039265649,-0.1981439945088154,0.2505432538495448,-0.7525461941417073,287104.5116
-0.4882647783616366,-0.7260218924254922,-0.17170505415708803,0.13698936387625238,-0.5872533614618336,-0.6972763254059859,382986.1356
3.4655030804493236,1.259889738306322,1.1494640030096526,-0.2492069533137933,0.5578180365983813,1.0363223042659404,609953.1005
-0.7666146631264392,-0.28695497053331004,-0.048634297431690156,-1.6729450522093787,-0.5475693439733601,0.2872008473929803,164784.6152
-0.6060792052630211,0.27405122758115386,-0.2442651126688779,2.631151532793974,1.876940290313205,-1.8046952098373088,270220.6987
-3.195246630716138,1.932645340309109,-0.30720708458964274,1.6565473377163595,-0.8245726745046192,-0.36506350032010687,116809.1831
3.2194807178513396,-0.6608326159081854,0.5988373722743366,0.8013544394898386,-0.09229942349237813,0.8604738951710196,691877.0097
-1.000668943256891,-0.842193314971535,0.8682527080406978,0.15609704044861492,2.190496237564659,0.8503338511623638,190679.4116
-1.4567248987956924,-0.7060489276740546,0.4355756760436814,-0.29684770377496045,-0.6906123965914558,-0.3870462119838168,212746.8088
-1.0522169368978256,0.04376680966981682,0.43199508633316913,-1.087333086384251,0.6047748818633074,0.3597247461098147,219685.3454
-1.2682812277182252,-0.26547493043444487,1.2045209938419683,-0.42796335449312173,0.012029850954137675,-0.09441844297001523,191094.1163
-1.623248900024836,0.9162975634438628,1.64501050674815,1.5652255088569076,1.0970530995655425,-1.6258356883403575,244632.8005
1.5857201888391417,0.5253661499948016,0.2569466356725962,0.3972054475602785,-0.8780948876781822,-0.35745557530095073,576780.8894
-1.5630925839043313,1.4255320828216218,0.04868872071495714,-0.2737326414041083,-1.057552123384528,0.056948442144819825,135803.542
2.3917760470308056,1.5871466404824166,1.5200898327768628,0.9117167664246179,1.267035173685105,-0.8348649509060495,465446.4607
2.137475046731693,-0.18942766172490133,1.9980920504961182,1.415937779867695,0.3228318407170998,-0.5541711292864325,458499.8035
-1.1960984824580752,-1.1850839165713658,-1.5963259563359131,-0.061044304107010006,-2.2317965565686966,-1.3388393427592782,339288.0054
-2.024307331852989,2.124733306581317,-1.3540557970545677,0.46622727531181846,-0.9102160398733744,0.6086831359191477,120656.4199
0.12924426032920347,1.9310698743188788,2.213456561564291,0.2575694324511838,-0.8097251613188795,-1.4547944985101715,323195.0317
1.3106450435378603,-1.013630817155045,0.7341636460365364,0.7863237721060748,0.46761556051261444,-1.1121556623315256,546443.9519
3.1699277482356263,0.9622643058742313,-0.2228309441760232,-0.4211777443525096,-0.1555393345359271,0.37070411621802424,562266.5537
-1.1878211354197714,-1.4252952342725227,0.7478370385084679,0.011932135395115825,-1.5869602488771077,0.529782040630528,201588.9212
-1.069163561941539,1.4440881937822727,0.5157686609412317,0.06259970162017449,-0.797214148565532,-0.22975879958982168,283605.4848
-1.0507408951086985,-0.535832218486647,0.7539310145817052,0.13698055912991186,-0.9018643619929078,-0.13476496994632292,163869.4855
0.30818128838075887,0.1664423554311678,-0.4049981141520266,0.3302128435979321,1.0911548480996025,-1.471705682143629,252574.0625
-1.6960473573236907,0.381003224092936,-0.857171315716454,0.9301608778303436,1.7867638183347385,-0.15846844684386982,139508.8518
1.4612683132403874,-0.819598703831163,1.6757580627462978,0.654809429685152,-1.0229781159946794,0.3879811452455223,467961.8684
0.6185192357484759,0.1874425799428525,-0.8748521413460225,-0.5523633506460127,0.724599184916214,0.9257354898569838,386188.4407
-2.243967542678384,-0.46932779439284866,-0.13292756363956731,-0.19541212903216254,-0.629619208843781,-0.04820813321434616,164483.0394
-0.0763068220489103,0.12428516859279332,0.028000679979036894,1.4997587281581444,-0.22278623653354934,0.6676351777413957,364356.9769
-0.5950208572861748,-1.580903873800936,-0.22959640378939933,-0.29100539645846146,-0.23665476831862514,-1.0188783526923963,344078.7362
-2.3484073271715546,-0.944837056002144,3.6825395806425063,0.528089277187361,0.10276948364129761,-0.5558587457008761,196032.289
0.8489632278217545,1.0425547235358503,0.7644627090644157,1.8379862873170236,0.1108637111291537,-1.2518348050375616,394713.9116
-1.3255664988349882,0.3476896858019082,0.6256381814606786,0.8601190729365294,-1.225049448336236,0.5515165921191885,208564.8321
-1.7626022198565965,-2.3198977424786946,-1.2801751765357676,0.8936109046526975,-0.7531384219326396,-0.7660326478434106,438846.4077
1.4767334772247838,1.398437235057573,0.5066718240534999,-1.1685579795105545,-0.8970249285141865,2.7107115626228593,395909.7504
0.11959437028227661,-0.41191357334508244,1.224297359752552,0.4787471584086312,0.18718282787991986,0.8176054164505889,330299.8118
-0.37303249071271705,0.4230106040920084,-0.22361452598652135,-0.3893684355403572,-0.7605106059595632,-0.04729162553863561,252942.5077
0.2946334239480594,1.2241229087126757,2.406245248283514,1.118510017516589,0.41820380347554503,-1.1529813851614923,166518.0819
1.3904024565746889,-0.9437731427467776,0.9201654390227109,-0.9878144684714615,-0.7309461233267079,1.8929345146460768,364861.8592
2.6860000140928015,-0.28683882155200957,-0.3833982645692697,0.5065539068446363,-0.111597912524698,0.27029719270801555,398669.8832
-2.101244133443164,1.4455636712783688,-0.8630169329854357,-0.9415974258395201,-0.19576579342849781,-0.4410260898995686,144240.8553
-0.07213324337480542,1.2552244352829622,1.176333446457341,2.6803612571896585,-0.03291553998875874,-0.3326572017132175,327410.5192
-2.043015770390826,-2.429639562592433,1.7831588368672637,-1.667894734156908,0.849524073326804,-1.114067627633677,229456.1673
-0.7498120346745403,-0.7109069281080477,1.9449939307011574,-0.2777515499028664,-1.415193607545338,-0.8777378338762004,181675.5726
-1.1873837725180794,-0.16745237621414266,-0.8816352852800334,0.3015133136924421,-0.9509956513082842,0.9307206659366385,243841.9274
2.254695842048085,-0.07106181580270325,0.37555493495906245,-0.53791643823952,-1.1486689461908501,-0.7100056634956734,204468.4431
0.829374519527124,-0.9243136730214812,-1.2835543411459325,0.6866431419360085,0.48504534167587693,1.844013522343151,461615.7067
0.8711743841465641,-1.7771248034447242,1.0112654577347768,-0.9600098568968527,0.13606282046521795,-0.6408177320066895,291340.4072
1.2920457219177928,0.43510617787210115,-0.7514113443323431,0.5067529371778693,1.1202328843961122,-1.053187267734545,517884.4598
-1.7601011038441838,0.24435113044716006,0.8576968864366072,-0.9905619881109086,-0.8711767672740219,0.5473464627829919,128107.9482
0.9306533592836956,1.0466682583081743,1.311840834197429,-1.3866585096556205,-0.8137836220341192,1.1472264398510048,334203.7175
-0.2891680183035886,0.27349517439620186,-0.46887172027361673,0.942557923513246,0.4357124461451204,-1.463099647137832,429059.6586
1.8164115696351606,0.24285844002530518,-1.1434110861171745,1.396103027426518,0.30503480941932143,-0.5091640792261128,649626.5373
1.8864005728995468,0.2770737755067507,-0.003941891187446407,-1.5357620868325546,-0.5227449301093856,-1.0224696201018382,268927.7861
1.5418953286716488,-0.585505440592265,0.9518977906302313,-1.41023185808048,1.616239063721627,2.1939199965266822,329232.3675
1.7834993835630302,-0.24841254032551416,1.0810905914332436,-0.043806538067127865,-1.1595541780717964,-0.8204812066625123,298393.5383
-2.3270248054859377,0.902472663571172,0.5862858565349915,-1.236343422052337,-0.9951244073798609,-0.3756424686016273,238598.1583
-1.2168520812118249,0.5846934077225164,0.1011593391544498,-1.1048228338981518,-0.8777435382303147,0.5522031527101767,174594.5713
0.5979287952476733,-0.08064854782352436,-0.3595242437301094,1.4897674256270446,-0.028354576405869924,-0.6962160132368876,348533.4625
1.2399019247200385,1.2865135724159453,0.6758533672709334,-2.0641356268117663,-1.0160796957794251,0.5868858167188601,195395.1853
-0.9752439088306113,0.019551791241133147,-1.2415726057063863,-0.5813151836843166,0.16318150940973414,-0.4277526209514525,207562.4052
0.047683019197105665,-1.0997596633677398,1.2917069611544425,0.3783466742240189,-1.6783586592523203,0.26451277955138014,222458.8726
-0.17108120072681207,0.31376257366822907,3.3468717983503757,-0.1555408925426743,-1.6476532301677353,-0.13364636788678466,184064.8596
-2.998620309836604,0.2782763384427946,1.7459552328697312,0.8063770842793366,-0.6514086848300251,-0.3518123959460563,109342.557
-0.4832848533892344,-0.2290199681217461,0.8222969150499949,0.7834834816988654,0.0667176116127665,0.019687662451627567,135762.7724
0.8360844236781233,1.312836239784782,-0.0756831554328906,0.2943552016795999,0.21273502900619617,-1.1913585368070978,378016.2366
0.77588327433311,-0.1207910742025731,2.1881509793135963,-1.5912868697837015,-0.3538618403460192,-1.3438469377174913,135637.489
0.47946214623106936,-1.8924006582872979,0.8427946785327955,0.7747648228863536,-1.10800111733415,-0.05349625856112596,260655.36
1.2320228954504442,-1.1526352423874962,-0.11361082575631794,-0.4321244867179408,1.5094684483288887,-1.3685894138121484,326517.4819
0.9208347765924323,1.1555063679754505,-0.23801423078001746,-0.7925610315930093,-0.7332955215557795,-0.06305367502107995,315021.7668
0.48491648648439956,1.1153469487420888,0.7494366867989977,-0.38884824501739196,-1.6121453800166923,-0.06776156468509967,382106.8186
-0.39582083557290093,-1.2194207696557502,1.6856263413710573,0.08754515033698988,-0.06919046772252417,-0.48167366718483007,337437.9892
0.49559631619808464,0.8115846060435392,-0.13333094615003918,-0.2644348270602102,0.47723069169203614,-0.18541138986226294,338867.9445
-3.002240588707419,1.0801400552718388,-0.3906415226629805,0.027668769903171304,-1.1338228675673596,-0.7631879567289085,156375.4648
-0.19122031778848772,-0.006707809568813035,1.3194967984540065,1.1143835497542796,-0.48525592279885793,-1.4042330565080996,212646.0281
2.385703129550224,0.48869735743759396,1.686323995990101,-1.0592304211657093,-0.4507364348666422,2.02757126294841,394191.4072
2.1399294803931563,-0.33408443511240093,1.4589665678109847,0.3780469972481745,-1.669610464577232,1.205670369063547,410418.3467
0.550893004528376,0.028371977709744305,-0.223956078053639,1.326938958647671,0.8477747746264864,-1.5146099511962632,434991.6789
2.3503730871011514,-0.06969441581091916,0.8993030397783658,1.5457404858223038,-1.1700073055185707,-0.21008869817653125,591424.2005
-1.322722537794296,-0.378040412602456,0.23220740977211157,0.3228584371189112,-0.5013059203458233,-1.7931844389173384,138576.4811
1.9502641978917632,0.3452078107736289,-0.0002908948317129926,0.6626884948347203,0.37347909838041937,0.35645516822580386,377699.5036
3.4056856201721373,-0.2571499088097365,-0.7045028473260949,-0.1037412625121184,-0.395162619006746,-0.23982148697569663,486386.3734
1.0683982588105607,0.4065113764613129,-1.4202465547658887,0.020196978909414676,2.681935513926837,-0.57314670502432,498208.2619
-2.2927506148481025,-1.2818516195608776,0.15653398157129322,0.6638520909232754,-0.7283024559466035,-0.1359633493371923,158341.8859
-2.6160067455320877,-1.2190667871469132,0.2314859589359858,-0.41794427222006864,0.2988275334232447,0.4978249307519151,148633.5207
0.6240746556811297,-0.6121995926617458,1.1613966695101692,-0.8986250217070223,-0.09687339663415792,-0.39789306643171046,460878.5145
0.1708436582027779,-0.43489092540338153,0.062186765779884155,0.8385789028219094,0.8234763590969152,0.5181333701298527,455430.4253
-0.809834902250153,0.1881189581805226,0.8563157054771702,0.8312933462533036,-0.010359163854773016,-0.22250829045579962,282404.5476
-1.6413365301995244,1.0258828346353044,0.5340520779650941,-0.9397855226445244,-0.5980033832346946,0.9904976020210492,113167.6128
-0.8074274258784023,-0.15419754555838117,-0.3145884161094946,-1.3102236960860785,-1.9566310773531603,0.9222878683243275,206841.4109
1.8493349313918654,-0.7030892264872767,0.1635935965646546,1.608811628038853,1.2676639806673293,0.006405934619422466,578051.277
1.4907424550680328,-1.3044572903326148,-0.647810252119203,-1.0583661633974415,1.2117102807004299,0.03565073190725982,266078.998
1.158686142729977,0.9227778272581765,0.1174755139374459,0.46466549460312,-0.5654714420496804,-0.9943002584158199,375742.0057
-1.7100817007959546,0.005337407733791251,-1.4139813321404096,1.3920365270184485,0.8208813548503887,-1.0239722514745249,266190.2215
-0.48881796953481543,1.4251334592669187,1.1924617864622997,2.426710310001407,0.3134088700009106,0.26401951090661846,251463.4563
0.40364993204566685,-0.9521372920938834,-0.06608145983216758,-0.48883537837086355,0.16870432195245513,-0.5219523817943269,361506.0277
1.5352461439926512,-1.394011348762815,-1.0775028525180126,-0.5854481054509557,0.8783256949893644,-0.971313534076036,346632.8721
1.802608864213725,1.5513705644983597,-0.8844348085726571,-0.5370478118893341,-0.6877258853355558,-0.06589191075920353,562084.7515
2.7456842636043453,-0.5461754245479968,0.529795817435117,0.5712605381364261,2.100812417713646,1.7417012960706442,645131.9324
-0.6957984035134926,-0.18466612221731724,2.455189163459616,0.7770875654296009,0.06742635205650335,-1.568354711716404,205880.9663
0.07197160331100425,0.23750330423640517,-1.0040765353422294,-0.032508993430490456,-0.5556189404691458,0.04040129126284917,363161.8753
1.7873145401313215,1.7200764023053647,-0.44773920156102404,-0.296564689402162,-0.5715709944686217,-1.330068000180469,359643.3157
0.6061364595648935,-3.2818896090814205,-0.9096211180075806,-0.393480652496662,-0.2993898803968357,-0.3422561892176019,287941.7178
-0.13279079696048368,1.0387847692237584,1.3671829641370126,-0.18198212885875906,0.7130061406030812,0.3472330969929383,109834.0198
-0.5170039316053376,0.3415665196654004,0.7505640799591328,-0.1862908822004617,-0.1147591390402215,-0.43634331380416835,185377.3079
-0.9213506835615097,0.8980519073350477,-0.47708211482686247,0.7148755768009356,-1.5704482053399726,0.35625862839986944,207302.7121
1.7223911444345363,-0.2648976494588024,-0.5070826954884086,-1.4136401574807416,-0.7961795694113489,0.8233123496631541,497093.5765
0.0844461413753722,-1.5187436206656841,0.6312259094859709,0.7587590320933403,-0.06003575995026391,0.10597798364999375,433254.7866
0.7335976480812527,-0.3115528428179784,-1.0558199937720523,0.790300254628536,0.8009837834214278,1.5500615966564115,419409.8298
-2.2712913718266323,0.8571535089139656,-0.8726978386247842,0.5146682033757548,-0.9056964963331637,0.5695669929626094,129334.4378
-0.3044415113089434,-0.03142134859209902,-1.1340832975836266,-0.4107683810871712,-0.6955109734097354,1.338281921337955,109940.888
-0.28001259644636567,-0.3308808866845842,-1.5168171377011095,-2.2157422415828196,1.5081832784560334,-0.9007649538959424,111070.1369
0.9548972751999576,0.05809087885638049,-0.7878133442925505,-0.43961577086493153,-1.4848127173096335,-0.11168560456191043,406264.4939
0.41466788898546714,-2.6814994885881984,-0.9071285778787533,0.009160917210214925,0.1761498843472195,-1.0117193664722657,453280.3186
1.822894867654343,0.46641170161300993,0.1032930715535327,-0.2693374239305041,-1.278264405207358,-0.03565998638522387,484590.9808
-3.727224411024306,-0.4983570541404615,1.8268738435824505,-1.8954953653932969,-0.029341964696469755,-0.15520092977020886,263985.8704
1.9223444910734597,0.15718071087211588,1.0229939665973735,-0.3630603948667353,0.5551031873315267,-1.09148562093756,287378.1335
-1.0736239843013111,1.2835770405023872,0.43293159143736337,-0.4550115478822115,-0.42126569760578775,1.5317388148504487,155245.5635
-1.071372658074944,0.09994306878318826,2.7056044257104834,0.7978092684050921,-0.048187384988654665,2.121680398205724,220214.6421
1.3946580777282183,-1.2956142860386415,0.23978191897155876,-0.012748555800524471,-1.6041110047515492,0.3193931858191143,611797.062
1.1318837124394265,1.2345068327618631,-1.3683629447910393,0.6288810448109445,-0.19083785308885814,-0.17758910799939898,466229.3639
-1.5886121041811736,-2.6444498104261798,-1.4317650758944698,-0.39306927883701964,-1.5186291907517655,1.2126091621954798,200768.8166
1.9697837107050016,1.8556787546327436,-0.6264254119354938,1.7401828392469996,-0.9370578648511587,0.36371950569506345,295492.6005
-0.607200599154509,0.18482309621524015,0.6767812256995529,0.1069872965857077,0.1401262122062762,1.23578818211776,304321.73
0.611829873993405,0.5918570077439506,1.492595186577498,1.641910780014068,0.4749602123632035,-1.1460025247883314,292921.509
-1.2265767970549828,-0.7092126243623742,0.7864580028865344,-1.0306481894092159,-0.10129833553512206,0.1814496924291271,142740.4811
3.7016973766295598,-0.16074264797515,0.1897986672497714,0.11480584989167464,0.21574495953951828,-1.5759179026986774,646526.0787
1.340658718128962,1.928028737356202,-0.887780609057422,-0.27964125137984425,-0.8047404889815456,-0.778963926339767,229002.2247
-1.4357894842525558,-1.756639291060236,-0.7370405334766467,-0.16886948540675514,-0.5729236410772206,0.47987088543227574,193604.4884
1.3492602757242655,0.1973537078107348,1.280673962568062,0.8996186311415176,-1.0105550462326325,0.5276898327982276,436066.8884
-0.48503933223964596,-0.12325972249234868,1.7906980351685493,-0.621697030913152,-0.4799184415349487,0.6169896402017921,145605.9049
0.9273851027391167,0.9358282975989135,-0.15368299131788488,2.633807839138413,1.5094465784116122,-0.5664576569197315,584060.7653
-0.12260202585188645,1.0278520722483606,0.6790512643945577,1.505608572218135,-1.050613891360024,-0.952557760912337,228217.1805
-1.811114360415804,0.7679240396688102,1.316314628870986,-0.41818682206999985,-0.171176320791349,-0.07908472342184594,102550.9162
0.5494034423677366,1.320362807125868,-1.1752488620223667,-0.23455841612534034,0.8164629183117297,-1.208727769330253,382816.8382
-0.29414943199421983,0.5685833780616959,-1.716035970234119,-0.8750889297838282,-0.42746104771190524,0.5656633350230569,360527.6946
1.4341025453503675,0.621566487100588,0.38795837405566475,-1.088567990689886,0.1640579330449357,-1.4008963399007974,376483.678
-0.7387142690072033,-1.4656636464545527,1.8582143807824492,-0.12354170412375345,-0.4563572900506073,0.5646076652884019,173453.0226
0.570725707883427,0.1808903854265566,0.2057912866158284,-0.3204138234869874,0.1438272186123925,-1.619301143925241,254639.4274
1.8657218530333748,-1.9723609937727302,-0.023832941741379208,-1.9227394778589777,-0.09998970759894212,0.1105433370181818,483449.2151
-0.9381171377215715,0.21623022932689093,-1.4371410568839396,0.17806887815651812,-1.201959499802179,0.48244606108216814,192489.5084
0.35283012650759527,0.18603900384474847,-0.3005441422890785,-0.18348899208296404,0.5764041146126807,0.6562496063785045,214842.9478
-0.6545253132938428,-0.44514343178651994,0.501821731678379,-0.6469049324146268,-0.23024227833889954,-0.7886111554112922,216365.0686
-0.8808393895623351,1.0024705006119046,-0.698979862751261,-1.6093449663058244,0.8951208091352892,-0.05022409514557807,175080.1936
-0.33589051229826955,0.9543719965901284,0.6208385419177171,-1.4765132554361218,-0.08860266693471672,0.31528195084105487,188820.579
1.3255932077601111,2.1818860563355895,-0.012931454780478106,-1.7174352132437587,1.821454770664772,-1.353094903134885,227140.276
1.6602740070556803,0.8564279452642746,0.5770298904041048,-0.45396748948328025,0.7455116978859397,-0.43530816571983844,409719.3827
1.5080156774366718,0.5255037302841572,-0.055226364729986294,1.275111702104895,-1.391351416757489,0.3553312326356513,306771.0113
0.9687886871125376,1.593144283038707,-0.6786819178725942,-1.6720522883551063,-0.48545903909835314,-0.7227250406187544,304817.7262
-0.4018486790142518,2.034695792920038,0.426151032820117,1.6150663302114538,-0.8061457631196178,1.4363990510742555,277979.9734
1.0150082524400952,2.176415920758627,0.4204054326903184,-1.6087504500463805,-0.16588681535358563,0.8735517093529993,140708.0612
0.2942665606001121,0.2932165875283404,0.15702685110408324,-0.8174418260834247,-0.6256829739310555,1.2086376393821068,388066.3842
-2.907056253020683,0.2941102882766422,-2.3093868432494946,-0.4183638641197768,0.3892222489574912,-0.1559883502419942,150396.4581
-0.6046370731854613,-0.36438771726071517,2.4042368772652,0.43360784124757595,-1.3137440633295154,0.5087455242180929,337620.1849
-1.1510949888304922,0.16773352113010692,0.5983096198605238,-1.301090008043268,-0.46731477983344616,-0.47538390667278474,192523.1451
-2.7699584543298115,1.1261327905977208,-2.2439354417292545,-0.2936088485173247,-0.7086099413259378,1.2535457340514489,165582.9574
0.6328676990332789,2.412056898347769,0.11852850303431955,0.39190168143357584,-1.526080096422759,-0.6964070507920825,218624.3683
-3.3167621682999946,-1.4937428347001378,0.19737700407429812,0.8125152642243564,-0.617574627462771,0.6145354868590254,208333.7138
-2.1254866920300723,-0.0625992499628028,-0.019074293571542857,-1.3498489451471256,2.158227675377014,0.06955516525149827,197878.8468
1.0086833171336655,-1.3829145535082443,0.19325741973935048,1.0340020802869363,1.06474295163158,0.48414189258148843,465740.0164
2.2084829841836178,1.7103984087463524,0.8413268025391958,0.9055443153397692,-0.1899330521263737,0.5214509000661312,298803.5502
1.1971238654285556,0.4752421923679694,-0.2846119106754696,-0.10281364130323202,1.643907391226274,-0.36408095009992586,158526.3876
-1.5175542451801918,-0.6596342215073132,0.6873400969800597,0.2450586609825965,-0.008916890862031093,-1.7829065751168272,204136.2372
-0.7818549226135305,0.02476482879458217,-0.9096618475998417,-1.3344169065067766,0.3382605727639737,-1.4334657148478063,95470.82672
-3.608368028707613,0.2778991881566591,-1.7090121122985091,1.1255416267147826,-1.7011640866435114,-0.6606772145197259,105223.5852
-2.661864212637561,-1.151992205851884,0.0712137029403574,0.13383959898661643,0.9296745400236529,-1.527970547138748,177609.5261
1.5545061357871208,1.9164807350236999,1.216306684129249,0.05395464522396463,1.7555119963850603,0.006312913086030357,284982.2862
0.17025847630968174,-1.1862727916315088,0.05438668577068629,-0.7573855561549658,-0.23313028190026125,-0.17086370949548021,194056.4015
0.6509387649973224,1.8778531542522485,-0.6491434433143899,-0.5258883546067532,1.273550235066502,0.250109983470982,352173.3385
0.5354623309459933,1.014293739796725,-1.4507829568216926,-1.7560159777824327,0.9318560720408737,0.507583826673355,188994.8131
3.388083730794873,0.2706431367896644,0.49342163456115135,-1.290084140511625,1.0017029636340904,0.22725516642709767,458131.6722
0.8485636482357339,0.6125195064160943,-0.34946018294395764,-0.5725183076423176,0.7179488878486959,0.7892495560335597,234171.1958
-2.1380448387652415,-0.8420329527735753,0.5393241243466744,0.19930104500111206,1.4472532753655734,2.5230414219053734,144709.6254
-1.1434093921861161,-1.7833476549344243,0.18409997991497948,-0.4607603673585048,1.0632343853703339,-0.38449180849415054,297282.1405
0.7710966746978662,-1.2612090879658735,-1.9044831845800154,0.7705484224211867,0.6895426796657286,-1.7443105369094525,268485.508
0.6027806670579399,1.4319539274745339,0.8740320370502959,0.04859162414958376,-1.6704584389025476,-0.3894476531926651,405519.9775
0.9742711443410698,1.143253068659951,0.21053518096384694,-0.9393731513998932,-0.513857958429018,0.8182019111944375,284755.1279
-0.4961943488609147,1.137632640897518,2.4106231137942924,-0.3075986652820722,2.0468382929060795,-2.3502108243325006,134294.5711
2.571458877337275,0.8947600044110658,0.8005238547427747,-0.3209738401962397,-1.1372399948248528,-0.3177882259389484,475486.5339
1.0293717853422195,-0.672511571764931,-0.8478174823809066,0.6856126548010408,1.4474382483722867,2.0315019784085786,245587.7622
-1.2589075447174538,0.3951406823877815,1.2014857519760265,-0.5676061934697803,-0.13817249927123865,0.04203006987499837,130244.3485
-2.4762380761227436,-1.0353336999695415,2.771857261784849,1.1073387249560886,0.8080074712864247,-0.31464896755348243,114655.3387
0.36727606039323996,-0.146946098604704,-0.46705217907362495,-0.2694245164983669,-0.235431568907567,-0.7991667252133836,268895.1762
-0.6436967220966553,0.8320663456886792,-1.0256537123699887,-0.39747408974471093,-1.4628022495688635,1.453206151008421,225509.6491
0.21396048581023783,0.5897490541610345,1.2969686558012008,0.6744389389080696,0.3491067940235876,0.020073559894589702,210617.1296
2.692521124609175,1.1083456832493201,0.13410952752775734,0.29768965708863787,0.46550758105348733,-1.3564216690676743,347152.0922
-1.1987608964563565,-0.20084136699442337,-0.6751194568597769,-1.8022675716393388,-0.5409222516406345,0.5849825650065998,380750.5958
1.9824912649611812,1.1402662839981257,1.170591912820909,-1.4432291518548392,-1.9615075058994864,-0.05827362692480925,288465.6413
-2.410914742132562,0.2829186550340508,-1.3404908866647227,1.2584786414085847,-0.25396582522530303,2.4607351135188518,164691.2713
-3.248641206843892,0.49962998021527405,-0.21060730318460155,0.6796315005080596,-0.2071933320515854,-0.22057732883536185,252533.7874
1.0133423842823015,-0.4866714794042073,0.6943088179311634,1.0221254507647926,-0.5770223725871696,-0.3215851601161825,429661.366
1.5272336162396059,0.20695899891674566,-0.042620893846633964,-0.29639928177512115,-0.5249879068592483,0.23142890027691498,434904.4448
-3.0136935388492905,-0.9659032418809677,-0.1691163578026506,0.5858236300947961,-0.3313965006117908,0.00726896350290738,180908.3476
-0.36305003378394,-0.5628908578960948,-0.7997960583228372,-0.627399496708545,1.0596933327096651,2.4853380738723354,354541.3626
1.4981073776700764,-1.3450807546609918,0.6381232264490273,-1.4268367476506965,0.87942853978154,-0.30317448433975247,346701.7911
-0.17341744093995645,-1.2720377008678023,-1.2185958003366884,-0.1084437077503827,-0.40166461751228666,-0.04003086068108826,244824.7969
1.5769306295506529,0.2958608019820469,-0.1000005613554779,-0.07756905611609714,0.5577578361063317,-0.3221975428122038,388144.7625
-0.7294950829114594,-1.15007174315335,0.5465873215961088,0.4003705965093593,0.41015593108570647,-0.6899418814380541,214425.1465
-0.12266295359036591,1.94744859849776,1.2205211135498681,-0.6103622787144688,1.7284698773492275,1.2126082420694921,286409.3475
-0.16864295813259614,0.22797010540323065,-0.039700076546450684,-0.4930355752096974,0.9163206475557789,-1.63887038043166,225548.965
1.9828069491884,0.5705741657604593,-0.8074462666031738,0.2237486444363896,0.35904247734811257,-1.1474558968120394,276838.4577
-0.6692904453994174,-0.15026658052118422,2.803446472773771,0.42735672221614257,-0.09558758853065431,-0.9972342465420763,138516.6529
2.0911594783433407,-2.374821945897857,-0.47729894208935664,0.4926725865793727,1.7827564851420612,3.8062004137710903,428253.0977
2.2398332777189247,-0.719333255610378,-0.5209300476613467,-0.4969958798625042,-0.5851999673363262,0.764619672344933,507185.9231
-1.4208482717632263,0.19936167866933702,-0.23790931033317075,0.8840838755582635,1.6800089211241251,-0.3131941366454318,166591.1252
-2.427366651997369,1.0540650002150622,0.07416269090061811,-0.24717856604581617,-1.0835072312983707,0.751108319391783,204657.2539
-0.6770524850360602,0.1514719763316448,-0.05065841417587981,-0.8375133689387715,-0.22745552940398583,0.06753655754957846,151676.3925
-3.209053319353369,-2.0980785742356547,1.0735940113787208,0.9221651611773883,-1.2317747975959203,1.1179299417266033,304359.6145
-4.14106044642573,-0.9904408598197502,2.5574552406725735,3.390856323160082,-0.07108949547207845,-1.4052336208011416,177858.1949
0.8942771902401281,0.1978623760362611,0.6135018962272633,-0.5174768880337337,-0.3191900473167995,-1.2484938506656633,384034.3736
-1.1786463550342998,-0.7773560730415298,-0.509128133378616,1.6189309208615787,-0.297916434384708,-0.6135480092566815,267840.791
-0.11457079448971867,-0.1668926587761845,2.8357764438286823,-0.1458074053078047,0.8471735010968977,1.9795147490128278,372007.9195
0.7627157040227819,1.5431399947712476,2.2671998121551455,0.9657386300866336,-1.3172525268094222,0.3798624107033795,374368.3765
1.932973271070717,1.5035495580180345,-0.7365995155936697,0.27091329073482806,-1.2698917597506267,1.14430185118867,521028.8945
-2.150669492950911,-1.0415448912886702,-3.236063088266427e-05,-1.1664361810007349,0.6838316315333373,-1.4802250597863846,262977.1506
0.5685765782846599,-1.3308413606363454,-0.17457158805883632,0.03578259397840538,-0.23570783198103118,-0.17911200589938006,339150.2321
0.7288366128454024,-1.5249974449265753,0.4265175222198107,-0.3408264319581419,-1.2518843225410543,1.1780835219803214,389062.31
0.43117794551860145,-1.5897501396485456,-0.5109373769683153,-0.8671770438269385,0.5381780020196436,0.704204707186478,342204.0772
-2.0209023302028397,-0.16211776363421634,-1.3686089906759846,-1.2132940734588873,1.4842796717636648,1.1005857981017266,209318.0774
-1.0177672181636388,0.3570117942303796,0.14818852789484477,0.9417797658009367,0.13587433574696778,0.3882432784874855,316473.2471
0.15617470350650545,-0.5255510773017645,0.43299883307381365,-0.3669149225039562,0.2124195709803684,-0.28916628261225025,301973.537
-3.8227183823182362,-0.5073593274324905,1.036784952411239,1.2081854370715686,0.45931323112128347,-0.8889633513651721,113282.0931
-0.8711239602864894,-0.3964614583801914,-1.255106191709754,-1.4043962354676922,0.28232689429475116,-0.33483133390222597,319491.2253
0.5582528661469145,0.3322216849208531,-0.7313824796766007,-1.7736940031349129,1.7700909790916837,-0.30431604511401394,317614.7678
0.15553811051318542,-0.2483873837369724,0.3174581978478718,-1.5107582678419986,-0.23649991569890527,-1.9565787171503568,196840.4434
1.7376018122149972,-2.2047003991112395,-0.32482530585674674,1.6742260370877147,0.7019741349409183,-1.1992370466726232,764946.4291
0.96924336200727,1.0063519798454401,0.008338341024705851,0.3596608600592354,-1.027586251442775,-0.1273343144542932,553654.66
-1.729829589403909,1.5450110223471318,-0.08661856379792417,0.26942133448453026,0.3806876961248662,-1.1376068141533486,173719.3748
3.8912937121266276,1.1896434864194139,0.17978302385498293,0.15273959569929585,1.044298762147838,-0.935305371035191,597585.9219
-2.6255097312150464,1.3096524873823006,0.5804786771436288,-0.9537192378982335,-0.053864760589404315,0.07731683777230029,113180.9897
-1.5783417550497285,0.028524332496528346,1.4582550412902395,-0.14930544119346925,0.6962452737012341,2.842785300348995,106525.0623
2.7954663716604435,0.5579886409239072,-0.04123688247838418,0.9266503233304276,-0.9474419921550453,1.5849935635379366,564217.122
-1.425698520731294,0.19958113285313667,-1.1788410581534088,3.6311229970994927,1.6517279707333838,-1.0681081275248234,336701.9686
1.2908517050343533,-0.848759693391153,-0.5025682710587501,-0.2665830915564182,-0.2837279939192957,0.025813050226730288,501365.3676
3.448173734778466,-0.13917881091296608,-0.9702717780264127,0.001668435915884376,-0.8738654661959532,0.055809579613456485,388050.4923
-3.2926219996747035,-0.1766503946362798,-1.4772457584046073,-1.3938572639239972,-0.4725202388983796,-0.13785314120129283,204151.4319
-0.29786141257953386,0.7042629460527272,-0.11695495320338554,-0.651261432245808,0.09663815270395812,0.012261350589020172,362007.6996
-1.8694548466297611,0.9509573173703059,-0.4700966717798895,2.0824446167028303,1.3387414074523416,-0.16786937584398828,200617.6149
0.2624364036813745,-0.4692629509031403,-0.6582238622444692,0.2299985208156935,-0.7662646638262692,-0.5910817223538971,278794.3901
-0.15705864770920372,0.0035841669020318812,-0.0664817706915393,1.464997102135696,2.172815279368468,0.526503593945545,486556.1798
-0.9922158798686057,0.38771615482025257,-0.29747329332345746,-0.8213959695042057,-0.6971433721419047,0.04170977331067747,174720.5016
-1.4251512263593662,1.981543297199517,0.5585306908110257,0.3540533364550354,-0.3171311528056856,-1.0824513417813506,100792.618
0.40104740338733114,0.44492784227557935,1.0574569416067656,-1.544569671614167,0.0940167863978383,-0.21628695857818894,195620.7025
3.18810298363296,-1.4409411230172688,-0.08207322357951036,2.280520922801141,0.5088004890837716,0.5725734080317146,790443.2183
0.4710631908129304,0.5951423282021833,1.9364321960754034,0.8261100959609348,-0.8920853084874857,0.10420534814665229,326809.4335
0.09768970588083922,-0.8754019654172819,0.301391270422935,0.08459081435131703,0.3621268389404339,1.2588790845544096,206891.4973
2.7689874027358874,1.4112787352166456,0.5174149815610898,-0.37909547012362815,-1.6707870359815806,0.4573889971668975,375267.7952
-0.16024720055172664,-0.3772280424197719,0.4511708480561499,0.5740191594069178,-1.234855504762276,-0.72693513630028,261564.5218
-0.09988471788880643,0.5146950109793436,1.294337707517872,0.057073314336951106,-1.0337771398300242,-0.1949075336566667,393785.1708
1.7308500045523691,-0.23884327973535238,-0.23439576370188012,-0.2094916478274941,-2.2016397941535515,0.5356180729029806,479621.8666
4.031107908560842,-1.8503690361455765,-0.28810607799792565,-0.1908288855414027,1.1354559047520811,0.047276302135767286,678290.7408
-1.3069838732891963,0.7966068596562996,-0.3570654635237933,1.985164365656496,-0.34064304311889115,0.3817366121116827,240714.5768
-2.7372731642366412,-1.1809137692045037,0.360023151937089,-0.5815623066782043,-0.11018788442622367,0.29385706514629717,149978.7022
2.959308661493792,-0.9838382072172559,0.29333287863713664,0.38017463135914425,-0.37098624316903306,-0.3802178875832447,311578.357
2.465024292316161,0.39807465655612684,0.057998191947917464,2.3494967058305742,0.10853953299183271,0.30804260854348214,606503.4716
-0.6245041540563854,-1.4284723911292962,-0.037134429048426947,-0.9566397400692181,0.3045670549644545,-0.45880235399948466,320987.044
-2.8515281965422834,-0.564378392291077,-0.4119057351756002,-0.05091435115358897,1.1035017550235204,0.044591997029655335,133722.6083
-3.6504570162443706,-2.0751971141888355,-0.49512090110327583,0.8847387873861955,0.5625639197867186,0.8357072513509374,107491.6315
1.4486299529454694,-1.180604539444215,-0.23640068886671656,-0.8543908856869106,0.6446781922371806,-0.9179921613189966,233132.906
-2.8565990806904837,-0.6544949422104729,-0.07017392308493285,0.5816142564284276,-0.6654090952348154,-0.6037240335014477,167051.6335
-3.226637078784689,1.1432719251933607,-2.064953470222307,-0.24481529525762566,0.06296573345273986,-0.2598876508465916,124550.5489
2.156028097145499,-0.4689715100269523,-0.6683001375445514,-1.1183431476904837,-0.5107395326701668,-0.9664367124899486,604141.8781
1.483228911412542,-1.4315174579807177,-0.5325036704588226,-0.5426517079623925,1.3356827318010271,1.3625643507309355,508161.7436
-2.257778232550695,0.6200661880525097,1.5816198873214937,1.1231653020218473,-0.7743306925803936,0.04197151689510662,105428.4652
0.14084456416776256,-3.841540489694315,0.21938243535290108,0.4635328754846853,-0.6097503940498465,-0.0917335988364835,441196.76
-4.894887218330429,-0.5062654410425663,0.055917548533828396,-0.6819690223481644,-0.030829556392097265,0.3637406450143362,314277.9998
0.554623159666201,0.34025010049767296,2.058385598918655,1.6804056323507384,0.2562478594162142,0.13678544960662675,382139.7344
1.1354730652518772,0.620368798088845,-0.8151423895180061,-0.11453281553120277,0.25862696975764876,-0.10108167858775176,363575.0038
-2.89856352563939,-0.1445914852653616,-1.1377328368585686,-0.12142867914002867,0.8375071277064152,0.016395220733819462,119043.1142
-0.16893244081144762,1.4871135589745463,-0.8118355632047105,-0.7555718725464527,-0.3818512736817729,-0.8690929027332396,307138.8735
0.43488102882070184,-0.49894451793389977,-1.1264082757211793,0.9112761773677243,-0.8356019543552624,-0.6427189722840468,424643.659
0.14902613182244526,0.9729286863060618,0.7726837289791801,0.4279888646493335,-0.6522474448072408,-0.04139637866019746,321657.1943
-2.1656293021809816,1.3521629724131299,0.6098660507782465,-0.45419742249174666,0.5367718076919337,-1.0262751284905265,205930.3129
0.72405086652546,-0.1530753006162241,-1.01855684310857,0.5082778277853852,-0.7601467785567839,-0.3737348236970695,358070.9608
1.029797660696269,0.5254094669324899,1.3180457445210343,-1.527499398768173,0.8962398001195628,0.5513398119948043,384970.3986
1.5927080020856128,-0.6627118857850379,0.6593107545893941,-0.3802405728026963,-1.1060933331295495,0.036503778287619214,498424.3949
-1.223962563147368,2.328248244426816,-0.12009228534449337,1.0940819271727185,-0.6893372983497819,0.16508444078137466,176632.1144
0.2622372354771156,-0.2603597149237236,-2.1333878724928668,-0.865233980509046,1.2975760836314745,-0.5872064160944429,550696.1107
-2.58460799047375,0.5771693886336151,-0.9485143108796271,-2.6046506800680627,0.26106236453753373,-0.8903167844311647,138482.0027
-2.9958486060199165,0.4720821330759177,-0.45007159100568783,-0.17420344879204638,-1.6740056782791821,-1.2215290919882464,323252.7729
0.11227686713676747,-0.2562804580648613,1.5322948426368872,2.2589465740819135,0.6442420022659482,-0.6750502504091875,374997.0191
-2.3059136047092172,0.6242665733167707,0.08042139265480858,2.2233722878823925,-0.39036169188100633,0.010372214529147961,293761.9376
2.7326354193156894,-0.7518909890310796,2.1276306420222775,0.679079759364877,-0.027764733189416038,-0.35961894930807586,366513.0724
1.4679460354097826,-0.2890811930980763,0.3260406941112777,0.5982807203448467,-0.5073545064028787,1.1541219988874358,427688.4335
0.4549645928109557,-2.976078697375235,-0.01970098088814364,-0.2848300728930532,-0.7263902381138826,0.07360248146815654,262745.4824
0.9139023782315412,0.07037247998075599,-0.27639182686327124,-0.14861160255659195,-0.5879305630411742,-1.335343797074045,467746.1389
-0.7591006094261334,-0.3799141478071405,-0.558511446547827,2.0316465581796073,-0.8130654728672785,-0.4461871124945899,349752.9258
-1.7682923551359802,-0.2970522400289802,0.5767057789374515,-1.0213275886057671,0.766252774552557,0.015116357363088343,171495.9481
-1.441069054622457,1.482634475130384,-0.7432776764916353,1.162357099480543,-0.3373516658849419,0.532533119901679,414343.7851
0.17418127600866443,-0.17957182699627383,-1.118184625759494,-0.8680945157402803,-0.541051567126453,0.7923237183761631,506658.1601
-0.6819418873708453,0.835267170636066,0.32506501527273995,0.15632164561291537,-1.7754566472919349,0.37490074053452493,140569.2476
-1.974891602776244,0.8156941597515375,-0.5564785928424579,-0.06854291207322155,0.7724037625482846,-0.6013427361179827,249773.6916
-1.0888077929138384,-2.0455336714992245,-0.5023668333996792,-2.7791692246230952,2.3980053407444917,-1.2212846593859947,127717.4987
-0.0017409539663416297,-0.7807333881519993,1.213258913008279,-1.5120974032448578,1.4145677468147846,-0.5430622666293137,116627.4035
-1.0003393326902095,1.9421946933348575,-0.16555044095611066,-0.9460806871810232,0.595730259578991,-1.2073187112292512,113695.6907
0.6176975746364199,-1.3072341391735804,-0.7493475893590512,0.06429720319489701,0.7164277003373546,0.7602014559074403,272577.9414
0.27102614721680607,0.243705157844979,-0.9817371752938563,-1.512816832299522,-0.30981702120500054,-0.838400971651946,255152.0647
0.6785773527700985,-0.47662552257422636,0.21890925239478065,-0.69497184865579,-1.1676708975489565,-0.13427671221506013,139107.5279
0.693317060526934,-0.44632048193568097,-0.517106839871317,0.22014723527177155,-0.7413431253707528,-0.14307593789340134,532855.9444
-1.2556939613702038,-1.2879576438780116,0.18672211115001366,-2.0272798330371504,0.34162289106260135,0.8641262940043452,186119.9462
-0.8356459389946775,0.33401550367287486,-0.5997304299406131,-0.7892644789512477,-0.026377821761043124,-0.46178236290926633,161850.87
2.181306120854419,-0.48585908558415336,0.6272661505809242,1.570762562863875,0.09793808711991936,1.1087150712086333,803240.5875
3.748528191926255,-0.6997001285783743,0.6307925423236683,-0.27014937038133774,-0.5007432227700119,0.3934821497746464,893278.6476
0.11956690627827643,0.16023644726546438,-0.7702433724107969,-0.09376279548883737,-0.6702784919673621,0.8038360172029652,220471.3335
-0.9873340511720788,-0.5955877680891548,0.049252183631965867,0.16342162467524968,1.7435422291337352,0.4108290241320161,139812.5241
-2.8495603759568557,0.03934027759950745,0.2701229036742536,0.9334664254043471,0.7386552034868872,0.47986430947733116,215469.7393
0.42072924126205724,0.22581375778692156,1.4283603588363447,0.4961485469073304,0.37430188034522605,0.00949777052014212,204192.7232
0.593973096347058,-0.1853953042767244,-0.4606709684178572,-2.061152302799783,0.07690599815153445,-0.20212340708333598,188010.3433
5.050870827722249,0.5632782892468552,-0.43279230065520313,0.49302602891868447,1.0865767715001196,-1.0798625463617773,933485.5561
-0.7312751855129732,-0.41534367994816046,-0.27311415833715413,-0.38518688414873187,0.1537366521691012,-1.1410902304766541,168127.408
0.3032977267095827,0.3716438589808712,1.0243086388224283,-1.5695233226622156,-0.4092148218047247,-0.4899472422872716,110294.775
-0.7886941368825032,0.3831974108970267,-1.2844356058709383,0.7788250509305624,-0.90138423258731,0.06646207157671222,189339.7203
0.6217004200082761,-0.6497035457239044,1.0937448301741242,0.4368880639575541,-1.3117608641499403,0.06656449669096039,438473.4817
1.8584730765684114,-0.3844112481986714,-0.33139776558058004,0.31423150105402425,-0.323525095344193,-0.3215602871580302,556413.2707
-0.8813834642400056,-0.9116735449588663,0.3519328312441956,1.659487191845767,-0.7962998734277046,0.2629374861079725,191792.6936
-2.176387341683994,0.8590642845121507,-0.10425265068646858,-1.6933613877175755,-0.42898967316208114,-0.054183346272530186,122318.6077
-1.2642298227348947,-1.074172503157728,-0.0032132461071590758,0.7391417957341143,0.5943796873955202,-0.2904956342841133,123582.7738
-2.6460279171992185,-2.3747920045828463,0.05146145512906995,-0.2839054382788329,-1.4734824472533574,-0.6651423722209462,183177.725
-4.260641112901754,-1.441806498264546,-0.5509763049845993,0.3094133729728519,0.36348327649751544,0.30431725413161187,355056.4582
0.16098022732731007,-0.5889060820580466,0.14067314629420413,-2.2820846167652573,3.1687989719914964,0.18230328397962958,233976.9709
1.0719107185875434,0.23419800765139837,-0.08734603360047084,0.08271374868971651,-1.0437828385163574,-0.9066747599992944,321069.5453
0.5475570536765465,2.112574465946019,-1.233428500044016,-0.2683504327904343,0.5527411666776686,-1.5016288986527624,462194.2771
-0.35256607177362737,2.092444547567134,0.3239325353513829,0.8632888181045567,0.7651313409342599,-1.8480851738013266,174489.4337
2.198949283958913,0.6568554986682429,-0.7953838145253673,0.5255260744224473,-0.42383103818767537,-0.3932857513277584,277318.8698
0.6946950487781196,-0.32277769321402844,-1.1361550521489785,1.244523605899723,-0.42461977596607164,-0.7569238334911512,545962.0806
0.3692345084743306,-1.937212211288757,0.515381912579708,0.504675825167134,-0.2329605412811776,0.7070937063774015,484526.5342
-0.45089929785113686,-1.170324888639619,0.8523044004349043,0.31990337386625134,2.551789684487736,1.0908642074573691,320096.7017
1.256470431190697,-1.540227062737899,0.3251308279477346,0.8521397733597281,0.07813406985493114,0.9146877400894884,282289.0209
-1.3120511122087195,-0.6816325936895977,-0.27370605193621317,-1.8035800206328088,0.3615431159261798,-0.8279310669938995,164522.24
-3.216154416993227,0.3368867696697308,0.9261995974773899,-0.7267916538358631,0.14117999958067012,-1.3076185776156024,322811.1839
-1.2063411988820647,0.7999894656787528,-0.08638526058003179,-0.7646728791497744,-2.4124448135871646,1.1257008156786885,176999.8564
-2.125033708678676,-0.04935202408376032,0.8398339797236599,1.48685456939833,-0.39978099196340205,-0.14174896592804045,195394.9212
2.3424138911515877,0.4765030306201645,-1.572405879255457,0.790113373083817,-1.3834353536283799,0.9626531301811783,792692.2739
1.1508546186991702,2.1785316999426114,-0.11083027251446383,-0.6274303551338596,-1.359964758005601,-0.3704137356634522,344358.9229
-1.2768384981501113,-0.6285326769217213,-1.1736942041257623,-0.093917961842035,-0.4997740667219561,-1.339290534545658,386890.8628
-1.7027022278062078,-1.6213285275100735,1.4813201594500913,-0.9905944398339597,1.193811663943998,-0.5344125183057032,118652.161
1.3957226007032628,-0.4765062740608674,0.6892015203544937,1.0105598275828183,-0.5869650785268773,-0.5214282305733576,479213.8492
1.9118091608533185,0.7092793355011088,-0.3416716080381395,1.4117869683017987,-2.409876684914918,0.8913446555054526,288933.766
0.7980164132406414,1.8452518869474728,-0.476945171089287,-0.30763195532757365,0.3166241535167065,-1.1010444292816075,211407.4124
2.311936358330195,0.5526941611822892,0.8685554471822068,1.9393186960187383,1.4200913944004707,-0.5507784864029336,472890.0803
1.388608589802723,1.0769269541547095,0.13699366441859617,0.09531532127138456,0.11653296657256133,-1.0179671103786319,374124.2146
1.8436604363760358,-2.289622499777189,0.2818866987735001,-0.7047740437749792,-0.7502397085326237,0.29024058381806506,336706.1569
0.746093184920752,0.52824327492223,1.5997644628645968,-0.30935883458525537,1.094624992894662,-1.8576741988821974,392663.8886
-0.6712564674597867,-0.18247469503783617,-2.310694867753036,-0.16305563218033442,0.819755496092132,-0.9676082644299979,274752.55
-0.3708505557465653,0.4672796220379465,1.0435241387296814,1.3802085717925645,1.4282736905479085,-0.10516383345673218,221693.1649
-1.425091649379981,-1.0161281238462916,-0.6155590850761178,-0.13417704322320384,1.0932767156239909,-0.5866127235232537,432576.2927
-1.9534435457509642,0.07028828893817271,0.8481915810899695,0.26191022215390697,0.22045859839434195,-0.3179883682381641,139237.1177
2.443450049770058,-0.9176377732387199,0.06945723161900638,1.224650648957731,0.23798171222177403,0.07284594809519364,329601.4479
-1.048193886114552,-2.0777039166382227,-1.6056950228116864,0.7256914552759699,-1.0404479073408561,-0.5628588695327342,199969.075
-1.3369440527943302,-1.046574713988714,-1.0661616914835712,-0.09713467589364218,-1.7049295081353437,-0.722886326414595,172557.2552
3.3327108888127306,-0.36204763444211135,1.3430853386925168,0.8883128409042074,0.4743346078992998,-0.7040789162582458,939276.434
0.7184042662075959,-0.213388501905524,-0.514687244835447,0.6714328170141927,2.0545396223233974,0.04184878909506494,150555.0477
-1.644055557816614,2.062720240910255,-1.6844365676749447,2.301603440218028,3.0657088574162623,4.325369522345737,387699.8519
0.9562026591384639,0.3738486974789282,0.6587437784848761,3.25747847423653,-1.2735965405218996,-1.144268562540858,436042.4919
1.4533312322515148,-0.11760192233431707,-0.5185713215561842,-0.9793798974837551,0.3292081372268161,-0.16736595568307577,354011.8775
1.6127338981241803,1.1491211237122345,1.0464459788470406,1.7907761252842842,-1.1011233333426238,0.2699588273328033,224003.9849
0.2801280495973921,-1.8989568170432118,-1.7681647195541572,0.5839897044324974,0.7847757971163762,0.48874519456806087,308965.5601
1.8097645447299304,-1.174572629437025,0.23611696968188267,0.20811028053686115,1.0140810854025188,4.595099027269325,441105.0733
-1.8410317342330635,-0.6427441871275095,0.8009875491763038,-0.678211367184848,0.6810336695693846,0.12164638831965767,183263.5271
2.039273627857277,-2.0791171016353562,-0.9927269631563677,0.6326764019657164,0.08032067046826455,0.5961478402224922,461870.3293
0.21460944302485901,-1.5075512075396778,0.20241864467492438,-0.6294031266760245,-0.6673802599652653,1.0577078428070583,325140.5748
2.4967547698814543,1.415321048956982,-0.9159755628845109,0.2600011265151695,-1.867615095260123,1.3626910313583596,446114.0807
-0.5502347281560396,0.3599701920729153,1.3411553616950014,0.7650438711914395,-0.3431722314387713,-0.4543729771248452,241602.6037
-0.6111227332667017,-0.2791450923659526,-0.395010132556865,-0.03930116509261841,-1.068252018693868,1.359241384150732,207975.2291
-0.18730326521173288,-0.7859308340997458,-0.3195783292604185,-0.009109910514014868,0.2921420052482633,-0.19285212438563046,271942.7666
2.004150905340662,0.06648657080498932,-0.5840406635508736,0.9462009264157084,0.04850914172721414,-0.82322940477134,321821.2618
0.680516429237169,1.7351750115642277,-0.8067480817364808,-0.3537413589958454,-0.13867711840305322,0.5884454341060248,478728.7203
0.6333713607813103,-0.7279191712362675,-1.5997292167044133,0.4693476145527213,0.1300641298342906,-0.7669511203423841,350380.8319
1.8373615943969441,0.5295761196816187,2.0598675196523635,0.8991054185125458,-0.8563564483713014,-0.9426884550621211,516902.3827
1.1704469813788239,2.148595942350976,0.6436118030808085,0.33810903427842093,0.13408598720392687,-0.765042920178391,305321.266
-3.3048400491397194,-1.5458371799442243,-1.7327620149182819,2.7243133861360107,1.0312688351546881,0.9100019567001906,312887.1419
1.2520306992912889,-1.872855114623341,0.034489670399571105,1.1551473677304125,-0.14642147827931945,0.3808827058777376,283571.5975
-1.2565393112028393,-0.8667233560900071,-1.4761461812882173,0.30355575710642735,-0.7193021690106163,0.13886241799789809,209285.2461
0.06023241940845832,1.8121900671592066,-0.21837287951047707,-1.314587477832576,-1.253341954932936,0.35964485954918,170417.2644
-0.9576402418625236,-0.196317222047795,-0.5693003402861128,-0.28474312885595304,0.4447132013282751,-0.4039824855269442,400707.8397
-0.6426279761072123,-1.5608839392867893,-0.20369307263690728,-1.1205029066391965,1.4158889783928885,-1.015472440820399,307377.3826
-2.152801137906002,1.947481221499356,1.1235083061764628,0.11735876392212069,0.4262262925220377,-1.5505594645456773,123038.9836
1.359857218421939,-0.6029132330805839,0.3486101922934209,1.0603507095282207,-1.107323214180894,-0.4578865538399638,328263.1244
0.16180030375734636,-0.8775137926590066,-1.5252904046550364,0.9839659957685077,-0.8435869053616794,0.07977337372078279,422216.4882
-1.8198536995410701,1.2775911480845208,-1.0938747247410094,-2.1621137815967257,0.12409122099943903,0.7904118904897806,150907.6334
3.3206869722031627,1.3442403916283585,-1.0076891174725098,1.3963579368451071,0.8903506490975956,0.32462778388047636,422578.4358
0.33703474460137245,0.1806268713546405,-1.2028307363181483,0.8667708533924424,0.09565759607940495,-0.1681838839271702,358034.3549
-1.5623794524365935,1.9487788556144878,0.08289344506181229,-0.9328087370444594,1.4980188372777672,0.7762046677269729,225360.6897
-1.716549843382766,-0.15919506197432737,0.785337712315028,-0.02648536432137898,-0.7627655836787309,-0.2384178974458811,132976.4748
0.8752868102958088,-0.1862712397582367,-1.0511451743553033,0.25027171924388636,0.4379719181360755,-0.748560243643939,502261.871
-0.4766084941698089,-1.7182090722246526,-0.16547119963614162,-0.9687933635279689,-0.5170733749022244,0.9596720411264155,230091.0023
-0.6436587015351373,-0.9667403585755318,0.10887110054106394,-1.3942952211977246,0.8711413625322714,0.3704719783631882,236275.3324
-1.3477358487609328,0.6464362421883731,2.7161598555018114,0.43074691893765915,0.5048193958009037,-0.07344957468598871,178729.4383
2.404293431525065,0.6143571372646414,0.23614675652318384,3.020411804401074,-0.6794960997737074,-1.9029853595732766,484487.3022
0.8517436765974954,0.9908109508773053,-1.738728218529958,1.2322239462299531,-1.3144159407452718,0.16524394386566252,283083.6431
2.4469800298058564,1.2387278033509892,-1.6388206277796056,1.3425293675658485,-1.8756908689090055,0.010131631362959036,445151.1716
-1.0530421017561795,-0.18423313158033322,-2.7676268696013424,2.8136203981623167,0.4761738063661562,-0.659666685944722,364840.3267
0.5933147772748832,1.3133264357616745,-0.3150309138547838,-0.3161271287478471,-0.9426403587187946,1.1647867390850692,476500.8692
0.8299223646081046,-1.40878939593142,-1.9861865187982732,0.096937554446251,1.5353244985624943,-0.3816444939081576,373180.0435
-0.01678697302007266,-1.562320041156938,-0.8454083293587702,0.96337192381605,-0.7735396809818154,-0.5589896839322274,338005.573
-3.849472501453516,-1.4081629766330583,0.9964103604386997,1.422129497285175,0.44688069594374585,3.258965649153767,126945.9536
-1.8664627470519344,-0.9605831948472331,1.7910167514862645,1.2544395640178683,0.1345375351266321,0.013786629122871936,225754.0051
-1.2401767733042086,-0.41728405439039323,0.3834177819694403,-0.06952899551535609,-0.7972107268987514,0.353730310003049,127257.9956
-0.4063990436379245,0.10547890466295322,1.283799765936179,1.116466812029324,-1.0118059375729724,-0.3274114372444535,314770.5371
-2.3830432992624515,-0.8320207488112977,0.5816322202112133,-0.7544702989797123,1.2233040447408454,0.13583440083006243,146346.0614
-3.66256393033747,-1.5404572405739352,-0.7346815300418671,1.051373539666217,-0.27099047120537995,-1.2655413199155778,152547.8006
1.061332873221264,0.046099217941697974,-1.3752654550876686,-0.45915769516734856,-0.47453250743524816,-0.5270182930669934,616912.2781
0.4007762139429977,0.2804267803595228,-0.980323844965368,0.21957145338895634,-0.697937442255481,-1.4198399684055552,247938.1754
-1.8808095870829107,-0.30425119795631894,-0.1865477678946622,-1.5758239601313733,0.3298629747552273,1.8912783529035306,149019.5725
-0.688712909562998,-0.38823240559911215,0.8437527540246098,2.0154361994975374,0.032694463437861886,-0.12396173849684243,127225.9931
1.831252957593393,0.8322303823242629,-0.3492440246495839,0.17593444540183426,-1.094107817961578,0.2444350049288004,413490.4371
3.491920469562784,0.300926807448991,-1.288090102120816,3.1196219903185654,0.17781148055256032,0.08446334478541215,694486.5215
0.014923510704537624,0.0036666364475062972,-1.035160261750666,-0.3697559177564894,0.11985398748589081,0.6630096916820859,251297.1141
1.365993233068764,0.13598075911713545,-0.3437467450187737,-0.619330264361347,-0.8415023276168301,0.1121671595271226,626317.161
0.49386865372733885,0.45647740425157823,0.758443347715779,-1.277922280748802,0.18215228492924215,0.34112042786642544,160221.4031
-0.25887926919419996,0.5586178791609765,0.5383598105528875,0.7451359016501634,-0.5820671634327422,-0.10089425782070224,276244.1398
0.07879433775682257,-1.9551127752339084,1.0476875623883057,-0.0950941915335133,-1.0337584970118046,0.04883156353407142,290923.8511
0.06484936654024118,-0.523147994438604,0.0865020066661504,0.09390081392325494,-0.8406499462771394,-1.0713248247559946,332966.1628
0.9897354013896617,0.8023388951395439,-0.18149607905087017,-1.486821697142944,1.07567805192707,-0.6872174109686111,233490.1751
-1.3414389975391148,0.19768481029404703,-0.9882012417942109,-0.527429021641711,0.09617723700682433,-1.3690634045075931,283536.741
1.2809421463759445,-0.5992007746334959,0.8344433102351901,-0.3976877557922021,-0.4732225453122476,1.1201016703948663,552338.3594
-0.13908154417599627,-1.9813454532711023,0.6200152409594156,3.0913699299494244,0.9826878626394195,2.7151737397861435,315298.5475
-3.4724557203155646,1.6816194422607287,0.5402376117265224,0.9127173184010161,-0.9603275488099582,-0.09609411788967905,138710.3964
-1.5183146327120653,-0.047370593537537836,0.08128866618503487,0.14526972748302333,2.907157308432023,-0.3946096758228807,179323.0848
-2.0826965808450795,1.1538802828147974,-0.4089526713168489,-0.7947371521166771,0.5977340936199274,0.8394667190535176,153827.7845
-2.9170917447169864,-2.021327181497564,-0.9954797519522132,0.5154160427599443,-1.8155170670829497,0.5811905626284727,182212.9644
0.8522028518582435,-0.3625972845406663,1.2550731260519123,0.02255628378116187,0.6128812894333685,-1.0499344217268463,302869.711
1.3042076205166853,1.208125966996399,0.8942344609840348,0.0008937768409617228,-0.8679157647358432,-0.4710599158524111,293923.001
-0.9244458564484814,0.1872884846645338,0.1555023223424164,-0.9470114038863475,1.1042792651897793,-0.5633134634308646,105508.9037
0.16071402699944112,2.1281092108053996,0.8014823954058445,0.6350009587778782,0.37243386740414336,1.2167336688422161,394288.3338
-1.4141680119971456,-0.11900722616246025,1.5967880193857096,-1.716293075894799,0.6678239279485074,3.0030359513309555,161052.3668
0.1836843973320242,-0.3305436135758701,0.6227937898795723,0.2388760505782881,0.7320760266458614,-1.2825038088594984,476432.9727
0.9964997573800913,-0.23668687808571304,-0.23115247618204393,0.049299587885975237,0.15218017737647482,-0.6162823791906612,249996.4094
-2.3765416082860304,0.5283966173097229,0.38656403202203427,0.5026604394571297,0.19303859770536955,-0.49913120163439745,224714.8667
0.5199660983691027,1.248417676853179,-0.7574181922868265,0.32942359010729444,-0.3537427012515,-1.8997313723374527,357344.5766
0.23334324385322663,1.316556041481445,1.4210795926867217,-0.07587752921943244,2.0267670237027473,-0.6677480127386207,134893.7547
1.3141416223746252,0.39773870867241534,-2.774879442179048,0.7256461713868304,1.003485949825841,-0.3216763984006675,545669.8696
-0.5319777529177564,-0.2645970237606617,0.3264516273171629,-0.36670587430668683,-0.19887572716964294,-1.0374329996481229,385316.8073
1.9648778312213369,-0.5034632304524577,-0.7667892754690505,-0.36649520278322484,0.35609705683476056,-0.27435684899383417,671953.585
-1.4634434239369585,-1.837843055580138,-0.31932676461702464,0.01390360988914272,0.9754747608147205,0.29060722805514183,138517.8481
-3.0542743253564977,0.464734009800499,-0.945777945462255,0.5696120110884361,0.3077367766506299,-0.17139357927613683,142846.5424
-0.2378166390328731,-0.979485472915413,0.49387612887962706,-1.1173722498610936,0.7458521174546843,-0.3883875170478017,353135.7331
1.4547573822506967,0.33148908299892693,1.1530568501306286,-0.3849528353405126,0.458969329369786,-0.08969460583950249,258489.1512
5.58436735414669,-0.289433396407042,-2.032200472291019,1.1206598868860844,0.7815659751116092,-0.45221355189782503,1045707.039
-0.03146316462646109,-0.6513852591706838,0.9289342204983624,-0.8052399819425234,-0.5524454826877773,-1.7437276000818471,144597.4335
-1.335065093085392,-0.45273904746061777,1.1930228850398612,-0.3196773517817962,-0.3500958386845409,-1.0470602865238559,323227.9855
0.8698346221001448,-0.3963294971435564,0.7404329486346647,-0.9041844354454004,-0.6193057681798221,-0.37991286362627796,299791.0386
-1.5784351100724718,-0.20856578292382844,0.8202458195907121,1.3570235475513444,-1.3690120073338925,-1.381354878040089,163072.4876
1.2203068595904987,-2.0729976178238028,-0.6648022337579692,-0.794434461238167,-1.7001887415126984,1.412265554978123,575720.6344
-1.0755415326815407,-2.529760824435019,1.3205345116354703,0.5642845955873614,-0.4166822887267288,-0.5523292359611657,210775.7641
2.0493847698219794,0.1120818232037649,-0.19455350087537782,-0.28497167180669003,0.4480103028344959,-0.19242906017551223,351914.018
0.11458569917870344,-0.8530511136814483,-0.9976967586540364,-0.6222543894060165,2.131017128756635,1.8134465066585594,295165.8876
-3.6637551100143435,-1.3449542978934632,-1.8147057171033054,1.4187407650294357,-0.7411922962206371,0.2709634390597323,102952.0441
2.9248061213577046,-0.6398431393314117,0.33746412676979276,-1.1597913687718813,1.1953572932657772,-1.5266681078909912,380952.6277
0.7591076337244074,1.8808576489505295,0.01087196907364342,0.19959211087178494,1.0405600307828544,-0.020495678060028492,220430.4193
0.1748265458986561,-0.33277244181560156,1.6347650012786035,1.0352637066410928,-1.1942018404179908,0.22263067367328546,314192.9593
0.049443033483456134,0.26121015914368123,-0.6607791137180224,-0.8602828692462069,0.6757892863704988,-0.6164213681083847,129930.7731
0.36670798846398656,0.016457554921019215,-0.10450467409930791,-0.08407911965126368,-0.8289968784339905,0.3400949939125857,470665.0211
-5.68033817578049,0.846387388990017,-0.5790224077995989,1.2350639952761213,-0.16930299983955466,-1.4625174534910474,344229.169
1.5838964950892094,0.49143929137051506,0.9195563457282929,-0.7249408190944413,-0.8370078735158755,-0.6212457928526888,369719.7828
-0.4090689517562023,-0.022755798053974343,0.7984398435308517,1.064635988135535,0.48193445638429366,-0.5521626424298489,323996.8858
0.34048823780965076,0.5371639693922411,-0.9583187837150228,0.3899633776463284,-1.2306844610278755,1.6197700303316929,450776.8544
3.092270852101956,1.4248996436033623,0.6493898275940981,0.03523055805607843,-2.290193648498855,0.19581352018717782,315108.9475
-1.2623020052009326,0.38209179767068663,1.0366491084914704,-0.2633868874926369,0.24156368888048602,-1.187777376339482,214544.3699
2.420619546089753,-1.1571146193048933,1.1712233112197976,-0.02160223697656165,-0.4634970565644042,0.35819197224887755,328123.2611
0.6156854481253474,-1.970543933249137,1.069547866509729,-1.5381563081153538,0.49989174380454354,1.2439263969189336,398962.6882
2.875136696148299,1.563861474778819,-1.0717486350215242,0.878096966358326,0.1476322789425462,-0.0259318003706086,557414.8766
-2.3952304285726056,-1.1636200620840365,-0.7380862384082955,-1.6416817447560872,0.699107985242803,-0.8337842806457908,108553.5522
-2.2653347665102035,3.036664425163678,0.6535660294740869,0.03021688556430629,1.6602317467249632,-0.6285151727265517,123788.0536
-0.7978613039211969,2.949848180849976,-1.970938438459822,0.6006447886786094,0.30537873305502405,-0.6446343555429203,166949.991
1.2098819512083852,-1.1977337035588043,-1.0856916940985755,0.06361825211330663,-0.5706106577824449,-1.4939651426160647,767631.1509
2.795018986654782,-0.9711643649503787,-0.4826178761929297,-0.24779680958558825,-1.1961518799464546,1.1753937794353895,771435.436
-1.842094882506549,1.1188493349735276,-0.38753644589196495,0.4195053973724448,0.31419387105167823,0.20649275027826502,234312.0381
0.5566504941095086,-1.4357560006034442,0.19938362343677465,0.005908531314546194,0.6771162057098368,0.18376087228170512,260609.8094
1.236643286574165,-1.7586616015085819,-1.473906285163605,-0.007755002415008074,-0.6197326514388257,-1.184355444569117,819202.2259
0.10297350820829645,-0.5117974964847491,1.1720955139616054,-0.21250637825104102,1.0870854618344867,-2.461183083855392,218158.7308
1.4489895139408697,0.6075516453335369,0.2773188170035348,0.597144097239308,0.14053265747416568,1.849048577661181,415189.7194
-1.2184652284524782,0.8350904172326256,1.281109601662536,0.2088009465518684,0.061117648231366714,-1.4872123871372598,158717.4633
-1.3039273839229244,0.4603195616005977,-1.2397823737057663,-0.6044201437780535,-0.7269153812335589,0.42681376896763745,115969.8443
1.551262522130138,1.0753161070693535,1.3516403849519187,0.8823501937368601,-1.4142938831356868,0.7165658899754812,305326.2732
1.4376970024291056,-1.1626675398125954,0.5264840838782278,0.15073905598439546,-1.8771692619051483,-0.0113330550823102,386431.0385
-1.2643795323807108,0.46623695281473243,-0.5295506907401601,0.21185030830438217,-0.05504299662243746,0.0009317665035734697,296393.2571
-0.05511823230879586,-0.5342182130113715,-1.7808919565037433,0.4635778586514555,0.8472047344495554,-1.7763011871805932,283615.4031
1.228583763546719,-1.9010750726244798,-0.9591389284202724,-0.039084277619159974,2.1693483852113853,-1.029181023315927,615051.4825
0.33304203776104846,-0.98241968018052,1.3536286376498992,1.1003421192281597,-1.360308530318983,-0.09734080184674178,261685.8617
-1.1021209490244406,2.0853546087279002,0.06754260971109394,-0.39100081002940956,-0.8304567097728159,-0.9816067676906001,227843.7879
-0.4281555220170429,-0.4749617262507741,1.4628375956891588,-0.4392280640254697,-0.3801539796142372,-1.530346322249588,167488.2899
1.0847065698939853,1.5056557809550783,0.6549630840936336,-1.5315644253063352,-2.6366687301133123,-0.3937322541996802,332048.7969
0.7461148909403892,-1.7947375212034349,-0.6469502428391577,0.5609870032950786,-0.675529834109209,-0.8705988986657079,364516.1464
1.2524736659733215,1.2726385415539543,1.6088480335139277,-0.6996230103451149,0.2488336092026942,0.5312900699395237,273089.5777
0.6351598006766344,-0.6575430199390797,1.0928637019784548,-1.7452978065986933,-1.016837597349614,0.4495406260001611,148261.471
-4.147827416955069,0.43603236260921485,-2.234463331542666,-1.0477384404216619,-0.13044366693338694,0.7747738605104956,373177.5445
1.3263327955405526,-2.6614490504505217,0.01718728897399622,0.7851504858401751,0.10441278297310251,0.9380105849641366,511642.3973
0.07121706309649871,0.8420394860008721,-0.8415455882432591,-0.08657763065759705,0.2217569231884725,0.2874662200729868,225821.6334
0.5380996101079265,-1.2522929917206491,-2.7240820055596675,-0.01481807684973217,0.03573586433235555,0.15619126992496943,465002.1668
-1.1369038408083891,-2.0225732973844557,-1.072552535924653,2.0317099313199827,0.27265602707217473,0.8530343551422366,407863.0369
0.17835165293060937,-0.677662709726939,-0.7830568825370475,-0.7788656600642083,1.0971564930163993,0.6500433024400387,224104.3
-2.164153228959344,0.8036254668570166,-1.6856733543919764,-1.0464525316010294,1.120123093547638,-2.187845979242846,164510.3087
2.5363084963328206,1.0350510422478476,0.725438590826869,0.2728570141118238,0.49333976281459835,1.0496287838578702,421138.8424
-0.9289038649751934,0.3811217901357369,1.7649744572994948,-0.1836704273901523,0.6978852471489302,-1.3308730771849504,129802.1433
-0.10344008626431726,-0.44980942375349603,0.7785507937736741,0.8032661155766067,1.6381391814883481,0.3600673263671382,429324.1729
1.6881636746984006,1.0672786531332903,-0.08857022580229343,-1.5581279682344156,2.0279754359545445,1.950263709037974,282579.157
0.46988228772449536,0.14064683743954332,1.70087841803603,-0.7244601056643167,0.3007663184685675,-0.5817400802597888,364752.9646
2.0273120078539404,-1.1025645184240889,-0.031129919730088662,0.8377982179409571,1.4060203358990704,-1.3527601361208104,457562.5261
0.40074343800655166,-0.2641784988682936,0.143955045369463,-1.3657679446580857,1.2679263020094802,0.32768089690926844,146875.153
0.7723091985900554,-0.7610670691380649,1.0432832789447863,-0.6004462010557036,-1.913463035343434,1.6542014882481502,377781.3912
0.23436856080850316,0.4803371794974357,0.1576199428281984,1.2641276937195707,-1.883005402677864,-0.21054346549593422,393907.9357
2.8314715843350813,1.1192181469170959,1.7728366763137986,0.3400182922492906,-0.44815664076256995,0.3291215218163644,252802.4056
-1.3354820949094879,-0.6533676584752264,0.47539315553257117,0.39734697959107645,0.37495696915249466,1.1030351230363715,112541.3418
-0.4093427257180355,0.7841011173726175,0.5855625566271907,1.950789387437732,1.8940831941003329,0.3888527841389062,219950.3383
-3.355625614735004,-1.9544939413282818,-0.5649139118047005,0.8665746391884455,0.11631829898029285,-0.5360839082319674,184006.5948
0.8435860009682868,-0.2571771667959827,-0.8376877093631832,-0.5220220195677729,0.7772653545763794,-0.9242432657385794,369834.2411
-1.7713823200291716,1.6080879385248972,0.9150458298807059,-1.938346929497017,-0.12348478716391662,0.6640731130996796,104392.3698
-0.6390160105591249,-0.4158445315808605,0.7441078028610368,0.34609474971169574,0.47279799679511925,0.02412440361682597,276095.139
0.5312677805450823,1.1311323146495649,-1.0451659437693195,-0.1887267287512451,0.834806158864679,-0.8088018458563544,228139.8188
-1.214747142274892,-0.9024947640478037,1.78697235322976,-0.7201223864909053,0.1983848775058652,-0.6798221279277025,323535.7209
-2.633212650286774,-1.3290246615797614,1.0103571107046718,1.3421588081316507,0.7489012537697812,-0.15370973750199252,105444.823
2.5370855700562327,-1.2432931331233406,0.2440564593812416,-0.9500610875460127,0.4239961824285193,-0.32087590328077553,420325.6531
-0.8342343328215628,1.7922665113729808,1.3274646632278415,0.10724395447528964,0.004621835649703023,-0.7972800571950777,167211.8767
-0.7446303798173948,-0.06371407270365198,-1.4230346168951016,0.30932679303480265,0.4848052960057745,-0.2203302890214913,134865.951
-2.6601050105095054,0.9144082235749555,-0.11865487940724223,0.3430312453992919,-0.048369810468740025,-0.8210159550922296,103851.1588
1.4458328758062973,-1.041564130126528,-1.7653611116171808,-0.03054106952177732,-0.7438339209251543,0.3339432606570315,606667.6084
2.747313635420474,-1.3350089395083666,-0.9184482672450469,1.2443363506241913,0.11130821948414425,-0.8166041643173384,668770.8501
-1.4176304127656618,0.27887075152192614,-1.2390820901219333,0.37010305840945323,1.428528669012129,-0.14122116333916918,129552.4041
-0.23748013826946085,0.13044794124423198,0.4053227092524558,0.058075139645073603,0.12300425679121672,-0.9517423187673691,189599.5983
0.2636642054021653,-1.9447795085362907,0.18079379763551992,-0.30944979315450927,2.3914375275498445,0.9435795298840093,210757.905
-0.6705062130991534,0.9522672613334637,0.7358568022932135,1.0634532432961505,1.489842668570265,-0.3470406600840612,166006.2892
-0.6221914507796877,-0.4480955121613695,0.1085861631052261,-1.5228172253319532,-0.07895542309458296,-0.37776800511953024,225922.8165
-0.951927834099579,-0.18915769807093888,0.22513315469415346,0.24606842111561938,1.3963931348324636,-0.542941513817155,264253.4463
-0.5807457614262502,-0.8070395110717856,1.0689943891725175,-1.1732044328575775,-0.9304780455715853,-0.37003802639138095,162277.0033
-1.0359164239688143,1.3539978290574541,1.3865021414850554,0.35851585435162314,-0.7869780505668167,-1.0094349113927936,164222.1711
0.8127247001448797,-0.776162553140755,0.07953679828616672,0.36398171746073205,-0.9739761298933635,1.9408797469843746,221526.5807
-0.02042089665492792,-0.30467143702335653,0.3349209041476695,-0.8370882048479864,-0.508235688519498,0.3736665513525021,306098.3293
-0.4825717085879906,1.378565192592907,-0.39681988589779527,1.0985098519197185,-1.2613618273585672,-0.14488295776259869,355201.9424
-2.5343014632652534,-0.4969801567339077,-2.0208190463724267,0.43861723339328323,0.07135058702852652,-1.8703607990927302,100954.0932
0.7814205400331783,-1.9023694914403082,-0.25045026773304446,1.392761497489563,0.4884220933907451,-0.35923272890339375,278577.1969
-1.8787381615618752,-0.7992879179331236,0.0549774167785899,-0.9727815832540886,-1.5563487318753426,0.4255895822788132,144028.1652
0.22661391863377092,-2.4688844019431024,-1.0852609715042223,-0.19601653330695482,-0.155518346296292,-1.1782641616388814,463281.4699
1.2265246312983693,-0.49700076189020964,-1.2066153204521368,0.29138530740621865,1.0590524588957542,-1.1865585394140363,372486.1554
-0.69521198587027,0.728025229042491,-0.05904944435860849,1.012099409996471,1.0286941682303292,-0.7754498453763683,220567.8738
-3.1166416042103506,-1.4710874416047737,-1.2953738234988275,-1.424597128971645,-0.4846991539335331,0.40435813678253485,264959.3866
-2.104597110067217,1.3194327622621467,-0.1264605969514475,-0.7186745083832065,1.400052468463589,-1.455915295756077,107694.0092
-0.5134609777521255,-0.855315327848668,0.5278871529347057,0.5010045382829708,0.808919392089449,-0.11204115390372273,186234.3612
1.7321422481115112,-1.3116160633545972,-0.8460626787328616,0.021255170330535107,1.8698127695635136,0.14827847668399502,531131.86
-0.589749810695663,-0.9282253137828331,0.24346596298749532,-0.8530856289355226,-1.6638453632666108,-1.5044302124870257,185710.7023
0.6960330528252201,0.4392631188828352,1.6530900227738168,0.8722968528323015,-1.1017017826821425,-1.108645224083191,263236.7492
0.624811415362095,0.5019354661353312,0.6995454003713363,-1.590638492883206,0.15029912935497064,-1.0961081506365877,138889.0292
2.2612644480831263,0.8750139616243575,0.878864553931271,-0.7161058733169223,-0.3674616092972138,-0.2396389594605985,271802.8822
-0.2853781263995459,1.879651884791551,-0.4736110431915662,-0.405047249148617,-0.19707068738494843,-0.025192514934039723,117990.6467
-2.986225423521856,-0.5490667318277808,0.6688337228688198,-0.8167031738788089,-0.9174707247558155,-0.43262304693091314,174333.5708
-0.46811236163348213,0.03301904936614521,-1.4095949219380584,-1.22436390826097,0.02388720260583904,0.9560455033927421,202014.9337
-0.7638811234904339,2.9520667333709882,-1.4634856918292218,-0.5925839681432327,-0.12280904395450516,-0.35616635428892235,170246.3256
-1.4037120905016387,-2.6948992613734957,1.132416465736732,-0.12080109021105392,-0.391018697708309,0.22055611190030808,246864.7171
0.2748403625192255,0.05735815701928029,0.8963151527591948,-1.320256513404737,0.672937272597664,-1.1783393919366787,185486.3727
-4.231081886027153,0.14092500963871638,-0.35871242789274843,2.0804931094062176,1.1628608118629242,-0.470492173667841,211645.67
-0.10535127804562161,1.7667781668222127,-0.15185053857230604,0.9379459652027389,-0.33073526874734915,0.319963143291817,323956.1211
-0.8760973491883378,-0.6923093513483978,-0.5464634627004882,0.5820092480401918,1.4501724319074596,2.6573541260030815,372714.9939
0.10962577916899209,0.2765588232487752,1.1862036223623509,-1.2812833575727738,-0.15529820158637947,-0.4365804701168262,312135.2372
-1.3737774930202173,-0.8658105009719446,-0.24448521963379544,-0.08378334786319742,-0.04445372649534911,-0.7966459382315897,237931.6911
-1.029256851414487,-0.24557690166720197,1.4612161728651358,0.04485317953539523,-1.3104896257198855,-0.3406059404114981,303540.4506
-0.7718484238141005,0.2752450289612642,-1.5953636548898253,0.20056032816035804,-1.016500602411351,-0.9270242918020433,208085.2943
1.4242478823936937,-0.17400649615465386,-0.19110709525933534,2.4778405324137407,-0.839448631750741,-1.0885493942308255,619955.3462
0.3551620588754512,0.42120024507881476,-0.8544884798905407,-0.5240586542653783,2.7103531225602766,-0.4696266743389809,340659.8218
-0.11457360266849119,1.7045757474823993,-0.7222900415186493,-1.601848161620526,0.4484045312648382,0.755534891449938,316375.6638
-0.21504107648865348,-0.4943091857596471,1.4756169915561639,0.11402133908945912,0.34742868928813986,0.2144456015032583,249787.5681
0.8212973182114035,0.6705093950151273,0.3147843767062687,-1.5941032996048905,1.742719872016343,0.43541643645811157,446605.6897
0.7376449415021403,-0.06741433965573539,-0.2689898047003222,2.082062949675889,-1.0838725033533982,-0.04205060531176474,302024.3159
-0.08589477520019136,1.618531646456306,-0.47686537712526295,-0.2664188916269924,-0.17562641410321284,0.6943507809485209,144090.8028
-1.6504132034012393,-0.10979372913606612,0.29086468950475103,0.25235198091142974,2.1556351098291224,0.6573264767429327,214337.2408
2.0389053208186647,1.588963762195175,1.8808952385579378,-0.901501984337522,-0.21564337455148747,0.8436760676173276,276251.1461
-1.232917051558311,-1.4284220321724774,0.27452071139030254,-0.3015697027246243,-0.49647197776569857,-0.1554682186010447,111227.1716
-1.6850150165522189,0.09019717377317323,-0.5284196420209019,-0.32753718333935183,1.4383171977972349,-1.5365902077151683,151921.942
0.26625129621122157,-0.2034658900575602,-0.09283793605252921,0.16631997220446385,-1.135985075062318,0.1424349835492054,234106.633
0.7855963614845279,2.4482519557881925,0.025386015903163965,0.9244280199833232,0.5808589043794932,0.8571311805613694,264591.9065
3.025307124942317,-0.6835228082917331,1.4403728551099984,0.3362083767341531,-0.7066281929347581,-0.5540751843221552,523016.3934
-2.3671218774724054,-1.7308586021871848,0.9203523172605454,1.7201757510276476,1.081423042038267,0.14071869485306354,313547.4323
-0.09561128775867217,-1.0429643281412428,0.5659381167126136,0.7665623189631693,-1.2471928167554838,0.26285651612240435,340434.0506
0.3394879363182852,0.44641395730316147,0.833552532871827,-1.2010907263253767,0.42824104100766713,2.2283843345330587,345571.5265
1.6997250134923272,-0.529512982033343,-1.7676007175853194,-0.6951767366978783,0.22950248429794265,0.04513881677644001,267888.0566
0.6791452794819409,0.8585047249188683,-1.126814335792653,-0.5129466734945864,1.1593756902079524,2.1456650638103114,351705.5407
3.3438911231676287,0.06986153477580269,0.45423945442707886,-0.9495519526251189,-1.0639319313163322,-0.06763470163291517,363769.477
-2.2375506147138626,1.0769252590577378,1.226897180925035,0.060456252439755435,1.530066557777526,-0.625481969850332,147724.0952
-1.8160445061646935,-1.182456356175548,0.7041177745547916,-0.9351530585841351,-0.13422494794985024,-0.3753086484959166,412837.757
2.4480577535103545,1.993376927613187,-0.6620874307122022,-0.046177768517647155,0.7641684169084213,0.5007664395767911,306626.4858
2.7097522354135637,0.4550918646602034,-1.1464273897968411,-0.4359825370507807,-0.38156912865800857,-0.05151338991831519,709042.0325
0.451723597520768,-0.5442313658234182,-0.4598670780076861,0.4913817951703648,-0.8623312721699707,0.08553493147888333,296943.6869
-0.049684736083177757,-1.1502031138783357,0.07772966383492243,-1.2021855357055373,1.7031383874908543,1.511958376362884,218772.4229
